student_id,venue,floor_no,area_name,seat_no,gate_in_time,gate_out_time,in_meal_flag,is_valid,batch_no
202203001,中心图书馆,2,报刊阅览室,12-03,2026-05-01 19:10:00,2026-05-01 21:08:00,0,1,gen_20260922_200_30
202301001,专业资料室,4,二号自习区,14-06,2026-05-01 19:18:00,2026-05-01 21:40:00,0,1,gen_20260922_200_30
202302001,南苑分馆,3,三层开架区,24-10,2026-05-01 19:04:00,2026-05-01 19:56:00,0,1,gen_20260922_200_30
202202001,南苑分馆,2,二号自习区,10-03,2026-05-01 14:30:00,2026-05-01 17:12:00,0,1,gen_20260922_200_30
202102001,中心图书馆,1,报刊阅览室,10-08,2026-05-01 12:11:00,2026-05-01 13:53:00,0,1,gen_20260922_200_30
202102001,中心图书馆,5,静音研读间,32-02,2026-05-01 17:40:00,2026-05-01 20:30:00,1,1,gen_20260922_200_30
202102002,中心图书馆,5,电子阅览区,37-05,2026-05-01 17:40:00,2026-05-01 19:07:00,0,1,gen_20260922_200_30
202102002,专业资料室,2,三层开架区,27-04,2026-05-01 19:43:00,2026-05-01 22:29:00,0,1,gen_20260922_200_30
202104001,南苑分馆,3,静音研读间,29-19,2026-05-01 14:36:00,2026-05-01 18:02:00,1,1,gen_20260922_200_30
202302002,中心图书馆,2,报刊阅览室,16-20,2026-05-01 15:40:00,2026-05-01 19:08:00,1,1,gen_20260922_200_30
202201001,中心图书馆,2,静音研读间,04-17,2026-05-01 21:25:00,2026-05-01 22:29:00,0,1,gen_20260922_200_30
202303001,专业资料室,1,三层开架区,32-04,2026-05-01 17:40:00,2026-05-01 21:10:00,1,1,gen_20260922_200_30
202303001,中心图书馆,5,静音研读间,12-18,2026-05-01 21:52:00,2026-05-01 22:29:00,0,1,gen_20260922_200_30
202304001,专业资料室,5,电子阅览区,04-07,2026-05-01 15:13:00,2026-05-01 16:56:00,0,1,gen_20260922_200_30
202304001,中心图书馆,4,静音研读间,27-09,2026-05-01 17:40:00,2026-05-01 18:52:00,0,1,gen_20260922_200_30
202401001,中心图书馆,2,三层开架区,33-22,2026-05-01 18:08:00,2026-05-01 20:14:00,1,1,gen_20260922_200_30
202401001,南苑分馆,2,一号自习区,22-05,2026-05-01 20:45:00,2026-05-01 21:20:00,0,1,gen_20260922_200_30
202303002,中心图书馆,2,电子阅览区,38-03,2026-05-01 13:44:00,2026-05-01 15:29:00,0,1,gen_20260922_200_30
202401002,中心图书馆,5,二号自习区,01-22,2026-05-01 15:13:00,2026-05-01 16:40:00,0,1,gen_20260922_200_30
202401002,南苑分馆,1,静音研读间,34-04,2026-05-01 17:40:00,2026-05-01 20:03:00,1,1,gen_20260922_200_30
202201003,专业资料室,3,三层开架区,17-18,2026-05-01 14:48:00,2026-05-01 15:59:00,0,1,gen_20260922_200_30
202201003,专业资料室,1,静音研读间,18-02,2026-05-01 17:40:00,2026-05-01 19:55:00,1,1,gen_20260922_200_30
202201004,南苑分馆,5,二号自习区,11-04,2026-05-01 17:02:00,2026-05-01 18:47:00,0,1,gen_20260922_200_30
202201004,专业资料室,1,静音研读间,38-15,2026-05-01 19:34:00,2026-05-01 21:51:00,0,1,gen_20260922_200_30
202104002,专业资料室,4,一号自习区,12-06,2026-05-01 14:59:00,2026-05-01 16:51:00,0,1,gen_20260922_200_30
202307001,南苑分馆,5,静音研读间,01-11,2026-05-01 17:35:00,2026-05-01 21:18:00,1,1,gen_20260922_200_30
202402001,南苑分馆,5,静音研读间,32-18,2026-05-01 15:24:00,2026-05-01 18:31:00,1,1,gen_20260922_200_30
202402001,中心图书馆,1,一号自习区,17-12,2026-05-01 19:11:00,2026-05-01 21:31:00,0,1,gen_20260922_200_30
202306001,南苑分馆,4,二号自习区,15-09,2026-05-01 17:40:00,2026-05-01 20:43:00,1,1,gen_20260922_200_30
202306001,中心图书馆,3,电子阅览区,38-24,2026-05-01 21:00:00,2026-05-01 22:16:00,0,1,gen_20260922_200_30
202303003,中心图书馆,3,静音研读间,20-22,2026-05-01 15:46:00,2026-05-01 18:29:00,1,1,gen_20260922_200_30
202302003,中心图书馆,5,三层开架区,30-22,2026-05-01 13:48:00,2026-05-01 14:22:00,0,1,gen_20260922_200_30
202201006,中心图书馆,4,电子阅览区,15-18,2026-05-01 14:20:00,2026-05-01 15:53:00,0,1,gen_20260922_200_30
202201006,南苑分馆,4,报刊阅览室,27-05,2026-05-01 17:40:00,2026-05-01 19:27:00,0,1,gen_20260922_200_30
202303004,南苑分馆,2,一号自习区,28-06,2026-05-01 16:03:00,2026-05-01 16:43:00,0,1,gen_20260922_200_30
202402002,专业资料室,4,二号自习区,19-07,2026-05-01 14:17:00,2026-05-01 14:47:00,0,1,gen_20260922_200_30
202303005,专业资料室,2,一号自习区,34-23,2026-05-01 14:13:00,2026-05-01 17:46:00,1,1,gen_20260922_200_30
202303005,南苑分馆,3,报刊阅览室,08-09,2026-05-01 18:12:00,2026-05-01 21:57:00,1,1,gen_20260922_200_30
202301002,专业资料室,1,一号自习区,03-15,2026-05-01 19:09:00,2026-05-01 20:52:00,0,1,gen_20260922_200_30
202404001,南苑分馆,2,电子阅览区,26-05,2026-05-01 14:41:00,2026-05-01 16:25:00,0,1,gen_20260922_200_30
202404001,专业资料室,1,静音研读间,18-04,2026-05-01 18:18:00,2026-05-01 19:14:00,0,1,gen_20260922_200_30
202407002,中心图书馆,1,三层开架区,31-03,2026-05-01 17:40:00,2026-05-01 18:16:00,0,1,gen_20260922_200_30
202407002,中心图书馆,2,一号自习区,27-21,2026-05-01 21:55:00,2026-05-01 22:30:00,0,1,gen_20260922_200_30
202201007,专业资料室,1,一号自习区,10-15,2026-05-01 15:38:00,2026-05-01 16:52:00,0,1,gen_20260922_200_30
202201007,专业资料室,3,电子阅览区,01-18,2026-05-01 20:29:00,2026-05-01 22:02:00,0,1,gen_20260922_200_30
202306002,中心图书馆,1,二号自习区,31-11,2026-05-01 17:40:00,2026-05-01 19:40:00,1,1,gen_20260922_200_30
202306002,南苑分馆,4,电子阅览区,04-20,2026-05-01 19:41:00,2026-05-01 21:33:00,0,1,gen_20260922_200_30
202308002,中心图书馆,5,一号自习区,25-21,2026-05-01 14:41:00,2026-05-01 15:14:00,0,1,gen_20260922_200_30
202302004,中心图书馆,4,一号自习区,19-17,2026-05-01 20:28:00,2026-05-01 22:29:00,0,1,gen_20260922_200_30
202302004,专业资料室,5,三层开架区,14-11,2026-05-01 21:55:00,2026-05-01 22:30:00,0,1,gen_20260922_200_30
202302005,中心图书馆,1,报刊阅览室,39-03,2026-05-01 18:13:00,2026-05-01 20:21:00,1,1,gen_20260922_200_30
202206001,中心图书馆,4,二号自习区,38-19,2026-05-01 20:18:00,2026-05-01 22:29:00,0,1,gen_20260922_200_30
202307002,南苑分馆,1,电子阅览区,13-06,2026-05-01 16:10:00,2026-05-01 16:42:00,0,1,gen_20260922_200_30
202302006,中心图书馆,1,静音研读间,07-17,2026-05-01 17:40:00,2026-05-01 21:34:00,1,1,gen_20260922_200_30
202302006,中心图书馆,2,一号自习区,09-21,2026-05-01 21:55:00,2026-05-01 22:30:00,0,1,gen_20260922_200_30
202403001,中心图书馆,4,二号自习区,27-18,2026-05-01 08:30:00,2026-05-01 10:26:00,0,1,gen_20260922_200_30
202204001,中心图书馆,2,二号自习区,17-19,2026-05-01 15:09:00,2026-05-01 17:20:00,0,1,gen_20260922_200_30
202403002,专业资料室,5,三层开架区,25-15,2026-05-01 20:05:00,2026-05-01 21:43:00,0,1,gen_20260922_200_30
202403002,专业资料室,3,电子阅览区,11-23,2026-05-01 21:55:00,2026-05-01 22:30:00,0,1,gen_20260922_200_30
202401003,中心图书馆,4,报刊阅览室,07-13,2026-05-01 14:23:00,2026-05-01 17:26:00,0,1,gen_20260922_200_30
202301003,南苑分馆,2,报刊阅览室,36-01,2026-05-01 15:04:00,2026-05-01 18:07:00,1,1,gen_20260922_200_30
202301003,南苑分馆,3,电子阅览区,08-08,2026-05-01 20:58:00,2026-05-01 22:29:00,0,1,gen_20260922_200_30
202201009,中心图书馆,2,报刊阅览室,36-05,2026-05-01 17:40:00,2026-05-01 18:45:00,0,1,gen_20260922_200_30
202201009,专业资料室,2,电子阅览区,25-22,2026-05-01 19:56:00,2026-05-01 22:05:00,0,1,gen_20260922_200_30
202403003,中心图书馆,4,三层开架区,07-05,2026-05-01 20:08:00,2026-05-01 21:53:00,0,1,gen_20260922_200_30
202301004,专业资料室,5,二号自习区,20-07,2026-05-01 15:12:00,2026-05-01 16:18:00,0,1,gen_20260922_200_30
202201010,中心图书馆,4,静音研读间,39-04,2026-05-01 16:33:00,2026-05-01 19:00:00,1,1,gen_20260922_200_30
202201010,专业资料室,3,一号自习区,24-06,2026-05-01 19:54:00,2026-05-01 22:27:00,0,1,gen_20260922_200_30
202307003,中心图书馆,2,一号自习区,28-22,2026-05-01 12:52:00,2026-05-01 16:01:00,0,1,gen_20260922_200_30
202205001,中心图书馆,5,静音研读间,32-02,2026-05-01 16:31:00,2026-05-01 18:57:00,1,1,gen_20260922_200_30
202303006,南苑分馆,3,一号自习区,20-10,2026-05-01 14:49:00,2026-05-01 16:11:00,0,1,gen_20260922_200_30
202203002,专业资料室,1,二号自习区,02-14,2026-05-01 13:32:00,2026-05-01 15:21:00,0,1,gen_20260922_200_30
202203002,中心图书馆,5,报刊阅览室,23-16,2026-05-01 20:26:00,2026-05-01 21:57:00,0,1,gen_20260922_200_30
202306003,南苑分馆,1,电子阅览区,16-09,2026-05-01 14:54:00,2026-05-01 16:43:00,0,1,gen_20260922_200_30
202401004,专业资料室,2,二号自习区,37-02,2026-05-01 17:40:00,2026-05-01 18:26:00,0,1,gen_20260922_200_30
202401004,中心图书馆,4,三层开架区,12-20,2026-05-01 20:07:00,2026-05-01 21:46:00,0,1,gen_20260922_200_30
202201012,专业资料室,1,三层开架区,08-19,2026-05-01 19:02:00,2026-05-01 20:20:00,0,1,gen_20260922_200_30
202204003,专业资料室,5,一号自习区,18-20,2026-05-01 17:44:00,2026-05-01 21:44:00,1,1,gen_20260922_200_30
202205002,中心图书馆,2,报刊阅览室,07-01,2026-05-01 15:18:00,2026-05-01 18:51:00,1,1,gen_20260922_200_30
202205002,南苑分馆,1,二号自习区,01-03,2026-05-01 19:33:00,2026-05-01 22:29:00,0,1,gen_20260922_200_30
202407003,专业资料室,5,报刊阅览室,15-22,2026-05-01 17:40:00,2026-05-01 20:20:00,1,1,gen_20260922_200_30
202407003,南苑分馆,3,报刊阅览室,22-05,2026-05-01 20:58:00,2026-05-01 22:29:00,0,1,gen_20260922_200_30
202301005,南苑分馆,5,三层开架区,26-23,2026-05-01 16:01:00,2026-05-01 18:57:00,1,1,gen_20260922_200_30
202301005,专业资料室,4,三层开架区,13-21,2026-05-01 19:07:00,2026-05-01 20:08:00,0,1,gen_20260922_200_30
202101002,南苑分馆,2,二号自习区,12-04,2026-05-01 10:34:00,2026-05-01 14:34:00,1,1,gen_20260922_200_30
202101002,专业资料室,4,静音研读间,30-13,2026-05-01 17:40:00,2026-05-01 21:40:00,1,1,gen_20260922_200_30
202304004,专业资料室,1,电子阅览区,29-05,2026-05-01 15:15:00,2026-05-01 16:22:00,0,1,gen_20260922_200_30
202304004,专业资料室,1,报刊阅览室,37-12,2026-05-01 19:25:00,2026-05-01 20:15:00,0,1,gen_20260922_200_30
202108001,专业资料室,3,报刊阅览室,05-01,2026-05-01 16:25:00,2026-05-01 17:57:00,0,1,gen_20260922_200_30
202301006,南苑分馆,5,报刊阅览室,37-23,2026-05-01 20:30:00,2026-05-01 22:29:00,0,1,gen_20260922_200_30
202303007,专业资料室,3,电子阅览区,14-10,2026-05-01 17:40:00,2026-05-01 21:10:00,1,1,gen_20260922_200_30
202303007,专业资料室,5,一号自习区,03-24,2026-05-01 21:55:00,2026-05-01 22:30:00,0,1,gen_20260922_200_30
202201013,南苑分馆,5,三层开架区,18-02,2026-05-01 19:39:00,2026-05-01 20:52:00,0,1,gen_20260922_200_30
202403004,专业资料室,4,报刊阅览室,07-03,2026-05-01 14:12:00,2026-05-01 15:11:00,0,1,gen_20260922_200_30
202403005,南苑分馆,5,报刊阅览室,12-18,2026-05-01 17:40:00,2026-05-01 18:38:00,0,1,gen_20260922_200_30
202403005,中心图书馆,5,静音研读间,10-14,2026-05-01 20:44:00,2026-05-01 22:29:00,0,1,gen_20260922_200_30
202206002,专业资料室,4,二号自习区,39-08,2026-05-01 17:40:00,2026-05-01 21:40:00,1,1,gen_20260922_200_30
202206002,南苑分馆,4,二号自习区,01-18,2026-05-01 21:55:00,2026-05-01 22:30:00,0,1,gen_20260922_200_30
202203003,南苑分馆,5,报刊阅览室,07-22,2026-05-01 17:40:00,2026-05-01 19:44:00,1,1,gen_20260922_200_30
202203003,中心图书馆,4,一号自习区,39-08,2026-05-01 20:32:00,2026-05-01 22:29:00,0,1,gen_20260922_200_30
202202003,专业资料室,3,电子阅览区,32-02,2026-05-01 16:19:00,2026-05-01 18:02:00,0,1,gen_20260922_200_30
202205003,南苑分馆,4,静音研读间,38-23,2026-05-01 16:10:00,2026-05-01 19:29:00,1,1,gen_20260922_200_30
202205003,南苑分馆,2,一号自习区,24-02,2026-05-01 20:10:00,2026-05-01 21:49:00,0,1,gen_20260922_200_30
202401006,中心图书馆,3,报刊阅览室,28-13,2026-05-01 17:40:00,2026-05-01 19:20:00,0,1,gen_20260922_200_30
202401006,专业资料室,1,三层开架区,15-21,2026-05-01 21:55:00,2026-05-01 22:30:00,0,1,gen_20260922_200_30
202208002,南苑分馆,2,静音研读间,26-09,2026-05-01 14:37:00,2026-05-01 15:47:00,0,1,gen_20260922_200_30
202208002,中心图书馆,3,一号自习区,02-22,2026-05-01 17:40:00,2026-05-01 19:23:00,0,1,gen_20260922_200_30
202406001,中心图书馆,2,二号自习区,32-21,2026-05-01 15:44:00,2026-05-01 16:15:00,0,1,gen_20260922_200_30
202106001,南苑分馆,2,静音研读间,29-23,2026-05-01 14:58:00,2026-05-01 15:56:00,0,1,gen_20260922_200_30
202204004,中心图书馆,2,电子阅览区,06-21,2026-05-01 14:46:00,2026-05-01 18:46:00,1,1,gen_20260922_200_30
202101003,专业资料室,3,一号自习区,20-07,2026-05-01 15:49:00,2026-05-01 18:46:00,1,1,gen_20260922_200_30
202101004,中心图书馆,2,报刊阅览室,24-09,2026-05-01 19:25:00,2026-05-01 20:48:00,0,1,gen_20260922_200_30
202403006,中心图书馆,5,二号自习区,27-13,2026-05-01 16:45:00,2026-05-01 18:36:00,0,1,gen_20260922_200_30
202403006,南苑分馆,5,静音研读间,11-13,2026-05-01 21:20:00,2026-05-01 22:29:00,0,1,gen_20260922_200_30
202103001,中心图书馆,3,电子阅览区,24-12,2026-05-01 14:08:00,2026-05-01 14:47:00,0,1,gen_20260922_200_30
202303009,专业资料室,5,电子阅览区,24-20,2026-05-01 15:20:00,2026-05-01 19:20:00,1,1,gen_20260922_200_30
202303009,专业资料室,1,二号自习区,04-06,2026-05-01 19:52:00,2026-05-01 21:47:00,0,1,gen_20260922_200_30
202403007,中心图书馆,4,静音研读间,10-20,2026-05-01 13:19:00,2026-05-01 14:18:00,0,1,gen_20260922_200_30
202203005,南苑分馆,3,报刊阅览室,39-13,2026-05-01 18:57:00,2026-05-01 21:05:00,0,1,gen_20260922_200_30
202303010,中心图书馆,5,二号自习区,03-13,2026-05-01 15:31:00,2026-05-01 19:31:00,1,1,gen_20260922_200_30
202105001,南苑分馆,1,报刊阅览室,20-01,2026-05-01 17:40:00,2026-05-01 21:40:00,1,1,gen_20260922_200_30
202105001,中心图书馆,5,三层开架区,06-13,2026-05-01 21:55:00,2026-05-01 22:30:00,0,1,gen_20260922_200_30
202205004,中心图书馆,1,三层开架区,18-22,2026-05-01 15:47:00,2026-05-01 16:36:00,0,1,gen_20260922_200_30
202205004,专业资料室,5,电子阅览区,32-16,2026-05-01 17:40:00,2026-05-01 19:37:00,0,1,gen_20260922_200_30
202201016,中心图书馆,3,二号自习区,05-03,2026-05-01 16:23:00,2026-05-01 18:10:00,0,1,gen_20260922_200_30
202201016,南苑分馆,5,一号自习区,27-22,2026-05-01 18:53:00,2026-05-01 20:20:00,0,1,gen_20260922_200_30
202206003,专业资料室,3,三层开架区,02-23,2026-05-01 08:32:00,2026-05-01 11:52:00,0,1,gen_20260922_200_30
202206003,中心图书馆,2,三层开架区,21-03,2026-05-01 19:53:00,2026-05-01 21:34:00,0,1,gen_20260922_200_30
202107002,中心图书馆,4,静音研读间,25-18,2026-05-01 14:02:00,2026-05-01 15:17:00,0,1,gen_20260922_200_30
202404002,中心图书馆,2,三层开架区,28-07,2026-05-01 12:37:00,2026-05-01 13:43:00,0,1,gen_20260922_200_30
202404002,中心图书馆,1,静音研读间,25-21,2026-05-01 17:40:00,2026-05-01 19:28:00,0,1,gen_20260922_200_30
202303011,南苑分馆,4,报刊阅览室,17-04,2026-05-01 14:16:00,2026-05-01 15:41:00,0,1,gen_20260922_200_30
202402003,南苑分馆,5,三层开架区,06-21,2026-05-01 16:15:00,2026-05-01 20:03:00,1,1,gen_20260922_200_30
202204005,专业资料室,4,一号自习区,09-22,2026-05-01 21:27:00,2026-05-01 22:29:00,0,1,gen_20260922_200_30
202102003,南苑分馆,1,报刊阅览室,25-21,2026-05-01 15:57:00,2026-05-01 19:57:00,1,1,gen_20260922_200_30
202102003,中心图书馆,4,三层开架区,04-16,2026-05-01 20:34:00,2026-05-01 22:29:00,0,1,gen_20260922_200_30
202301007,专业资料室,1,静音研读间,06-04,2026-05-01 20:25:00,2026-05-01 21:11:00,0,1,gen_20260922_200_30
202102004,中心图书馆,3,一号自习区,05-23,2026-05-01 17:40:00,2026-05-01 19:41:00,1,1,gen_20260922_200_30
202102004,专业资料室,4,静音研读间,31-14,2026-05-01 21:17:00,2026-05-01 22:26:00,0,1,gen_20260922_200_30
202402004,南苑分馆,4,报刊阅览室,37-12,2026-05-01 09:32:00,2026-05-01 10:51:00,0,1,gen_20260922_200_30
202402004,专业资料室,1,电子阅览区,18-08,2026-05-01 17:40:00,2026-05-01 21:40:00,1,1,gen_20260922_200_30
202203006,中心图书馆,1,二号自习区,22-06,2026-05-01 15:21:00,2026-05-01 16:55:00,0,1,gen_20260922_200_30
202203006,中心图书馆,4,电子阅览区,30-05,2026-05-01 18:58:00,2026-05-01 20:28:00,0,1,gen_20260922_200_30
202201017,中心图书馆,1,静音研读间,26-13,2026-05-01 19:01:00,2026-05-01 20:17:00,0,1,gen_20260922_200_30
202201017,中心图书馆,4,二号自习区,18-10,2026-05-01 20:34:00,2026-05-01 22:29:00,0,1,gen_20260922_200_30
202205006,南苑分馆,2,三层开架区,18-19,2026-05-01 15:07:00,2026-05-01 16:32:00,0,1,gen_20260922_200_30
202402005,专业资料室,1,电子阅览区,39-07,2026-05-01 19:55:00,2026-05-01 21:13:00,0,1,gen_20260922_200_30
202402005,专业资料室,3,报刊阅览室,12-17,2026-05-01 21:44:00,2026-05-01 22:29:00,0,1,gen_20260922_200_30
202306005,南苑分馆,1,二号自习区,12-09,2026-05-01 20:12:00,2026-05-01 22:29:00,0,1,gen_20260922_200_30
202306005,南苑分馆,5,电子阅览区,33-11,2026-05-01 21:55:00,2026-05-01 22:30:00,0,1,gen_20260922_200_30
202402006,中心图书馆,4,二号自习区,31-05,2026-05-01 09:26:00,2026-05-01 11:40:00,0,1,gen_20260922_200_30
202402006,南苑分馆,4,一号自习区,36-03,2026-05-01 17:40:00,2026-05-01 21:40:00,1,1,gen_20260922_200_30
202405002,专业资料室,1,静音研读间,21-03,2026-05-01 14:54:00,2026-05-01 17:37:00,1,1,gen_20260922_200_30
202405002,专业资料室,5,三层开架区,30-15,2026-05-01 17:40:00,2026-05-01 20:23:00,1,1,gen_20260922_200_30
202403008,南苑分馆,5,二号自习区,09-24,2026-05-01 17:40:00,2026-05-01 18:40:00,0,1,gen_20260922_200_30
202403008,南苑分馆,5,三层开架区,29-20,2026-05-01 19:45:00,2026-05-01 20:26:00,0,1,gen_20260922_200_30
202301008,中心图书馆,4,电子阅览区,12-11,2026-05-01 20:21:00,2026-05-01 22:29:00,0,1,gen_20260922_200_30
202301008,中心图书馆,2,一号自习区,37-07,2026-05-01 21:55:00,2026-05-01 22:30:00,0,1,gen_20260922_200_30
202106002,南苑分馆,2,三层开架区,01-04,2026-05-01 15:19:00,2026-05-01 17:01:00,0,1,gen_20260922_200_30
202204006,南苑分馆,1,报刊阅览室,30-05,2026-05-01 20:38:00,2026-05-01 22:29:00,0,1,gen_20260922_200_30
202403009,专业资料室,3,电子阅览区,02-20,2026-05-01 17:40:00,2026-05-01 19:27:00,0,1,gen_20260922_200_30
202403009,中心图书馆,5,二号自习区,28-13,2026-05-01 19:52:00,2026-05-01 20:37:00,0,1,gen_20260922_200_30
202202005,专业资料室,2,一号自习区,02-21,2026-05-01 15:55:00,2026-05-01 17:24:00,0,1,gen_20260922_200_30
202305003,南苑分馆,5,静音研读间,12-03,2026-05-01 20:16:00,2026-05-01 21:19:00,0,1,gen_20260922_200_30
202108003,中心图书馆,2,电子阅览区,30-05,2026-05-01 19:59:00,2026-05-01 20:57:00,0,1,gen_20260922_200_30
202403010,专业资料室,5,二号自习区,24-12,2026-05-01 17:40:00,2026-05-01 20:47:00,1,1,gen_20260922_200_30
202403010,中心图书馆,4,报刊阅览室,28-15,2026-05-01 21:01:00,2026-05-01 22:29:00,0,1,gen_20260922_200_30
202403011,专业资料室,4,静音研读间,13-14,2026-05-01 18:16:00,2026-05-01 20:07:00,0,1,gen_20260922_200_30
202403012,专业资料室,3,电子阅览区,32-22,2026-05-01 17:40:00,2026-05-01 21:09:00,1,1,gen_20260922_200_30
202403012,专业资料室,4,二号自习区,13-01,2026-05-01 21:40:00,2026-05-01 22:10:00,0,1,gen_20260922_200_30
202301009,专业资料室,3,三层开架区,23-01,2026-05-01 14:13:00,2026-05-01 15:33:00,0,1,gen_20260922_200_30
202204007,专业资料室,5,报刊阅览室,23-07,2026-05-01 13:49:00,2026-05-01 17:22:00,0,1,gen_20260922_200_30
202204007,中心图书馆,2,二号自习区,25-23,2026-05-01 17:40:00,2026-05-01 21:40:00,1,1,gen_20260922_200_30
202207002,中心图书馆,3,二号自习区,26-15,2026-05-01 08:49:00,2026-05-01 10:04:00,0,1,gen_20260922_200_30
202207003,中心图书馆,5,电子阅览区,22-12,2026-05-01 14:50:00,2026-05-01 17:52:00,1,1,gen_20260922_200_30
202207003,专业资料室,5,一号自习区,02-18,2026-05-01 20:27:00,2026-05-01 22:29:00,0,1,gen_20260922_200_30
202201019,南苑分馆,5,三层开架区,37-10,2026-05-01 13:36:00,2026-05-01 17:14:00,0,1,gen_20260922_200_30
202201019,中心图书馆,4,静音研读间,32-14,2026-05-01 17:40:00,2026-05-01 18:46:00,0,1,gen_20260922_200_30
202203008,专业资料室,5,静音研读间,14-15,2026-05-01 10:09:00,2026-05-01 11:34:00,0,1,gen_20260922_200_30
202101005,南苑分馆,5,一号自习区,37-01,2026-05-01 19:25:00,2026-05-01 20:50:00,0,1,gen_20260922_200_30
202201020,中心图书馆,3,报刊阅览室,06-13,2026-05-01 15:33:00,2026-05-01 16:41:00,0,1,gen_20260922_200_30
202201020,中心图书馆,3,电子阅览区,21-16,2026-05-01 17:40:00,2026-05-01 20:09:00,1,1,gen_20260922_200_30
202402009,专业资料室,5,一号自习区,09-18,2026-05-01 13:50:00,2026-05-01 17:50:00,1,1,gen_20260922_200_30
202402009,专业资料室,1,报刊阅览室,02-09,2026-05-01 18:05:00,2026-05-01 22:05:00,1,1,gen_20260922_200_30
202202006,专业资料室,2,一号自习区,14-20,2026-05-01 09:55:00,2026-05-01 11:45:00,0,1,gen_20260922_200_30
202304005,南苑分馆,2,静音研读间,17-21,2026-05-01 17:40:00,2026-05-01 19:20:00,0,1,gen_20260922_200_30
202304005,南苑分馆,4,报刊阅览室,03-22,2026-05-01 21:23:00,2026-05-01 22:29:00,0,1,gen_20260922_200_30
202408002,专业资料室,3,三层开架区,36-01,2026-05-01 15:12:00,2026-05-01 16:19:00,0,1,gen_20260922_200_30
202306006,南苑分馆,2,二号自习区,07-19,2026-05-01 18:31:00,2026-05-01 19:23:00,0,1,gen_20260922_200_30
202306006,中心图书馆,1,一号自习区,09-03,2026-05-01 20:03:00,2026-05-01 20:39:00,0,1,gen_20260922_200_30
202105002,中心图书馆,5,二号自习区,37-18,2026-05-01 09:58:00,2026-05-01 12:45:00,1,1,gen_20260922_200_30
202105002,专业资料室,4,三层开架区,08-23,2026-05-01 20:20:00,2026-05-01 22:29:00,0,1,gen_20260922_200_30
202201021,专业资料室,1,三层开架区,03-11,2026-05-01 14:56:00,2026-05-01 16:46:00,0,1,gen_20260922_200_30
202201021,中心图书馆,2,静音研读间,26-14,2026-05-01 17:40:00,2026-05-01 21:12:00,1,1,gen_20260922_200_30
202406003,南苑分馆,1,报刊阅览室,24-19,2026-05-01 15:06:00,2026-05-01 16:47:00,0,1,gen_20260922_200_30
202303013,南苑分馆,4,一号自习区,08-06,2026-05-01 17:40:00,2026-05-01 21:40:00,1,1,gen_20260922_200_30
202303013,中心图书馆,3,二号自习区,39-01,2026-05-01 21:55:00,2026-05-01 22:30:00,0,1,gen_20260922_200_30
202401008,专业资料室,2,报刊阅览室,06-24,2026-05-01 20:20:00,2026-05-01 22:29:00,0,1,gen_20260922_200_30
202304007,中心图书馆,4,二号自习区,22-14,2026-05-01 17:40:00,2026-05-01 19:34:00,0,1,gen_20260922_200_30
202304007,专业资料室,2,三层开架区,16-02,2026-05-01 20:20:00,2026-05-01 21:36:00,0,1,gen_20260922_200_30
202304008,中心图书馆,5,静音研读间,38-20,2026-05-01 15:32:00,2026-05-01 16:53:00,0,1,gen_20260922_200_30
202406004,专业资料室,5,静音研读间,28-13,2026-05-01 15:00:00,2026-05-01 16:32:00,0,1,gen_20260922_200_30
202406004,中心图书馆,2,三层开架区,04-24,2026-05-01 17:40:00,2026-05-01 21:08:00,1,1,gen_20260922_200_30
202204008,专业资料室,5,三层开架区,22-17,2026-05-01 19:18:00,2026-05-01 20:36:00,0,1,gen_20260922_200_30
202204009,专业资料室,1,二号自习区,03-02,2026-05-01 20:04:00,2026-05-01 22:29:00,0,1,gen_20260922_200_30
202407004,中心图书馆,4,电子阅览区,29-02,2026-05-01 14:57:00,2026-05-01 18:57:00,1,1,gen_20260922_200_30
202108004,中心图书馆,1,三层开架区,36-23,2026-05-01 16:33:00,2026-05-01 20:33:00,1,1,gen_20260922_200_30
202205007,南苑分馆,3,静音研读间,11-11,2026-05-01 14:18:00,2026-05-01 17:32:00,1,1,gen_20260922_200_30
202205007,专业资料室,4,静音研读间,25-04,2026-05-01 20:02:00,2026-05-01 20:59:00,0,1,gen_20260922_200_30
202402010,南苑分馆,2,二号自习区,29-20,2026-05-01 14:20:00,2026-05-01 18:00:00,1,1,gen_20260922_200_30
202402010,南苑分馆,3,报刊阅览室,27-20,2026-05-01 18:43:00,2026-05-01 20:36:00,0,1,gen_20260922_200_30
202301010,中心图书馆,5,一号自习区,05-04,2026-05-01 14:45:00,2026-05-01 15:58:00,0,1,gen_20260922_200_30
202301010,专业资料室,1,电子阅览区,04-03,2026-05-01 21:14:00,2026-05-01 22:29:00,0,1,gen_20260922_200_30
202306007,中心图书馆,2,报刊阅览室,04-08,2026-05-01 19:42:00,2026-05-01 20:45:00,0,1,gen_20260922_200_30
202306007,专业资料室,2,静音研读间,36-17,2026-05-01 21:10:00,2026-05-01 22:29:00,0,1,gen_20260922_200_30
202402011,专业资料室,4,三层开架区,11-13,2026-05-01 16:04:00,2026-05-01 18:18:00,1,1,gen_20260922_200_30
202408003,专业资料室,2,一号自习区,31-22,2026-05-01 20:19:00,2026-05-01 21:25:00,0,1,gen_20260922_200_30
202401009,专业资料室,3,三层开架区,29-04,2026-05-01 14:24:00,2026-05-01 15:48:00,0,1,gen_20260922_200_30
202203009,中心图书馆,2,二号自习区,06-04,2026-05-01 07:30:00,2026-05-01 08:04:00,0,1,gen_20260922_200_30
202108006,专业资料室,4,三层开架区,20-11,2026-05-01 14:27:00,2026-05-01 15:16:00,0,1,gen_20260922_200_30
202108006,专业资料室,1,电子阅览区,27-19,2026-05-01 17:40:00,2026-05-01 20:11:00,1,1,gen_20260922_200_30
202203010,专业资料室,3,报刊阅览室,30-17,2026-05-01 08:27:00,2026-05-01 10:27:00,0,1,gen_20260922_200_30
202203010,南苑分馆,2,静音研读间,31-09,2026-05-01 17:40:00,2026-05-01 21:40:00,1,1,gen_20260922_200_30
202303014,专业资料室,2,一号自习区,15-22,2026-05-01 18:56:00,2026-05-01 19:39:00,0,1,gen_20260922_200_30
202306008,专业资料室,4,三层开架区,26-03,2026-05-01 19:55:00,2026-05-01 22:29:00,0,1,gen_20260922_200_30
202302008,中心图书馆,3,报刊阅览室,36-04,2026-05-01 15:17:00,2026-05-01 16:08:00,0,1,gen_20260922_200_30
202304010,南苑分馆,3,报刊阅览室,33-14,2026-05-01 14:34:00,2026-05-01 15:15:00,0,1,gen_20260922_200_30
202304010,南苑分馆,3,二号自习区,19-22,2026-05-01 18:57:00,2026-05-01 19:35:00,0,1,gen_20260922_200_30
202201022,专业资料室,1,一号自习区,23-16,2026-05-01 13:28:00,2026-05-01 17:28:00,0,1,gen_20260922_200_30
202402009,专业资料室,1,报刊阅览室,02-09,2026-05-01 18:05:00,2026-05-01 17:22:00,1,0,gen_20260922_200_30
202301003,南苑分馆,2,报刊阅览室,36-01,2026-05-01 15:04:00,2026-05-03 23:44:00,1,0,gen_20260922_200_30
202402001,中心图书馆,1,一号自习区,17-12,2026-05-01 19:11:00,2026-05-04 13:32:00,0,0,gen_20260922_200_30
202404001,南苑分馆,2,电子阅览区,26-05,2026-05-01 14:41:00,2026-05-01 13:45:00,0,0,gen_20260922_200_30
202203001,南苑分馆,4,二号自习区,30-06,2026-05-02 14:33:00,2026-05-02 15:05:00,0,1,gen_20260922_200_30
202104001,南苑分馆,2,静音研读间,32-07,2026-05-02 15:02:00,2026-05-02 15:38:00,0,1,gen_20260922_200_30
202302002,专业资料室,5,二号自习区,37-23,2026-05-02 13:46:00,2026-05-02 15:43:00,0,1,gen_20260922_200_30
202201002,中心图书馆,4,静音研读间,18-01,2026-05-02 19:31:00,2026-05-02 21:10:00,0,1,gen_20260922_200_30
202201002,南苑分馆,5,三层开架区,19-01,2026-05-02 21:54:00,2026-05-02 22:29:00,0,1,gen_20260922_200_30
202303001,南苑分馆,2,报刊阅览室,36-15,2026-05-02 19:50:00,2026-05-02 22:29:00,0,1,gen_20260922_200_30
202407001,南苑分馆,1,静音研读间,08-24,2026-05-02 20:00:00,2026-05-02 22:29:00,0,1,gen_20260922_200_30
202201004,专业资料室,3,电子阅览区,17-18,2026-05-02 15:45:00,2026-05-02 17:34:00,0,1,gen_20260922_200_30
202307001,中心图书馆,5,一号自习区,36-18,2026-05-02 16:11:00,2026-05-02 19:10:00,1,1,gen_20260922_200_30
202307001,专业资料室,3,二号自习区,32-09,2026-05-02 19:29:00,2026-05-02 22:29:00,0,1,gen_20260922_200_30
202306001,中心图书馆,2,一号自习区,13-03,2026-05-02 15:17:00,2026-05-02 16:55:00,0,1,gen_20260922_200_30
202201005,南苑分馆,1,报刊阅览室,36-01,2026-05-02 17:40:00,2026-05-02 18:33:00,0,1,gen_20260922_200_30
202201005,南苑分馆,3,报刊阅览室,13-12,2026-05-02 19:41:00,2026-05-02 20:14:00,0,1,gen_20260922_200_30
202303005,南苑分馆,2,三层开架区,31-06,2026-05-02 17:40:00,2026-05-02 21:32:00,1,1,gen_20260922_200_30
202303005,中心图书馆,3,静音研读间,35-13,2026-05-02 21:55:00,2026-05-02 22:30:00,0,1,gen_20260922_200_30
202407002,中心图书馆,2,电子阅览区,02-10,2026-05-02 14:26:00,2026-05-02 17:15:00,0,1,gen_20260922_200_30
202306002,南苑分馆,3,二号自习区,07-05,2026-05-02 14:54:00,2026-05-02 15:48:00,0,1,gen_20260922_200_30
202302005,南苑分馆,4,一号自习区,22-18,2026-05-02 19:44:00,2026-05-02 20:27:00,0,1,gen_20260922_200_30
202302006,南苑分馆,2,二号自习区,12-02,2026-05-02 14:21:00,2026-05-02 18:21:00,1,1,gen_20260922_200_30
202204001,中心图书馆,3,报刊阅览室,36-16,2026-05-02 16:52:00,2026-05-02 17:59:00,0,1,gen_20260922_200_30
202204001,专业资料室,2,静音研读间,10-09,2026-05-02 18:24:00,2026-05-02 19:55:00,0,1,gen_20260922_200_30
202401003,专业资料室,2,三层开架区,17-16,2026-05-02 20:14:00,2026-05-02 22:29:00,0,1,gen_20260922_200_30
202301003,南苑分馆,5,二号自习区,20-23,2026-05-02 14:33:00,2026-05-02 17:55:00,1,1,gen_20260922_200_30
202403003,中心图书馆,1,静音研读间,07-18,2026-05-02 14:37:00,2026-05-02 17:28:00,0,1,gen_20260922_200_30
202301004,南苑分馆,4,静音研读间,18-20,2026-05-02 17:28:00,2026-05-02 19:28:00,1,1,gen_20260922_200_30
202201010,专业资料室,4,电子阅览区,02-20,2026-05-02 21:35:00,2026-05-02 22:21:00,0,1,gen_20260922_200_30
202107001,专业资料室,1,报刊阅览室,25-10,2026-05-02 19:38:00,2026-05-02 20:08:00,0,1,gen_20260922_200_30
202204002,专业资料室,2,三层开架区,05-10,2026-05-02 13:13:00,2026-05-02 15:20:00,0,1,gen_20260922_200_30
202307003,南苑分馆,1,静音研读间,07-09,2026-05-02 16:17:00,2026-05-02 16:59:00,0,1,gen_20260922_200_30
202303006,南苑分馆,5,静音研读间,36-23,2026-05-02 17:40:00,2026-05-02 18:55:00,0,1,gen_20260922_200_30
202303006,专业资料室,5,报刊阅览室,05-07,2026-05-02 19:48:00,2026-05-02 20:20:00,0,1,gen_20260922_200_30
202304002,南苑分馆,4,二号自习区,29-04,2026-05-02 21:21:00,2026-05-02 21:55:00,0,1,gen_20260922_200_30
202203002,中心图书馆,4,三层开架区,08-18,2026-05-02 13:23:00,2026-05-02 14:51:00,0,1,gen_20260922_200_30
202207001,中心图书馆,1,报刊阅览室,31-13,2026-05-02 14:24:00,2026-05-02 15:36:00,0,1,gen_20260922_200_30
202201011,专业资料室,4,三层开架区,07-07,2026-05-02 20:33:00,2026-05-02 22:29:00,0,1,gen_20260922_200_30
202401004,南苑分馆,5,二号自习区,01-23,2026-05-02 17:30:00,2026-05-02 18:08:00,0,1,gen_20260922_200_30
202205002,专业资料室,4,二号自习区,05-11,2026-05-02 09:28:00,2026-05-02 13:28:00,1,1,gen_20260922_200_30
202202002,专业资料室,1,报刊阅览室,34-04,2026-05-02 13:23:00,2026-05-02 14:18:00,0,1,gen_20260922_200_30
202101002,专业资料室,3,一号自习区,32-17,2026-05-02 13:44:00,2026-05-02 15:30:00,0,1,gen_20260922_200_30
202304004,专业资料室,3,三层开架区,19-16,2026-05-02 19:37:00,2026-05-02 21:17:00,0,1,gen_20260922_200_30
202301006,专业资料室,5,一号自习区,06-21,2026-05-02 13:59:00,2026-05-02 16:00:00,0,1,gen_20260922_200_30
202403004,专业资料室,4,静音研读间,20-15,2026-05-02 15:17:00,2026-05-02 19:17:00,1,1,gen_20260922_200_30
202206002,专业资料室,5,电子阅览区,10-02,2026-05-02 12:59:00,2026-05-02 14:16:00,0,1,gen_20260922_200_30
202308003,南苑分馆,3,报刊阅览室,08-04,2026-05-02 13:24:00,2026-05-02 14:57:00,0,1,gen_20260922_200_30
202203003,专业资料室,4,二号自习区,33-22,2026-05-02 14:30:00,2026-05-02 15:54:00,0,1,gen_20260922_200_30
202201014,南苑分馆,1,一号自习区,04-01,2026-05-02 16:27:00,2026-05-02 17:00:00,0,1,gen_20260922_200_30
202202003,中心图书馆,3,静音研读间,38-22,2026-05-02 14:40:00,2026-05-02 16:09:00,0,1,gen_20260922_200_30
202205003,专业资料室,1,一号自习区,35-05,2026-05-02 17:17:00,2026-05-02 21:17:00,1,1,gen_20260922_200_30
202205003,中心图书馆,2,报刊阅览室,24-18,2026-05-02 21:49:00,2026-05-02 22:29:00,0,1,gen_20260922_200_30
202406001,南苑分馆,1,三层开架区,17-04,2026-05-02 20:38:00,2026-05-02 22:07:00,0,1,gen_20260922_200_30
202106001,中心图书馆,5,电子阅览区,02-15,2026-05-02 19:32:00,2026-05-02 21:53:00,0,1,gen_20260922_200_30
202204004,中心图书馆,1,静音研读间,35-14,2026-05-02 14:57:00,2026-05-02 18:22:00,1,1,gen_20260922_200_30
202406002,专业资料室,1,静音研读间,22-16,2026-05-02 19:04:00,2026-05-02 21:05:00,0,1,gen_20260922_200_30
202101003,中心图书馆,5,一号自习区,06-04,2026-05-02 14:53:00,2026-05-02 15:57:00,0,1,gen_20260922_200_30
202108002,中心图书馆,3,二号自习区,26-06,2026-05-02 08:39:00,2026-05-02 09:42:00,0,1,gen_20260922_200_30
202403007,南苑分馆,2,一号自习区,38-09,2026-05-02 13:52:00,2026-05-02 15:15:00,0,1,gen_20260922_200_30
202203005,南苑分馆,3,静音研读间,21-11,2026-05-02 13:26:00,2026-05-02 17:26:00,0,1,gen_20260922_200_30
202105001,专业资料室,1,电子阅览区,07-22,2026-05-02 20:37:00,2026-05-02 22:29:00,0,1,gen_20260922_200_30
202206003,专业资料室,4,报刊阅览室,11-22,2026-05-02 17:40:00,2026-05-02 18:57:00,0,1,gen_20260922_200_30
202206003,南苑分馆,5,三层开架区,22-14,2026-05-02 19:37:00,2026-05-02 22:29:00,0,1,gen_20260922_200_30
202107002,专业资料室,1,三层开架区,14-02,2026-05-02 20:38:00,2026-05-02 21:58:00,0,1,gen_20260922_200_30
202308004,专业资料室,2,三层开架区,02-06,2026-05-02 16:10:00,2026-05-02 17:52:00,0,1,gen_20260922_200_30
202303011,南苑分馆,5,二号自习区,34-03,2026-05-02 20:40:00,2026-05-02 22:29:00,0,1,gen_20260922_200_30
202402003,中心图书馆,5,二号自习区,15-17,2026-05-02 13:32:00,2026-05-02 17:32:00,1,1,gen_20260922_200_30
202204005,中心图书馆,5,二号自习区,25-10,2026-05-02 19:52:00,2026-05-02 22:29:00,0,1,gen_20260922_200_30
202102003,南苑分馆,5,二号自习区,22-09,2026-05-02 17:40:00,2026-05-02 20:45:00,1,1,gen_20260922_200_30
202102003,南苑分馆,3,报刊阅览室,07-16,2026-05-02 20:54:00,2026-05-02 22:29:00,0,1,gen_20260922_200_30
202306004,专业资料室,4,二号自习区,37-02,2026-05-02 14:50:00,2026-05-02 15:26:00,0,1,gen_20260922_200_30
202402004,中心图书馆,1,三层开架区,27-06,2026-05-02 16:28:00,2026-05-02 18:17:00,0,1,gen_20260922_200_30
202403008,专业资料室,4,二号自习区,24-20,2026-05-02 14:52:00,2026-05-02 15:47:00,0,1,gen_20260922_200_30
202106002,中心图书馆,2,报刊阅览室,19-16,2026-05-02 15:48:00,2026-05-02 16:23:00,0,1,gen_20260922_200_30
202201018,南苑分馆,1,报刊阅览室,37-16,2026-05-02 14:54:00,2026-05-02 16:18:00,0,1,gen_20260922_200_30
202203007,南苑分馆,3,一号自习区,16-10,2026-05-02 08:51:00,2026-05-02 10:04:00,0,1,gen_20260922_200_30
202403009,专业资料室,2,一号自习区,03-18,2026-05-02 14:16:00,2026-05-02 14:54:00,0,1,gen_20260922_200_30
202403010,南苑分馆,1,二号自习区,35-15,2026-05-02 17:40:00,2026-05-02 19:42:00,1,1,gen_20260922_200_30
202403010,南苑分馆,4,一号自习区,16-19,2026-05-02 20:33:00,2026-05-02 22:29:00,0,1,gen_20260922_200_30
202403012,专业资料室,4,报刊阅览室,05-09,2026-05-02 19:30:00,2026-05-02 21:18:00,0,1,gen_20260922_200_30
202301009,专业资料室,1,静音研读间,30-05,2026-05-02 20:11:00,2026-05-02 21:12:00,0,1,gen_20260922_200_30
202207002,专业资料室,5,一号自习区,01-15,2026-05-02 15:45:00,2026-05-02 19:45:00,1,1,gen_20260922_200_30
202207003,南苑分馆,4,二号自习区,33-23,2026-05-02 13:37:00,2026-05-02 14:33:00,0,1,gen_20260922_200_30
202201019,中心图书馆,5,静音研读间,38-12,2026-05-02 14:01:00,2026-05-02 17:59:00,1,1,gen_20260922_200_30
202203008,专业资料室,1,一号自习区,39-18,2026-05-02 13:38:00,2026-05-02 15:43:00,0,1,gen_20260922_200_30
202201020,南苑分馆,1,三层开架区,29-20,2026-05-02 20:47:00,2026-05-02 22:00:00,0,1,gen_20260922_200_30
202402009,南苑分馆,3,电子阅览区,38-05,2026-05-02 14:45:00,2026-05-02 17:38:00,1,1,gen_20260922_200_30
202304005,专业资料室,2,三层开架区,37-02,2026-05-02 14:08:00,2026-05-02 15:46:00,0,1,gen_20260922_200_30
202408002,中心图书馆,1,三层开架区,10-16,2026-05-02 16:07:00,2026-05-02 18:32:00,1,1,gen_20260922_200_30
202105002,专业资料室,5,二号自习区,23-04,2026-05-02 18:50:00,2026-05-02 22:10:00,0,1,gen_20260922_200_30
202105002,南苑分馆,5,电子阅览区,01-14,2026-05-02 21:55:00,2026-05-02 22:30:00,0,1,gen_20260922_200_30
202304006,南苑分馆,5,电子阅览区,22-21,2026-05-02 11:10:00,2026-05-02 12:25:00,0,1,gen_20260922_200_30
202302007,中心图书馆,2,电子阅览区,32-16,2026-05-02 21:55:00,2026-05-02 22:30:00,0,1,gen_20260922_200_30
202406003,专业资料室,5,静音研读间,20-12,2026-05-02 18:34:00,2026-05-02 19:44:00,0,1,gen_20260922_200_30
202304007,南苑分馆,1,静音研读间,19-24,2026-05-02 14:54:00,2026-05-02 18:54:00,1,1,gen_20260922_200_30
202204008,南苑分馆,4,静音研读间,23-12,2026-05-02 14:16:00,2026-05-02 15:08:00,0,1,gen_20260922_200_30
202407004,南苑分馆,2,一号自习区,11-04,2026-05-02 13:44:00,2026-05-02 16:43:00,0,1,gen_20260922_200_30
202108004,南苑分馆,5,三层开架区,34-19,2026-05-02 14:21:00,2026-05-02 15:34:00,0,1,gen_20260922_200_30
202402010,专业资料室,5,报刊阅览室,09-15,2026-05-02 15:21:00,2026-05-02 17:24:00,0,1,gen_20260922_200_30
202301010,专业资料室,2,一号自习区,13-02,2026-05-02 08:08:00,2026-05-02 11:01:00,0,1,gen_20260922_200_30
202402011,专业资料室,3,三层开架区,09-06,2026-05-02 13:59:00,2026-05-02 17:59:00,1,1,gen_20260922_200_30
202408003,专业资料室,1,三层开架区,24-05,2026-05-02 19:46:00,2026-05-02 20:24:00,0,1,gen_20260922_200_30
202304009,专业资料室,4,二号自习区,22-10,2026-05-02 14:04:00,2026-05-02 15:58:00,0,1,gen_20260922_200_30
202304009,专业资料室,5,三层开架区,12-24,2026-05-02 17:40:00,2026-05-02 18:53:00,0,1,gen_20260922_200_30
202203010,南苑分馆,2,一号自习区,22-10,2026-05-02 20:31:00,2026-05-02 22:27:00,0,1,gen_20260922_200_30
202101006,南苑分馆,3,报刊阅览室,06-09,2026-05-02 21:03:00,2026-05-02 22:29:00,0,1,gen_20260922_200_30
202306008,专业资料室,4,电子阅览区,15-01,2026-05-02 21:16:00,2026-05-02 22:29:00,0,1,gen_20260922_200_30
202107003,专业资料室,2,二号自习区,33-06,2026-05-02 16:35:00,2026-05-02 17:12:00,0,1,gen_20260922_200_30
202201022,南苑分馆,4,三层开架区,02-23,2026-05-02 20:08:00,2026-05-02 22:29:00,0,1,gen_20260922_200_30
202201022,南苑分馆,1,静音研读间,11-14,2026-05-02 21:55:00,2026-05-02 22:30:00,0,1,gen_20260922_200_30
202203003,专业资料室,4,二号自习区,33-22,2026-05-02 14:30:00,2026-05-02 14:01:00,0,0,gen_20260922_200_30
202202003,中心图书馆,3,静音研读间,38-22,2026-05-02 14:40:00,2026-05-05 23:31:00,0,0,gen_20260922_200_30
202301001,专业资料室,1,一号自习区,36-05,2026-05-03 15:08:00,2026-05-03 16:30:00,0,1,gen_20260922_200_30
202302001,南苑分馆,4,报刊阅览室,06-23,2026-05-03 16:33:00,2026-05-03 17:17:00,0,1,gen_20260922_200_30
202202001,中心图书馆,3,二号自习区,23-03,2026-05-03 09:07:00,2026-05-03 09:39:00,0,1,gen_20260922_200_30
202104001,专业资料室,5,三层开架区,21-17,2026-05-03 08:52:00,2026-05-03 09:25:00,0,1,gen_20260922_200_30
202303001,中心图书馆,5,静音研读间,33-09,2026-05-03 14:37:00,2026-05-03 17:48:00,1,1,gen_20260922_200_30
202201004,中心图书馆,5,二号自习区,27-15,2026-05-03 15:43:00,2026-05-03 16:16:00,0,1,gen_20260922_200_30
202104002,专业资料室,4,一号自习区,25-10,2026-05-03 14:01:00,2026-05-03 14:48:00,0,1,gen_20260922_200_30
202307001,中心图书馆,4,二号自习区,05-11,2026-05-03 20:50:00,2026-05-03 22:25:00,0,1,gen_20260922_200_30
202306001,南苑分馆,5,静音研读间,33-08,2026-05-03 14:47:00,2026-05-03 18:47:00,1,1,gen_20260922_200_30
202303003,南苑分馆,2,二号自习区,20-17,2026-05-03 15:56:00,2026-05-03 19:35:00,1,1,gen_20260922_200_30
202402002,专业资料室,3,报刊阅览室,21-17,2026-05-03 20:00:00,2026-05-03 21:58:00,0,1,gen_20260922_200_30
202303005,中心图书馆,4,静音研读间,23-10,2026-05-03 21:10:00,2026-05-03 22:29:00,0,1,gen_20260922_200_30
202404001,专业资料室,2,三层开架区,18-24,2026-05-03 17:40:00,2026-05-03 20:36:00,1,1,gen_20260922_200_30
202404001,中心图书馆,5,一号自习区,24-16,2026-05-03 20:54:00,2026-05-03 22:29:00,0,1,gen_20260922_200_30
202201007,南苑分馆,5,电子阅览区,33-12,2026-05-03 12:49:00,2026-05-03 13:41:00,0,1,gen_20260922_200_30
202306002,中心图书馆,1,三层开架区,36-05,2026-05-03 21:34:00,2026-05-03 22:29:00,0,1,gen_20260922_200_30
202302005,专业资料室,1,静音研读间,06-18,2026-05-03 15:09:00,2026-05-03 16:06:00,0,1,gen_20260922_200_30
202403001,专业资料室,1,静音研读间,23-23,2026-05-03 20:41:00,2026-05-03 22:29:00,0,1,gen_20260922_200_30
202204001,南苑分馆,5,静音研读间,13-24,2026-05-03 19:32:00,2026-05-03 22:29:00,0,1,gen_20260922_200_30
202401003,中心图书馆,3,报刊阅览室,30-08,2026-05-03 16:28:00,2026-05-03 19:01:00,1,1,gen_20260922_200_30
202301003,专业资料室,2,报刊阅览室,34-13,2026-05-03 15:46:00,2026-05-03 19:46:00,1,1,gen_20260922_200_30
202107001,中心图书馆,3,电子阅览区,38-07,2026-05-03 14:48:00,2026-05-03 16:19:00,0,1,gen_20260922_200_30
202107001,南苑分馆,4,二号自习区,03-22,2026-05-03 17:40:00,2026-05-03 18:23:00,0,1,gen_20260922_200_30
202303006,专业资料室,4,报刊阅览室,14-12,2026-05-03 15:01:00,2026-05-03 16:15:00,0,1,gen_20260922_200_30
202304002,中心图书馆,2,电子阅览区,30-02,2026-05-03 14:27:00,2026-05-03 15:53:00,0,1,gen_20260922_200_30
202304003,专业资料室,5,二号自习区,25-21,2026-05-03 18:49:00,2026-05-03 19:46:00,0,1,gen_20260922_200_30
202201011,专业资料室,3,二号自习区,09-21,2026-05-03 16:53:00,2026-05-03 20:53:00,1,1,gen_20260922_200_30
202201011,中心图书馆,1,三层开架区,32-12,2026-05-03 21:52:00,2026-05-03 22:29:00,0,1,gen_20260922_200_30
202408001,专业资料室,5,一号自习区,12-08,2026-05-03 14:53:00,2026-05-03 17:19:00,0,1,gen_20260922_200_30
202201012,专业资料室,2,报刊阅览室,37-24,2026-05-03 17:40:00,2026-05-03 18:20:00,0,1,gen_20260922_200_30
202201012,中心图书馆,5,电子阅览区,38-17,2026-05-03 20:49:00,2026-05-03 22:29:00,0,1,gen_20260922_200_30
202301005,中心图书馆,5,一号自习区,36-23,2026-05-03 15:13:00,2026-05-03 17:12:00,0,1,gen_20260922_200_30
202101002,南苑分馆,4,报刊阅览室,13-18,2026-05-03 19:41:00,2026-05-03 21:08:00,0,1,gen_20260922_200_30
202304004,南苑分馆,1,一号自习区,22-02,2026-05-03 16:15:00,2026-05-03 17:38:00,0,1,gen_20260922_200_30
202303007,专业资料室,1,三层开架区,25-23,2026-05-03 20:39:00,2026-05-03 22:17:00,0,1,gen_20260922_200_30
202206002,中心图书馆,2,二号自习区,39-06,2026-05-03 20:10:00,2026-05-03 22:29:00,0,1,gen_20260922_200_30
202203003,专业资料室,5,三层开架区,27-21,2026-05-03 19:12:00,2026-05-03 21:01:00,0,1,gen_20260922_200_30
202203003,南苑分馆,3,三层开架区,16-24,2026-05-03 21:06:00,2026-05-03 22:29:00,0,1,gen_20260922_200_30
202202003,专业资料室,4,报刊阅览室,06-13,2026-05-03 20:21:00,2026-05-03 22:13:00,0,1,gen_20260922_200_30
202204004,专业资料室,1,电子阅览区,27-11,2026-05-03 14:39:00,2026-05-03 15:52:00,0,1,gen_20260922_200_30
202204004,中心图书馆,2,静音研读间,12-21,2026-05-03 17:40:00,2026-05-03 21:08:00,1,1,gen_20260922_200_30
202406002,专业资料室,1,二号自习区,35-15,2026-05-03 14:18:00,2026-05-03 15:31:00,0,1,gen_20260922_200_30
202101003,南苑分馆,5,二号自习区,12-14,2026-05-03 17:40:00,2026-05-03 18:47:00,0,1,gen_20260922_200_30
202101003,专业资料室,1,静音研读间,16-03,2026-05-03 20:42:00,2026-05-03 21:56:00,0,1,gen_20260922_200_30
202101004,中心图书馆,5,二号自习区,37-11,2026-05-03 20:06:00,2026-05-03 22:29:00,0,1,gen_20260922_200_30
202403006,中心图书馆,5,报刊阅览室,24-05,2026-05-03 12:40:00,2026-05-03 16:40:00,0,1,gen_20260922_200_30
202103001,专业资料室,3,二号自习区,29-22,2026-05-03 14:12:00,2026-05-03 16:34:00,0,1,gen_20260922_200_30
202303009,中心图书馆,4,报刊阅览室,37-02,2026-05-03 15:24:00,2026-05-03 17:53:00,1,1,gen_20260922_200_30
202303009,南苑分馆,4,电子阅览区,22-19,2026-05-03 18:49:00,2026-05-03 20:04:00,0,1,gen_20260922_200_30
202203005,中心图书馆,2,报刊阅览室,38-24,2026-05-03 09:05:00,2026-05-03 11:01:00,0,1,gen_20260922_200_30
202305001,中心图书馆,3,一号自习区,13-17,2026-05-03 19:47:00,2026-05-03 21:01:00,0,1,gen_20260922_200_30
202303010,专业资料室,4,报刊阅览室,33-04,2026-05-03 17:40:00,2026-05-03 18:10:00,0,1,gen_20260922_200_30
202303010,专业资料室,2,静音研读间,24-08,2026-05-03 21:40:00,2026-05-03 22:29:00,0,1,gen_20260922_200_30
202205004,南苑分馆,1,一号自习区,09-11,2026-05-03 14:02:00,2026-05-03 15:10:00,0,1,gen_20260922_200_30
202205004,中心图书馆,1,一号自习区,31-06,2026-05-03 17:40:00,2026-05-03 20:48:00,1,1,gen_20260922_200_30
202201016,专业资料室,5,静音研读间,39-10,2026-05-03 16:13:00,2026-05-03 17:24:00,0,1,gen_20260922_200_30
202206003,南苑分馆,1,静音研读间,38-09,2026-05-03 20:59:00,2026-05-03 22:29:00,0,1,gen_20260922_200_30
202107002,南苑分馆,4,静音研读间,01-05,2026-05-03 20:22:00,2026-05-03 21:31:00,0,1,gen_20260922_200_30
202204005,南苑分馆,4,二号自习区,03-09,2026-05-03 15:22:00,2026-05-03 18:59:00,1,1,gen_20260922_200_30
202204005,专业资料室,3,静音研读间,39-19,2026-05-03 19:59:00,2026-05-03 22:29:00,0,1,gen_20260922_200_30
202102003,专业资料室,4,一号自习区,31-10,2026-05-03 15:01:00,2026-05-03 17:15:00,0,1,gen_20260922_200_30
202402004,专业资料室,2,二号自习区,09-05,2026-05-03 15:23:00,2026-05-03 16:46:00,0,1,gen_20260922_200_30
202203006,南苑分馆,3,一号自习区,17-16,2026-05-03 14:03:00,2026-05-03 16:30:00,0,1,gen_20260922_200_30
202402005,南苑分馆,4,报刊阅览室,11-11,2026-05-03 14:22:00,2026-05-03 15:51:00,0,1,gen_20260922_200_30
202306005,中心图书馆,2,电子阅览区,17-07,2026-05-03 15:26:00,2026-05-03 16:56:00,0,1,gen_20260922_200_30
202402006,南苑分馆,4,静音研读间,28-20,2026-05-03 17:00:00,2026-05-03 18:33:00,0,1,gen_20260922_200_30
202405002,南苑分馆,5,二号自习区,17-08,2026-05-03 14:59:00,2026-05-03 18:59:00,1,1,gen_20260922_200_30
202403008,中心图书馆,5,二号自习区,39-22,2026-05-03 19:21:00,2026-05-03 20:01:00,0,1,gen_20260922_200_30
202106002,中心图书馆,5,静音研读间,35-06,2026-05-03 20:26:00,2026-05-03 22:03:00,0,1,gen_20260922_200_30
202204006,专业资料室,4,二号自习区,03-04,2026-05-03 20:19:00,2026-05-03 22:29:00,0,1,gen_20260922_200_30
202403009,南苑分馆,4,一号自习区,39-16,2026-05-03 19:10:00,2026-05-03 19:58:00,0,1,gen_20260922_200_30
202202005,中心图书馆,4,静音研读间,26-21,2026-05-03 15:42:00,2026-05-03 17:13:00,0,1,gen_20260922_200_30
202305003,中心图书馆,2,一号自习区,28-12,2026-05-03 17:38:00,2026-05-03 18:08:00,0,1,gen_20260922_200_30
202108003,南苑分馆,2,静音研读间,31-01,2026-05-03 14:24:00,2026-05-03 15:00:00,0,1,gen_20260922_200_30
202402008,专业资料室,4,一号自习区,29-10,2026-05-03 13:39:00,2026-05-03 14:33:00,0,1,gen_20260922_200_30
202403010,中心图书馆,4,静音研读间,20-04,2026-05-03 15:00:00,2026-05-03 19:00:00,1,1,gen_20260922_200_30
202403011,南苑分馆,1,报刊阅览室,01-07,2026-05-03 20:12:00,2026-05-03 20:51:00,0,1,gen_20260922_200_30
202403012,专业资料室,4,静音研读间,24-01,2026-05-03 19:07:00,2026-05-03 21:09:00,0,1,gen_20260922_200_30
202403012,专业资料室,3,报刊阅览室,12-09,2026-05-03 21:52:00,2026-05-03 22:29:00,0,1,gen_20260922_200_30
202204007,南苑分馆,5,电子阅览区,21-20,2026-05-03 16:20:00,2026-05-03 19:19:00,1,1,gen_20260922_200_30
202201019,南苑分馆,5,二号自习区,26-03,2026-05-03 20:23:00,2026-05-03 22:09:00,0,1,gen_20260922_200_30
202201019,专业资料室,5,静音研读间,05-14,2026-05-03 21:55:00,2026-05-03 22:30:00,0,1,gen_20260922_200_30
202203008,专业资料室,1,静音研读间,14-12,2026-05-03 15:59:00,2026-05-03 17:53:00,0,1,gen_20260922_200_30
202201020,中心图书馆,3,一号自习区,23-16,2026-05-03 18:32:00,2026-05-03 22:28:00,1,1,gen_20260922_200_30
202402009,中心图书馆,5,二号自习区,31-02,2026-05-03 13:56:00,2026-05-03 14:46:00,0,1,gen_20260922_200_30
202402009,专业资料室,3,一号自习区,08-15,2026-05-03 19:00:00,2026-05-03 22:29:00,0,1,gen_20260922_200_30
202304005,专业资料室,3,静音研读间,30-07,2026-05-03 09:39:00,2026-05-03 11:15:00,0,1,gen_20260922_200_30
202304005,南苑分馆,5,报刊阅览室,28-19,2026-05-03 17:40:00,2026-05-03 19:25:00,0,1,gen_20260922_200_30
202408002,南苑分馆,3,三层开架区,08-13,2026-05-03 15:20:00,2026-05-03 15:50:00,0,1,gen_20260922_200_30
202306006,中心图书馆,5,静音研读间,05-20,2026-05-03 08:54:00,2026-05-03 10:37:00,0,1,gen_20260922_200_30
202105002,南苑分馆,1,电子阅览区,10-05,2026-05-03 13:17:00,2026-05-03 16:07:00,0,1,gen_20260922_200_30
202304006,南苑分馆,1,一号自习区,15-04,2026-05-03 20:22:00,2026-05-03 20:52:00,0,1,gen_20260922_200_30
202201021,专业资料室,4,静音研读间,17-13,2026-05-03 21:15:00,2026-05-03 22:29:00,0,1,gen_20260922_200_30
202302007,专业资料室,5,一号自习区,22-02,2026-05-03 09:53:00,2026-05-03 10:56:00,0,1,gen_20260922_200_30
202406003,中心图书馆,3,报刊阅览室,19-20,2026-05-03 15:02:00,2026-05-03 17:01:00,0,1,gen_20260922_200_30
202406003,专业资料室,2,电子阅览区,24-17,2026-05-03 17:40:00,2026-05-03 19:24:00,0,1,gen_20260922_200_30
202303013,中心图书馆,4,报刊阅览室,31-12,2026-05-03 14:14:00,2026-05-03 15:35:00,0,1,gen_20260922_200_30
202303013,中心图书馆,4,二号自习区,37-17,2026-05-03 17:40:00,2026-05-03 19:29:00,0,1,gen_20260922_200_30
202401008,南苑分馆,3,三层开架区,27-06,2026-05-03 15:09:00,2026-05-03 16:16:00,0,1,gen_20260922_200_30
202406004,专业资料室,4,电子阅览区,06-18,2026-05-03 15:54:00,2026-05-03 19:54:00,1,1,gen_20260922_200_30
202206004,中心图书馆,1,三层开架区,24-14,2026-05-03 14:09:00,2026-05-03 15:12:00,0,1,gen_20260922_200_30
202108004,南苑分馆,1,静音研读间,21-12,2026-05-03 15:17:00,2026-05-03 19:17:00,1,1,gen_20260922_200_30
202205007,南苑分馆,1,二号自习区,08-17,2026-05-03 17:40:00,2026-05-03 19:12:00,0,1,gen_20260922_200_30
202205007,南苑分馆,1,静音研读间,28-24,2026-05-03 20:08:00,2026-05-03 20:52:00,0,1,gen_20260922_200_30
202402010,中心图书馆,5,三层开架区,03-15,2026-05-03 15:32:00,2026-05-03 18:03:00,1,1,gen_20260922_200_30
202402010,专业资料室,5,报刊阅览室,19-23,2026-05-03 18:25:00,2026-05-03 19:18:00,0,1,gen_20260922_200_30
202306007,专业资料室,5,一号自习区,15-01,2026-05-03 19:35:00,2026-05-03 22:27:00,0,1,gen_20260922_200_30
202203010,南苑分馆,5,二号自习区,11-19,2026-05-03 15:02:00,2026-05-03 19:02:00,1,1,gen_20260922_200_30
202303014,专业资料室,4,二号自习区,23-07,2026-05-03 14:57:00,2026-05-03 15:38:00,0,1,gen_20260922_200_30
202306008,中心图书馆,2,静音研读间,34-14,2026-05-03 18:38:00,2026-05-03 20:10:00,0,1,gen_20260922_200_30
202306008,中心图书馆,3,三层开架区,25-01,2026-05-03 20:31:00,2026-05-03 22:14:00,0,1,gen_20260922_200_30
202107003,专业资料室,4,报刊阅览室,08-09,2026-05-03 21:55:00,2026-05-03 22:30:00,0,1,gen_20260922_200_30
202201022,南苑分馆,3,静音研读间,34-12,2026-05-03 07:30:00,2026-05-03 11:30:00,0,1,gen_20260922_200_30
202201007,南苑分馆,5,电子阅览区,33-12,2026-05-03 12:49:00,2026-05-03 12:13:00,0,0,gen_20260922_200_30
202301001,专业资料室,1,一号自习区,36-05,2026-05-03 15:08:00,2026-05-05 02:46:00,0,0,gen_20260922_200_30
202203001,专业资料室,1,报刊阅览室,10-12,2026-05-04 19:32:00,2026-05-04 20:23:00,0,1,gen_20260922_200_30
202308001,中心图书馆,4,二号自习区,39-16,2026-05-04 15:59:00,2026-05-04 16:53:00,0,1,gen_20260922_200_30
202202001,专业资料室,3,一号自习区,36-08,2026-05-04 12:57:00,2026-05-04 16:24:00,0,1,gen_20260922_200_30
202102001,南苑分馆,4,三层开架区,35-12,2026-05-04 14:51:00,2026-05-04 15:50:00,0,1,gen_20260922_200_30
202102001,南苑分馆,3,三层开架区,06-02,2026-05-04 17:40:00,2026-05-04 18:24:00,0,1,gen_20260922_200_30
202102002,南苑分馆,3,二号自习区,18-22,2026-05-04 17:40:00,2026-05-04 21:40:00,1,1,gen_20260922_200_30
202102002,专业资料室,3,静音研读间,34-14,2026-05-04 21:55:00,2026-05-04 22:30:00,0,1,gen_20260922_200_30
202302002,南苑分馆,5,二号自习区,38-14,2026-05-04 20:14:00,2026-05-04 22:01:00,0,1,gen_20260922_200_30
202302002,南苑分馆,1,静音研读间,31-18,2026-05-04 21:55:00,2026-05-04 22:30:00,0,1,gen_20260922_200_30
202201001,专业资料室,3,报刊阅览室,36-06,2026-05-04 17:16:00,2026-05-04 18:19:00,0,1,gen_20260922_200_30
202201002,专业资料室,5,电子阅览区,34-19,2026-05-04 19:26:00,2026-05-04 20:07:00,0,1,gen_20260922_200_30
202303001,南苑分馆,4,电子阅览区,17-11,2026-05-04 13:50:00,2026-05-04 14:46:00,0,1,gen_20260922_200_30
202407001,南苑分馆,4,二号自习区,27-22,2026-05-04 15:30:00,2026-05-04 17:01:00,0,1,gen_20260922_200_30
202407001,中心图书馆,1,静音研读间,02-05,2026-05-04 17:40:00,2026-05-04 21:40:00,1,1,gen_20260922_200_30
202303002,专业资料室,3,二号自习区,26-22,2026-05-04 14:52:00,2026-05-04 15:52:00,0,1,gen_20260922_200_30
202401002,中心图书馆,2,静音研读间,28-12,2026-05-04 14:55:00,2026-05-04 15:51:00,0,1,gen_20260922_200_30
202401002,中心图书馆,5,一号自习区,22-08,2026-05-04 17:40:00,2026-05-04 19:51:00,1,1,gen_20260922_200_30
202201003,中心图书馆,5,一号自习区,11-04,2026-05-04 20:20:00,2026-05-04 22:29:00,0,1,gen_20260922_200_30
202201003,中心图书馆,5,二号自习区,25-20,2026-05-04 21:55:00,2026-05-04 22:30:00,0,1,gen_20260922_200_30
202201004,中心图书馆,3,三层开架区,26-13,2026-05-04 16:26:00,2026-05-04 17:18:00,0,1,gen_20260922_200_30
202307001,中心图书馆,3,电子阅览区,17-20,2026-05-04 12:47:00,2026-05-04 14:26:00,0,1,gen_20260922_200_30
202307001,中心图书馆,2,二号自习区,05-01,2026-05-04 17:40:00,2026-05-04 21:40:00,1,1,gen_20260922_200_30
202306001,中心图书馆,2,报刊阅览室,12-23,2026-05-04 15:53:00,2026-05-04 18:31:00,1,1,gen_20260922_200_30
202303003,专业资料室,1,电子阅览区,17-11,2026-05-04 12:42:00,2026-05-04 15:57:00,0,1,gen_20260922_200_30
202303003,中心图书馆,3,二号自习区,25-12,2026-05-04 18:50:00,2026-05-04 22:29:00,0,1,gen_20260922_200_30
202208001,中心图书馆,4,三层开架区,15-17,2026-05-04 17:14:00,2026-05-04 17:57:00,0,1,gen_20260922_200_30
202208001,专业资料室,1,电子阅览区,25-14,2026-05-04 18:52:00,2026-05-04 19:50:00,0,1,gen_20260922_200_30
202201005,中心图书馆,3,报刊阅览室,12-03,2026-05-04 20:10:00,2026-05-04 21:45:00,0,1,gen_20260922_200_30
202201006,专业资料室,3,一号自习区,34-22,2026-05-04 15:53:00,2026-05-04 19:53:00,1,1,gen_20260922_200_30
202201006,南苑分馆,2,二号自习区,31-21,2026-05-04 20:19:00,2026-05-04 22:29:00,0,1,gen_20260922_200_30
202402002,中心图书馆,1,静音研读间,18-12,2026-05-04 19:29:00,2026-05-04 20:58:00,0,1,gen_20260922_200_30
202402002,中心图书馆,4,三层开架区,17-13,2026-05-04 21:54:00,2026-05-04 22:29:00,0,1,gen_20260922_200_30
202303005,南苑分馆,2,二号自习区,38-06,2026-05-04 17:40:00,2026-05-04 19:20:00,0,1,gen_20260922_200_30
202303005,专业资料室,1,报刊阅览室,20-20,2026-05-04 21:39:00,2026-05-04 22:29:00,0,1,gen_20260922_200_30
202301002,南苑分馆,4,二号自习区,07-11,2026-05-04 15:08:00,2026-05-04 16:46:00,0,1,gen_20260922_200_30
202301002,专业资料室,5,二号自习区,06-04,2026-05-04 17:40:00,2026-05-04 20:10:00,1,1,gen_20260922_200_30
202404001,南苑分馆,3,电子阅览区,22-02,2026-05-04 19:49:00,2026-05-04 21:24:00,0,1,gen_20260922_200_30
202306002,专业资料室,2,三层开架区,33-10,2026-05-04 15:13:00,2026-05-04 17:19:00,0,1,gen_20260922_200_30
202306002,南苑分馆,2,二号自习区,09-05,2026-05-04 17:40:00,2026-05-04 18:34:00,0,1,gen_20260922_200_30
202308002,专业资料室,4,三层开架区,16-23,2026-05-04 19:28:00,2026-05-04 20:55:00,0,1,gen_20260922_200_30
202302004,专业资料室,3,电子阅览区,20-23,2026-05-04 16:42:00,2026-05-04 20:42:00,1,1,gen_20260922_200_30
202302004,中心图书馆,1,三层开架区,29-04,2026-05-04 21:39:00,2026-05-04 22:29:00,0,1,gen_20260922_200_30
202307002,中心图书馆,3,三层开架区,18-07,2026-05-04 15:18:00,2026-05-04 18:10:00,1,1,gen_20260922_200_30
202307002,中心图书馆,5,静音研读间,26-24,2026-05-04 18:32:00,2026-05-04 22:29:00,1,1,gen_20260922_200_30
202302006,中心图书馆,1,一号自习区,03-03,2026-05-04 14:54:00,2026-05-04 17:48:00,1,1,gen_20260922_200_30
202302006,中心图书馆,4,一号自习区,30-20,2026-05-04 18:28:00,2026-05-04 19:59:00,0,1,gen_20260922_200_30
202403001,中心图书馆,3,三层开架区,19-01,2026-05-04 20:01:00,2026-05-04 21:09:00,0,1,gen_20260922_200_30
202403001,南苑分馆,1,一号自习区,35-14,2026-05-04 21:24:00,2026-05-04 22:29:00,0,1,gen_20260922_200_30
202204001,专业资料室,5,静音研读间,13-19,2026-05-04 14:38:00,2026-05-04 15:23:00,0,1,gen_20260922_200_30
202204001,专业资料室,3,一号自习区,29-01,2026-05-04 17:40:00,2026-05-04 20:21:00,1,1,gen_20260922_200_30
202403002,南苑分馆,5,二号自习区,02-23,2026-05-04 15:06:00,2026-05-04 15:37:00,0,1,gen_20260922_200_30
202401003,中心图书馆,3,电子阅览区,27-10,2026-05-04 20:33:00,2026-05-04 22:29:00,0,1,gen_20260922_200_30
202401003,南苑分馆,5,电子阅览区,20-05,2026-05-04 21:55:00,2026-05-04 22:30:00,0,1,gen_20260922_200_30
202301003,南苑分馆,3,报刊阅览室,39-18,2026-05-04 17:40:00,2026-05-04 18:45:00,0,1,gen_20260922_200_30
202301003,南苑分馆,3,一号自习区,39-04,2026-05-04 19:41:00,2026-05-04 22:23:00,0,1,gen_20260922_200_30
202201009,南苑分馆,4,报刊阅览室,08-05,2026-05-04 16:23:00,2026-05-04 19:02:00,1,1,gen_20260922_200_30
202201009,南苑分馆,5,三层开架区,33-07,2026-05-04 21:55:00,2026-05-04 22:30:00,0,1,gen_20260922_200_30
202403003,中心图书馆,2,静音研读间,24-12,2026-05-04 17:40:00,2026-05-04 19:10:00,0,1,gen_20260922_200_30
202403003,专业资料室,1,电子阅览区,17-08,2026-05-04 19:12:00,2026-05-04 21:56:00,0,1,gen_20260922_200_30
202201010,南苑分馆,3,静音研读间,03-02,2026-05-04 14:14:00,2026-05-04 16:51:00,0,1,gen_20260922_200_30
202107001,南苑分馆,1,二号自习区,32-22,2026-05-04 20:43:00,2026-05-04 22:13:00,0,1,gen_20260922_200_30
202204002,中心图书馆,4,电子阅览区,25-12,2026-05-04 16:25:00,2026-05-04 17:36:00,0,1,gen_20260922_200_30
202204002,中心图书馆,2,三层开架区,02-06,2026-05-04 17:40:00,2026-05-04 18:10:00,0,1,gen_20260922_200_30
202307003,专业资料室,3,一号自习区,39-12,2026-05-04 15:46:00,2026-05-04 16:56:00,0,1,gen_20260922_200_30
202307003,南苑分馆,3,二号自习区,23-01,2026-05-04 17:40:00,2026-05-04 18:45:00,0,1,gen_20260922_200_30
202303006,专业资料室,1,一号自习区,17-22,2026-05-04 19:31:00,2026-05-04 22:17:00,0,1,gen_20260922_200_30
202304002,专业资料室,1,报刊阅览室,22-16,2026-05-04 15:25:00,2026-05-04 17:24:00,0,1,gen_20260922_200_30
202304002,专业资料室,4,一号自习区,24-14,2026-05-04 20:05:00,2026-05-04 22:29:00,0,1,gen_20260922_200_30
202101001,专业资料室,3,静音研读间,31-20,2026-05-04 19:16:00,2026-05-04 19:53:00,0,1,gen_20260922_200_30
202304003,中心图书馆,3,电子阅览区,18-07,2026-05-04 20:53:00,2026-05-04 21:35:00,0,1,gen_20260922_200_30
202201011,中心图书馆,3,一号自习区,02-09,2026-05-04 17:40:00,2026-05-04 21:23:00,1,1,gen_20260922_200_30
202201011,中心图书馆,1,一号自习区,16-01,2026-05-04 21:40:00,2026-05-04 22:29:00,0,1,gen_20260922_200_30
202306003,中心图书馆,1,三层开架区,13-04,2026-05-04 21:00:00,2026-05-04 22:14:00,0,1,gen_20260922_200_30
202401004,专业资料室,1,二号自习区,15-13,2026-05-04 20:38:00,2026-05-04 21:43:00,0,1,gen_20260922_200_30
202204003,中心图书馆,4,一号自习区,12-19,2026-05-04 14:02:00,2026-05-04 16:34:00,0,1,gen_20260922_200_30
202204003,南苑分馆,1,二号自习区,36-18,2026-05-04 19:41:00,2026-05-04 21:35:00,0,1,gen_20260922_200_30
202205002,南苑分馆,1,三层开架区,10-20,2026-05-04 13:00:00,2026-05-04 17:00:00,0,1,gen_20260922_200_30
202205002,中心图书馆,4,报刊阅览室,08-16,2026-05-04 20:39:00,2026-05-04 22:29:00,0,1,gen_20260922_200_30
202202002,专业资料室,3,报刊阅览室,08-16,2026-05-04 14:04:00,2026-05-04 18:04:00,1,1,gen_20260922_200_30
202407003,中心图书馆,4,报刊阅览室,23-11,2026-05-04 17:18:00,2026-05-04 20:48:00,1,1,gen_20260922_200_30
202301005,专业资料室,2,报刊阅览室,26-15,2026-05-04 18:43:00,2026-05-04 20:35:00,0,1,gen_20260922_200_30
202101002,南苑分馆,2,报刊阅览室,35-07,2026-05-04 15:08:00,2026-05-04 17:04:00,0,1,gen_20260922_200_30
202101002,南苑分馆,5,二号自习区,27-11,2026-05-04 20:09:00,2026-05-04 22:29:00,0,1,gen_20260922_200_30
202304004,专业资料室,4,电子阅览区,37-23,2026-05-04 20:54:00,2026-05-04 22:29:00,0,1,gen_20260922_200_30
202301006,南苑分馆,3,一号自习区,20-21,2026-05-04 13:43:00,2026-05-04 15:14:00,0,1,gen_20260922_200_30
202303007,南苑分馆,2,一号自习区,30-03,2026-05-04 14:32:00,2026-05-04 17:04:00,0,1,gen_20260922_200_30
202303007,专业资料室,4,报刊阅览室,07-05,2026-05-04 17:40:00,2026-05-04 21:40:00,1,1,gen_20260922_200_30
202201013,南苑分馆,2,三层开架区,11-03,2026-05-04 14:17:00,2026-05-04 18:17:00,1,1,gen_20260922_200_30
202403004,专业资料室,2,二号自习区,05-12,2026-05-04 20:18:00,2026-05-04 22:12:00,0,1,gen_20260922_200_30
202403004,中心图书馆,2,二号自习区,06-03,2026-05-04 21:55:00,2026-05-04 22:30:00,0,1,gen_20260922_200_30
202403005,南苑分馆,2,电子阅览区,27-05,2026-05-04 14:32:00,2026-05-04 15:39:00,0,1,gen_20260922_200_30
202206002,专业资料室,3,二号自习区,08-09,2026-05-04 13:12:00,2026-05-04 15:24:00,0,1,gen_20260922_200_30
202308003,南苑分馆,2,报刊阅览室,07-11,2026-05-04 15:55:00,2026-05-04 16:25:00,0,1,gen_20260922_200_30
202203003,中心图书馆,2,一号自习区,39-24,2026-05-04 14:58:00,2026-05-04 15:28:00,0,1,gen_20260922_200_30
202203003,南苑分馆,4,电子阅览区,10-08,2026-05-04 19:36:00,2026-05-04 22:29:00,0,1,gen_20260922_200_30
202201014,南苑分馆,4,二号自习区,20-01,2026-05-04 14:23:00,2026-05-04 15:16:00,0,1,gen_20260922_200_30
202405001,南苑分馆,2,一号自习区,26-12,2026-05-04 09:17:00,2026-05-04 10:08:00,0,1,gen_20260922_200_30
202202003,中心图书馆,3,静音研读间,31-13,2026-05-04 10:44:00,2026-05-04 14:44:00,1,1,gen_20260922_200_30
202203004,南苑分馆,5,静音研读间,33-01,2026-05-04 13:03:00,2026-05-04 14:51:00,0,1,gen_20260922_200_30
202205003,中心图书馆,3,二号自习区,30-07,2026-05-04 14:32:00,2026-05-04 16:14:00,0,1,gen_20260922_200_30
202401006,中心图书馆,4,三层开架区,09-15,2026-05-04 20:51:00,2026-05-04 22:29:00,0,1,gen_20260922_200_30
202201015,专业资料室,2,静音研读间,21-06,2026-05-04 17:40:00,2026-05-04 20:25:00,1,1,gen_20260922_200_30
202201015,专业资料室,2,二号自习区,09-05,2026-05-04 21:01:00,2026-05-04 22:29:00,0,1,gen_20260922_200_30
202307004,南苑分馆,3,静音研读间,33-11,2026-05-04 14:17:00,2026-05-04 15:22:00,0,1,gen_20260922_200_30
202307004,中心图书馆,3,电子阅览区,25-18,2026-05-04 20:10:00,2026-05-04 22:29:00,0,1,gen_20260922_200_30
202208002,南苑分馆,4,电子阅览区,36-18,2026-05-04 20:08:00,2026-05-04 21:21:00,0,1,gen_20260922_200_30
202204004,专业资料室,2,三层开架区,15-08,2026-05-04 15:42:00,2026-05-04 17:32:00,0,1,gen_20260922_200_30
202406002,南苑分馆,1,报刊阅览室,21-07,2026-05-04 19:53:00,2026-05-04 20:47:00,0,1,gen_20260922_200_30
202101003,专业资料室,1,三层开架区,23-16,2026-05-04 19:48:00,2026-05-04 21:33:00,0,1,gen_20260922_200_30
202403006,南苑分馆,3,报刊阅览室,07-14,2026-05-04 15:36:00,2026-05-04 19:36:00,1,1,gen_20260922_200_30
202303009,南苑分馆,4,静音研读间,02-19,2026-05-04 14:24:00,2026-05-04 18:24:00,1,1,gen_20260922_200_30
202303009,中心图书馆,2,三层开架区,23-17,2026-05-04 19:17:00,2026-05-04 22:29:00,0,1,gen_20260922_200_30
202403007,中心图书馆,3,报刊阅览室,34-11,2026-05-04 18:19:00,2026-05-04 20:13:00,0,1,gen_20260922_200_30
202203005,中心图书馆,1,二号自习区,19-03,2026-05-04 14:19:00,2026-05-04 15:28:00,0,1,gen_20260922_200_30
202305001,南苑分馆,5,报刊阅览室,21-11,2026-05-04 15:36:00,2026-05-04 16:21:00,0,1,gen_20260922_200_30
202303010,中心图书馆,2,静音研读间,30-02,2026-05-04 14:23:00,2026-05-04 16:05:00,0,1,gen_20260922_200_30
202105001,专业资料室,1,二号自习区,14-22,2026-05-04 16:57:00,2026-05-04 19:35:00,1,1,gen_20260922_200_30
202205004,专业资料室,4,二号自习区,02-24,2026-05-04 19:56:00,2026-05-04 21:22:00,0,1,gen_20260922_200_30
202205004,南苑分馆,4,二号自习区,14-05,2026-05-04 21:35:00,2026-05-04 22:29:00,0,1,gen_20260922_200_30
202201016,专业资料室,3,电子阅览区,28-23,2026-05-04 18:58:00,2026-05-04 20:45:00,0,1,gen_20260922_200_30
202201016,南苑分馆,4,一号自习区,20-02,2026-05-04 21:35:00,2026-05-04 22:29:00,0,1,gen_20260922_200_30
202206003,南苑分馆,5,电子阅览区,36-13,2026-05-04 13:12:00,2026-05-04 13:46:00,0,1,gen_20260922_200_30
202206003,专业资料室,4,报刊阅览室,12-19,2026-05-04 17:40:00,2026-05-04 18:58:00,0,1,gen_20260922_200_30
202107002,中心图书馆,4,静音研读间,12-24,2026-05-04 16:02:00,2026-05-04 16:44:00,0,1,gen_20260922_200_30
202107002,南苑分馆,3,报刊阅览室,36-19,2026-05-04 19:40:00,2026-05-04 22:29:00,0,1,gen_20260922_200_30
202404002,专业资料室,4,一号自习区,05-19,2026-05-04 19:43:00,2026-05-04 22:29:00,0,1,gen_20260922_200_30
202404002,南苑分馆,3,一号自习区,15-09,2026-05-04 21:55:00,2026-05-04 22:30:00,0,1,gen_20260922_200_30
202308004,中心图书馆,4,一号自习区,16-14,2026-05-04 19:55:00,2026-05-04 21:46:00,0,1,gen_20260922_200_30
202303011,南苑分馆,4,三层开架区,25-20,2026-05-04 09:07:00,2026-05-04 10:34:00,0,1,gen_20260922_200_30
202402003,南苑分馆,4,三层开架区,16-23,2026-05-04 15:11:00,2026-05-04 19:11:00,1,1,gen_20260922_200_30
202202004,中心图书馆,5,一号自习区,02-18,2026-05-04 17:40:00,2026-05-04 18:59:00,0,1,gen_20260922_200_30
202202004,中心图书馆,1,三层开架区,15-04,2026-05-04 19:47:00,2026-05-04 22:29:00,0,1,gen_20260922_200_30
202204005,专业资料室,3,三层开架区,35-18,2026-05-04 15:36:00,2026-05-04 18:13:00,1,1,gen_20260922_200_30
202204005,中心图书馆,1,一号自习区,25-09,2026-05-04 18:57:00,2026-05-04 21:45:00,0,1,gen_20260922_200_30
202102003,南苑分馆,4,电子阅览区,12-15,2026-05-04 18:23:00,2026-05-04 20:30:00,1,1,gen_20260922_200_30
202102003,专业资料室,4,静音研读间,15-10,2026-05-04 21:12:00,2026-05-04 22:29:00,0,1,gen_20260922_200_30
202104003,南苑分馆,4,二号自习区,25-20,2026-05-04 20:47:00,2026-05-04 21:56:00,0,1,gen_20260922_200_30
202306004,南苑分馆,4,一号自习区,38-10,2026-05-04 16:44:00,2026-05-04 18:57:00,1,1,gen_20260922_200_30
202306004,专业资料室,2,二号自习区,30-15,2026-05-04 19:23:00,2026-05-04 21:55:00,0,1,gen_20260922_200_30
202402004,专业资料室,3,一号自习区,27-06,2026-05-04 20:20:00,2026-05-04 21:31:00,0,1,gen_20260922_200_30
202402004,南苑分馆,4,一号自习区,20-23,2026-05-04 21:53:00,2026-05-04 22:29:00,0,1,gen_20260922_200_30
202203006,中心图书馆,5,一号自习区,23-15,2026-05-04 16:16:00,2026-05-04 17:13:00,0,1,gen_20260922_200_30
202201017,南苑分馆,3,二号自习区,13-16,2026-05-04 19:27:00,2026-05-04 20:37:00,0,1,gen_20260922_200_30
202205006,专业资料室,4,报刊阅览室,08-10,2026-05-04 14:57:00,2026-05-04 15:27:00,0,1,gen_20260922_200_30
202402005,专业资料室,5,电子阅览区,23-14,2026-05-04 15:15:00,2026-05-04 18:57:00,1,1,gen_20260922_200_30
202306005,南苑分馆,2,报刊阅览室,17-23,2026-05-04 17:40:00,2026-05-04 20:14:00,1,1,gen_20260922_200_30
202306005,中心图书馆,5,一号自习区,17-01,2026-05-04 20:58:00,2026-05-04 22:29:00,0,1,gen_20260922_200_30
202402006,专业资料室,1,三层开架区,14-06,2026-05-04 17:14:00,2026-05-04 21:14:00,1,1,gen_20260922_200_30
202402006,南苑分馆,3,一号自习区,37-17,2026-05-04 21:44:00,2026-05-04 22:18:00,0,1,gen_20260922_200_30
202405002,专业资料室,4,静音研读间,05-06,2026-05-04 09:34:00,2026-05-04 10:42:00,0,1,gen_20260922_200_30
202405002,南苑分馆,3,二号自习区,36-02,2026-05-04 19:37:00,2026-05-04 22:29:00,0,1,gen_20260922_200_30
202301008,中心图书馆,2,二号自习区,19-18,2026-05-04 19:58:00,2026-05-04 20:43:00,0,1,gen_20260922_200_30
202201018,南苑分馆,1,二号自习区,38-06,2026-05-04 14:59:00,2026-05-04 16:17:00,0,1,gen_20260922_200_30
202203007,南苑分馆,4,报刊阅览室,35-11,2026-05-04 16:33:00,2026-05-04 17:12:00,0,1,gen_20260922_200_30
202203007,中心图书馆,1,静音研读间,32-21,2026-05-04 17:40:00,2026-05-04 20:27:00,1,1,gen_20260922_200_30
202204006,中心图书馆,4,三层开架区,29-22,2026-05-04 14:59:00,2026-05-04 16:45:00,0,1,gen_20260922_200_30
202202005,专业资料室,3,电子阅览区,13-04,2026-05-04 16:35:00,2026-05-04 18:56:00,1,1,gen_20260922_200_30
202202005,中心图书馆,3,电子阅览区,18-04,2026-05-04 19:20:00,2026-05-04 22:29:00,0,1,gen_20260922_200_30
202305003,中心图书馆,2,报刊阅览室,05-14,2026-05-04 20:21:00,2026-05-04 20:51:00,0,1,gen_20260922_200_30
202402008,中心图书馆,4,报刊阅览室,09-23,2026-05-04 20:32:00,2026-05-04 21:35:00,0,1,gen_20260922_200_30
202403010,专业资料室,4,报刊阅览室,30-04,2026-05-04 19:05:00,2026-05-04 22:29:00,0,1,gen_20260922_200_30
202403010,专业资料室,2,报刊阅览室,12-16,2026-05-04 21:55:00,2026-05-04 22:30:00,0,1,gen_20260922_200_30
202403011,中心图书馆,5,报刊阅览室,15-18,2026-05-04 14:52:00,2026-05-04 18:33:00,1,1,gen_20260922_200_30
202403012,南苑分馆,1,报刊阅览室,01-10,2026-05-04 15:08:00,2026-05-04 19:08:00,1,1,gen_20260922_200_30
202301009,专业资料室,1,报刊阅览室,04-05,2026-05-04 17:40:00,2026-05-04 21:14:00,1,1,gen_20260922_200_30
202301009,南苑分馆,2,报刊阅览室,15-14,2026-05-04 21:55:00,2026-05-04 22:30:00,0,1,gen_20260922_200_30
202204007,中心图书馆,3,静音研读间,26-13,2026-05-04 19:39:00,2026-05-04 22:29:00,0,1,gen_20260922_200_30
202204007,专业资料室,4,二号自习区,13-12,2026-05-04 21:55:00,2026-05-04 22:30:00,0,1,gen_20260922_200_30
202207002,专业资料室,3,一号自习区,25-10,2026-05-04 19:55:00,2026-05-04 22:29:00,0,1,gen_20260922_200_30
202207002,中心图书馆,2,电子阅览区,25-08,2026-05-04 21:55:00,2026-05-04 22:30:00,0,1,gen_20260922_200_30
202207003,中心图书馆,2,三层开架区,18-01,2026-05-04 15:17:00,2026-05-04 16:50:00,0,1,gen_20260922_200_30
202201019,专业资料室,2,电子阅览区,21-12,2026-05-04 15:34:00,2026-05-04 17:20:00,0,1,gen_20260922_200_30
202201019,南苑分馆,4,三层开架区,17-09,2026-05-04 17:40:00,2026-05-04 20:05:00,1,1,gen_20260922_200_30
202203008,南苑分馆,3,报刊阅览室,30-03,2026-05-04 15:27:00,2026-05-04 16:42:00,0,1,gen_20260922_200_30
202203008,专业资料室,1,一号自习区,09-21,2026-05-04 17:40:00,2026-05-04 19:03:00,0,1,gen_20260922_200_30
202101005,专业资料室,1,报刊阅览室,18-05,2026-05-04 15:05:00,2026-05-04 16:12:00,0,1,gen_20260922_200_30
202201020,南苑分馆,5,二号自习区,38-17,2026-05-04 13:35:00,2026-05-04 14:20:00,0,1,gen_20260922_200_30
202201020,专业资料室,4,三层开架区,19-11,2026-05-04 20:42:00,2026-05-04 22:29:00,0,1,gen_20260922_200_30
202402009,专业资料室,1,电子阅览区,37-04,2026-05-04 17:25:00,2026-05-04 18:39:00,0,1,gen_20260922_200_30
202402009,专业资料室,4,静音研读间,23-06,2026-05-04 19:17:00,2026-05-04 21:41:00,0,1,gen_20260922_200_30
202401007,南苑分馆,3,报刊阅览室,36-05,2026-05-04 14:50:00,2026-05-04 16:17:00,0,1,gen_20260922_200_30
202202006,中心图书馆,3,电子阅览区,10-14,2026-05-04 15:02:00,2026-05-04 15:59:00,0,1,gen_20260922_200_30
202304005,专业资料室,5,静音研读间,15-11,2026-05-04 13:22:00,2026-05-04 14:44:00,0,1,gen_20260922_200_30
202304005,南苑分馆,4,三层开架区,14-05,2026-05-04 17:40:00,2026-05-04 21:07:00,1,1,gen_20260922_200_30
202306006,中心图书馆,3,静音研读间,18-20,2026-05-04 15:14:00,2026-05-04 16:35:00,0,1,gen_20260922_200_30
202105002,专业资料室,4,报刊阅览室,21-13,2026-05-04 16:33:00,2026-05-04 19:42:00,1,1,gen_20260922_200_30
202105002,中心图书馆,2,电子阅览区,23-22,2026-05-04 20:14:00,2026-05-04 22:29:00,0,1,gen_20260922_200_30
202304006,中心图书馆,5,二号自习区,06-04,2026-05-04 15:35:00,2026-05-04 16:31:00,0,1,gen_20260922_200_30
202304006,南苑分馆,4,一号自习区,28-02,2026-05-04 17:40:00,2026-05-04 18:47:00,0,1,gen_20260922_200_30
202201021,中心图书馆,5,电子阅览区,19-19,2026-05-04 21:41:00,2026-05-04 22:29:00,0,1,gen_20260922_200_30
202406003,中心图书馆,4,电子阅览区,04-12,2026-05-04 15:49:00,2026-05-04 19:49:00,1,1,gen_20260922_200_30
202303013,中心图书馆,5,电子阅览区,09-24,2026-05-04 16:57:00,2026-05-04 20:09:00,1,1,gen_20260922_200_30
202303013,中心图书馆,5,静音研读间,18-17,2026-05-04 20:58:00,2026-05-04 22:29:00,0,1,gen_20260922_200_30
202401008,专业资料室,2,电子阅览区,15-15,2026-05-04 17:40:00,2026-05-04 19:04:00,0,1,gen_20260922_200_30
202401008,南苑分馆,5,静音研读间,38-12,2026-05-04 19:49:00,2026-05-04 22:09:00,0,1,gen_20260922_200_30
202304007,专业资料室,3,三层开架区,21-08,2026-05-04 14:51:00,2026-05-04 17:10:00,0,1,gen_20260922_200_30
202304007,南苑分馆,3,报刊阅览室,33-06,2026-05-04 17:40:00,2026-05-04 18:44:00,0,1,gen_20260922_200_30
202304008,中心图书馆,5,三层开架区,15-12,2026-05-04 20:39:00,2026-05-04 21:59:00,0,1,gen_20260922_200_30
202406004,专业资料室,1,电子阅览区,18-13,2026-05-04 17:40:00,2026-05-04 21:22:00,1,1,gen_20260922_200_30
202406004,专业资料室,3,电子阅览区,15-19,2026-05-04 21:50:00,2026-05-04 22:29:00,0,1,gen_20260922_200_30
202204009,南苑分馆,3,电子阅览区,16-06,2026-05-04 21:36:00,2026-05-04 22:29:00,0,1,gen_20260922_200_30
202407004,中心图书馆,3,一号自习区,35-13,2026-05-04 16:21:00,2026-05-04 20:21:00,1,1,gen_20260922_200_30
202407004,中心图书馆,1,静音研读间,05-22,2026-05-04 20:54:00,2026-05-04 22:29:00,0,1,gen_20260922_200_30
202108004,专业资料室,5,电子阅览区,10-23,2026-05-04 13:41:00,2026-05-04 17:41:00,1,1,gen_20260922_200_30
202108004,南苑分馆,2,静音研读间,18-12,2026-05-04 18:08:00,2026-05-04 19:35:00,0,1,gen_20260922_200_30
202301010,南苑分馆,4,三层开架区,02-12,2026-05-04 20:17:00,2026-05-04 22:29:00,0,1,gen_20260922_200_30
202301010,专业资料室,5,电子阅览区,25-03,2026-05-04 21:55:00,2026-05-04 22:30:00,0,1,gen_20260922_200_30
202306007,南苑分馆,5,静音研读间,23-20,2026-05-04 14:47:00,2026-05-04 15:27:00,0,1,gen_20260922_200_30
202402011,南苑分馆,2,报刊阅览室,07-10,2026-05-04 13:04:00,2026-05-04 14:54:00,0,1,gen_20260922_200_30
202402011,中心图书馆,3,二号自习区,10-21,2026-05-04 21:01:00,2026-05-04 22:29:00,0,1,gen_20260922_200_30
202108005,专业资料室,2,静音研读间,16-04,2026-05-04 20:12:00,2026-05-04 21:28:00,0,1,gen_20260922_200_30
202408003,专业资料室,5,三层开架区,16-09,2026-05-04 15:15:00,2026-05-04 16:41:00,0,1,gen_20260922_200_30
202408003,中心图书馆,3,电子阅览区,02-09,2026-05-04 17:40:00,2026-05-04 19:54:00,1,1,gen_20260922_200_30
202401009,中心图书馆,4,报刊阅览室,03-13,2026-05-04 16:19:00,2026-05-04 18:01:00,0,1,gen_20260922_200_30
202401009,专业资料室,4,静音研读间,16-20,2026-05-04 18:51:00,2026-05-04 19:32:00,0,1,gen_20260922_200_30
202108006,专业资料室,1,三层开架区,13-15,2026-05-04 15:59:00,2026-05-04 19:03:00,1,1,gen_20260922_200_30
202203010,中心图书馆,5,报刊阅览室,27-21,2026-05-04 08:01:00,2026-05-04 12:01:00,1,1,gen_20260922_200_30
202203010,中心图书馆,1,静音研读间,22-09,2026-05-04 17:40:00,2026-05-04 19:48:00,1,1,gen_20260922_200_30
202302008,专业资料室,1,电子阅览区,31-20,2026-05-04 19:16:00,2026-05-04 20:44:00,0,1,gen_20260922_200_30
202304010,南苑分馆,5,报刊阅览室,08-24,2026-05-04 13:28:00,2026-05-04 15:31:00,0,1,gen_20260922_200_30
202107003,南苑分馆,4,静音研读间,19-22,2026-05-04 12:50:00,2026-05-04 13:20:00,0,1,gen_20260922_200_30
202201022,专业资料室,4,三层开架区,20-15,2026-05-04 18:39:00,2026-05-04 20:36:00,0,1,gen_20260922_200_30
202201022,专业资料室,3,二号自习区,21-01,2026-05-04 21:08:00,2026-05-04 22:29:00,0,1,gen_20260922_200_30
202102002,南苑分馆,3,二号自习区,18-22,2026-05-04 17:40:00,2026-05-04 16:14:00,1,0,gen_20260922_200_30
202401009,中心图书馆,4,报刊阅览室,03-13,2026-05-04 16:19:00,2026-05-07 23:23:00,0,0,gen_20260922_200_30
202403002,南苑分馆,5,二号自习区,02-23,2026-05-04 15:06:00,2026-05-06 06:50:00,0,0,gen_20260922_200_30
202402005,专业资料室,5,电子阅览区,23-14,2026-05-04 15:15:00,2026-05-04 14:44:00,1,0,gen_20260922_200_30
202301001,专业资料室,3,静音研读间,18-14,2026-05-05 20:31:00,2026-05-05 22:29:00,0,1,gen_20260922_200_30
202302001,中心图书馆,3,电子阅览区,30-24,2026-05-05 08:01:00,2026-05-05 09:05:00,0,1,gen_20260922_200_30
202202001,专业资料室,2,报刊阅览室,30-09,2026-05-05 15:19:00,2026-05-05 16:19:00,0,1,gen_20260922_200_30
202102001,专业资料室,3,三层开架区,21-14,2026-05-05 15:48:00,2026-05-05 17:58:00,1,1,gen_20260922_200_30
202102002,专业资料室,1,三层开架区,20-24,2026-05-05 17:00:00,2026-05-05 21:00:00,1,1,gen_20260922_200_30
202102002,南苑分馆,4,三层开架区,03-14,2026-05-05 21:48:00,2026-05-05 22:29:00,0,1,gen_20260922_200_30
202104001,专业资料室,1,二号自习区,33-08,2026-05-05 15:01:00,2026-05-05 16:33:00,0,1,gen_20260922_200_30
202302002,中心图书馆,2,电子阅览区,12-16,2026-05-05 14:20:00,2026-05-05 15:54:00,0,1,gen_20260922_200_30
202201001,南苑分馆,5,静音研读间,31-20,2026-05-05 15:36:00,2026-05-05 17:26:00,0,1,gen_20260922_200_30
202201002,南苑分馆,3,一号自习区,17-15,2026-05-05 20:34:00,2026-05-05 21:04:00,0,1,gen_20260922_200_30
202303001,专业资料室,5,静音研读间,16-14,2026-05-05 17:40:00,2026-05-05 18:18:00,0,1,gen_20260922_200_30
202303001,中心图书馆,1,三层开架区,12-16,2026-05-05 18:43:00,2026-05-05 22:12:00,0,1,gen_20260922_200_30
202304001,南苑分馆,4,静音研读间,06-02,2026-05-05 14:30:00,2026-05-05 15:33:00,0,1,gen_20260922_200_30
202401001,南苑分馆,2,电子阅览区,38-24,2026-05-05 16:35:00,2026-05-05 17:18:00,0,1,gen_20260922_200_30
202401001,南苑分馆,2,电子阅览区,31-17,2026-05-05 18:17:00,2026-05-05 22:17:00,1,1,gen_20260922_200_30
202407001,专业资料室,5,报刊阅览室,30-08,2026-05-05 15:07:00,2026-05-05 17:34:00,1,1,gen_20260922_200_30
202303002,南苑分馆,1,二号自习区,09-23,2026-05-05 08:53:00,2026-05-05 09:41:00,0,1,gen_20260922_200_30
202303002,专业资料室,3,电子阅览区,02-01,2026-05-05 17:40:00,2026-05-05 18:58:00,0,1,gen_20260922_200_30
202401002,南苑分馆,5,二号自习区,13-10,2026-05-05 17:40:00,2026-05-05 21:40:00,1,1,gen_20260922_200_30
202401002,专业资料室,5,一号自习区,23-11,2026-05-05 21:55:00,2026-05-05 22:30:00,0,1,gen_20260922_200_30
202201003,南苑分馆,3,三层开架区,34-09,2026-05-05 09:54:00,2026-05-05 10:39:00,0,1,gen_20260922_200_30
202201003,专业资料室,3,电子阅览区,30-05,2026-05-05 17:40:00,2026-05-05 18:50:00,0,1,gen_20260922_200_30
202201004,专业资料室,3,二号自习区,17-05,2026-05-05 09:04:00,2026-05-05 13:04:00,1,1,gen_20260922_200_30
202104002,中心图书馆,5,三层开架区,05-03,2026-05-05 17:40:00,2026-05-05 18:53:00,0,1,gen_20260922_200_30
202104002,中心图书馆,1,电子阅览区,04-23,2026-05-05 19:25:00,2026-05-05 20:04:00,0,1,gen_20260922_200_30
202307001,中心图书馆,3,三层开架区,06-07,2026-05-05 15:22:00,2026-05-05 18:57:00,1,1,gen_20260922_200_30
202307001,中心图书馆,1,电子阅览区,31-18,2026-05-05 21:07:00,2026-05-05 22:29:00,0,1,gen_20260922_200_30
202402001,南苑分馆,3,一号自习区,38-20,2026-05-05 15:11:00,2026-05-05 19:11:00,1,1,gen_20260922_200_30
202303003,南苑分馆,2,静音研读间,02-05,2026-05-05 16:12:00,2026-05-05 20:12:00,1,1,gen_20260922_200_30
202208001,中心图书馆,4,一号自习区,28-16,2026-05-05 20:21:00,2026-05-05 21:00:00,0,1,gen_20260922_200_30
202208001,南苑分馆,1,三层开架区,39-04,2026-05-05 21:55:00,2026-05-05 22:29:00,0,1,gen_20260922_200_30
202201005,中心图书馆,4,电子阅览区,26-02,2026-05-05 21:39:00,2026-05-05 22:29:00,0,1,gen_20260922_200_30
202302003,中心图书馆,3,报刊阅览室,29-05,2026-05-05 19:17:00,2026-05-05 21:09:00,0,1,gen_20260922_200_30
202201006,专业资料室,2,电子阅览区,04-08,2026-05-05 14:46:00,2026-05-05 15:25:00,0,1,gen_20260922_200_30
202201006,专业资料室,5,电子阅览区,35-07,2026-05-05 17:40:00,2026-05-05 19:13:00,0,1,gen_20260922_200_30
202303005,中心图书馆,2,二号自习区,13-08,2026-05-05 17:07:00,2026-05-05 21:07:00,1,1,gen_20260922_200_30
202301002,专业资料室,5,一号自习区,02-17,2026-05-05 20:51:00,2026-05-05 22:29:00,0,1,gen_20260922_200_30
202306002,专业资料室,3,电子阅览区,19-15,2026-05-05 09:52:00,2026-05-05 11:23:00,0,1,gen_20260922_200_30
202308002,专业资料室,2,三层开架区,37-13,2026-05-05 21:02:00,2026-05-05 22:29:00,0,1,gen_20260922_200_30
202308002,中心图书馆,5,一号自习区,22-03,2026-05-05 21:55:00,2026-05-05 22:30:00,0,1,gen_20260922_200_30
202302004,南苑分馆,4,三层开架区,37-06,2026-05-05 15:16:00,2026-05-05 16:16:00,0,1,gen_20260922_200_30
202302004,南苑分馆,3,三层开架区,25-19,2026-05-05 19:17:00,2026-05-05 20:46:00,0,1,gen_20260922_200_30
202201008,中心图书馆,2,静音研读间,04-09,2026-05-05 13:21:00,2026-05-05 17:21:00,0,1,gen_20260922_200_30
202201008,中心图书馆,4,二号自习区,10-19,2026-05-05 17:40:00,2026-05-05 19:33:00,0,1,gen_20260922_200_30
202206001,中心图书馆,3,静音研读间,24-17,2026-05-05 15:54:00,2026-05-05 18:57:00,1,1,gen_20260922_200_30
202307002,中心图书馆,2,二号自习区,32-13,2026-05-05 21:34:00,2026-05-05 22:29:00,0,1,gen_20260922_200_30
202302006,中心图书馆,4,报刊阅览室,31-09,2026-05-05 19:04:00,2026-05-05 21:21:00,0,1,gen_20260922_200_30
202302006,专业资料室,2,一号自习区,21-06,2026-05-05 21:47:00,2026-05-05 22:29:00,0,1,gen_20260922_200_30
202403001,专业资料室,1,静音研读间,37-17,2026-05-05 17:40:00,2026-05-05 19:33:00,0,1,gen_20260922_200_30
202403001,南苑分馆,4,静音研读间,34-06,2026-05-05 20:56:00,2026-05-05 21:28:00,0,1,gen_20260922_200_30
202204001,南苑分馆,5,静音研读间,10-15,2026-05-05 13:34:00,2026-05-05 16:03:00,0,1,gen_20260922_200_30
202204001,中心图书馆,4,一号自习区,23-03,2026-05-05 17:40:00,2026-05-05 19:45:00,1,1,gen_20260922_200_30
202403002,南苑分馆,3,二号自习区,37-10,2026-05-05 17:40:00,2026-05-05 19:04:00,0,1,gen_20260922_200_30
202403002,南苑分馆,3,三层开架区,27-24,2026-05-05 19:39:00,2026-05-05 20:51:00,0,1,gen_20260922_200_30
202401003,南苑分馆,2,静音研读间,19-19,2026-05-05 17:40:00,2026-05-05 18:59:00,0,1,gen_20260922_200_30
202401003,专业资料室,3,一号自习区,31-09,2026-05-05 20:24:00,2026-05-05 22:29:00,0,1,gen_20260922_200_30
202301003,专业资料室,2,二号自习区,25-09,2026-05-05 15:13:00,2026-05-05 19:13:00,1,1,gen_20260922_200_30
202301003,中心图书馆,4,报刊阅览室,21-13,2026-05-05 20:09:00,2026-05-05 22:29:00,0,1,gen_20260922_200_30
202201009,中心图书馆,2,一号自习区,05-17,2026-05-05 17:40:00,2026-05-05 20:39:00,1,1,gen_20260922_200_30
202201009,南苑分馆,4,报刊阅览室,15-16,2026-05-05 21:06:00,2026-05-05 22:29:00,0,1,gen_20260922_200_30
202403003,中心图书馆,2,一号自习区,15-23,2026-05-05 16:04:00,2026-05-05 17:25:00,0,1,gen_20260922_200_30
202201010,南苑分馆,2,报刊阅览室,16-15,2026-05-05 09:53:00,2026-05-05 12:16:00,1,1,gen_20260922_200_30
202201010,南苑分馆,2,二号自习区,23-05,2026-05-05 17:40:00,2026-05-05 20:11:00,1,1,gen_20260922_200_30
202107001,南苑分馆,4,静音研读间,12-12,2026-05-05 14:51:00,2026-05-05 15:55:00,0,1,gen_20260922_200_30
202204002,专业资料室,1,报刊阅览室,11-05,2026-05-05 13:54:00,2026-05-05 14:36:00,0,1,gen_20260922_200_30
202307003,南苑分馆,2,静音研读间,11-13,2026-05-05 14:03:00,2026-05-05 15:48:00,0,1,gen_20260922_200_30
202205001,南苑分馆,3,静音研读间,14-23,2026-05-05 17:40:00,2026-05-05 18:24:00,0,1,gen_20260922_200_30
202205001,中心图书馆,4,电子阅览区,18-06,2026-05-05 19:00:00,2026-05-05 20:22:00,0,1,gen_20260922_200_30
202203002,专业资料室,1,二号自习区,38-19,2026-05-05 19:36:00,2026-05-05 22:00:00,0,1,gen_20260922_200_30
202203002,中心图书馆,4,三层开架区,33-16,2026-05-05 21:55:00,2026-05-05 22:30:00,0,1,gen_20260922_200_30
202207001,南苑分馆,5,一号自习区,15-03,2026-05-05 14:29:00,2026-05-05 15:21:00,0,1,gen_20260922_200_30
202304003,南苑分馆,2,电子阅览区,39-02,2026-05-05 18:09:00,2026-05-05 19:29:00,0,1,gen_20260922_200_30
202304003,南苑分馆,3,电子阅览区,17-11,2026-05-05 20:53:00,2026-05-05 22:14:00,0,1,gen_20260922_200_30
202201011,南苑分馆,3,静音研读间,37-15,2026-05-05 16:38:00,2026-05-05 18:15:00,0,1,gen_20260922_200_30
202201011,中心图书馆,5,三层开架区,09-12,2026-05-05 18:46:00,2026-05-05 19:30:00,0,1,gen_20260922_200_30
202306003,专业资料室,5,报刊阅览室,01-12,2026-05-05 20:03:00,2026-05-05 21:55:00,0,1,gen_20260922_200_30
202306003,中心图书馆,3,二号自习区,30-09,2026-05-05 21:55:00,2026-05-05 22:30:00,0,1,gen_20260922_200_30
202408001,专业资料室,3,三层开架区,37-23,2026-05-05 16:19:00,2026-05-05 20:19:00,1,1,gen_20260922_200_30
202201012,专业资料室,1,三层开架区,12-16,2026-05-05 14:26:00,2026-05-05 16:18:00,0,1,gen_20260922_200_30
202204003,南苑分馆,5,报刊阅览室,08-24,2026-05-05 14:59:00,2026-05-05 15:40:00,0,1,gen_20260922_200_30
202204003,南苑分馆,2,静音研读间,36-09,2026-05-05 20:02:00,2026-05-05 22:08:00,0,1,gen_20260922_200_30
202205002,中心图书馆,1,三层开架区,18-23,2026-05-05 13:56:00,2026-05-05 17:56:00,1,1,gen_20260922_200_30
202205002,南苑分馆,3,报刊阅览室,37-04,2026-05-05 18:18:00,2026-05-05 22:18:00,1,1,gen_20260922_200_30
202202002,南苑分馆,2,电子阅览区,24-03,2026-05-05 17:40:00,2026-05-05 18:55:00,0,1,gen_20260922_200_30
202202002,专业资料室,2,电子阅览区,19-04,2026-05-05 21:02:00,2026-05-05 21:52:00,0,1,gen_20260922_200_30
202301005,专业资料室,4,一号自习区,16-06,2026-05-05 16:24:00,2026-05-05 19:41:00,1,1,gen_20260922_200_30
202301005,南苑分馆,4,一号自习区,34-11,2026-05-05 20:10:00,2026-05-05 22:29:00,0,1,gen_20260922_200_30
202101002,专业资料室,5,报刊阅览室,38-13,2026-05-05 19:05:00,2026-05-05 20:59:00,0,1,gen_20260922_200_30
202101002,中心图书馆,1,三层开架区,39-20,2026-05-05 21:35:00,2026-05-05 22:29:00,0,1,gen_20260922_200_30
202304004,南苑分馆,4,一号自习区,39-12,2026-05-05 16:34:00,2026-05-05 19:53:00,1,1,gen_20260922_200_30
202304004,南苑分馆,1,二号自习区,39-14,2026-05-05 20:35:00,2026-05-05 22:29:00,0,1,gen_20260922_200_30
202108001,南苑分馆,3,一号自习区,37-16,2026-05-05 09:10:00,2026-05-05 10:47:00,0,1,gen_20260922_200_30
202301006,专业资料室,5,三层开架区,01-12,2026-05-05 15:50:00,2026-05-05 16:48:00,0,1,gen_20260922_200_30
202301006,中心图书馆,3,静音研读间,03-02,2026-05-05 19:40:00,2026-05-05 22:29:00,0,1,gen_20260922_200_30
202303007,专业资料室,3,静音研读间,30-19,2026-05-05 14:22:00,2026-05-05 18:13:00,1,1,gen_20260922_200_30
202303007,南苑分馆,2,报刊阅览室,04-14,2026-05-05 18:37:00,2026-05-05 22:29:00,1,1,gen_20260922_200_30
202303008,中心图书馆,3,三层开架区,22-01,2026-05-05 13:38:00,2026-05-05 14:35:00,0,1,gen_20260922_200_30
202201013,中心图书馆,2,静音研读间,19-12,2026-05-05 17:40:00,2026-05-05 21:40:00,1,1,gen_20260922_200_30
202201013,南苑分馆,4,二号自习区,10-13,2026-05-05 21:55:00,2026-05-05 22:30:00,0,1,gen_20260922_200_30
202403004,专业资料室,4,二号自习区,13-04,2026-05-05 14:34:00,2026-05-05 18:34:00,1,1,gen_20260922_200_30
202403005,专业资料室,3,二号自习区,03-09,2026-05-05 14:17:00,2026-05-05 15:50:00,0,1,gen_20260922_200_30
202206002,南苑分馆,5,报刊阅览室,05-22,2026-05-05 19:17:00,2026-05-05 19:47:00,0,1,gen_20260922_200_30
202206002,南苑分馆,4,静音研读间,32-06,2026-05-05 20:27:00,2026-05-05 22:17:00,0,1,gen_20260922_200_30
202203003,专业资料室,2,电子阅览区,24-10,2026-05-05 15:22:00,2026-05-05 16:48:00,0,1,gen_20260922_200_30
202203003,南苑分馆,5,静音研读间,05-05,2026-05-05 20:12:00,2026-05-05 22:29:00,0,1,gen_20260922_200_30
202405001,专业资料室,3,二号自习区,13-03,2026-05-05 13:57:00,2026-05-05 16:05:00,0,1,gen_20260922_200_30
202202003,中心图书馆,2,电子阅览区,33-12,2026-05-05 08:00:00,2026-05-05 11:39:00,0,1,gen_20260922_200_30
202202003,专业资料室,4,二号自习区,27-01,2026-05-05 17:40:00,2026-05-05 20:04:00,1,1,gen_20260922_200_30
202203004,专业资料室,3,报刊阅览室,04-07,2026-05-05 17:50:00,2026-05-05 19:29:00,0,1,gen_20260922_200_30
202205003,专业资料室,5,一号自习区,05-05,2026-05-05 16:30:00,2026-05-05 18:56:00,1,1,gen_20260922_200_30
202401006,南苑分馆,1,静音研读间,31-06,2026-05-05 07:57:00,2026-05-05 10:57:00,0,1,gen_20260922_200_30
202401006,南苑分馆,1,一号自习区,37-22,2026-05-05 17:40:00,2026-05-05 19:23:00,0,1,gen_20260922_200_30
202201015,专业资料室,5,静音研读间,25-05,2026-05-05 14:15:00,2026-05-05 18:15:00,1,1,gen_20260922_200_30
202201015,专业资料室,4,电子阅览区,17-19,2026-05-05 18:56:00,2026-05-05 20:55:00,0,1,gen_20260922_200_30
202307004,专业资料室,1,报刊阅览室,35-07,2026-05-05 20:17:00,2026-05-05 21:11:00,0,1,gen_20260922_200_30
202106001,南苑分馆,3,电子阅览区,12-03,2026-05-05 17:40:00,2026-05-05 19:25:00,0,1,gen_20260922_200_30
202106001,南苑分馆,1,静音研读间,32-19,2026-05-05 19:53:00,2026-05-05 22:29:00,0,1,gen_20260922_200_30
202204004,南苑分馆,3,二号自习区,25-02,2026-05-05 14:59:00,2026-05-05 15:42:00,0,1,gen_20260922_200_30
202204004,南苑分馆,2,报刊阅览室,04-07,2026-05-05 17:40:00,2026-05-05 19:59:00,1,1,gen_20260922_200_30
202406002,中心图书馆,5,静音研读间,02-11,2026-05-05 19:42:00,2026-05-05 21:19:00,0,1,gen_20260922_200_30
202403006,南苑分馆,5,一号自习区,34-23,2026-05-05 15:27:00,2026-05-05 18:24:00,1,1,gen_20260922_200_30
202403006,专业资料室,1,三层开架区,38-12,2026-05-05 19:16:00,2026-05-05 22:29:00,0,1,gen_20260922_200_30
202303009,南苑分馆,1,二号自习区,29-11,2026-05-05 14:41:00,2026-05-05 16:17:00,0,1,gen_20260922_200_30
202303009,南苑分馆,2,电子阅览区,24-19,2026-05-05 21:34:00,2026-05-05 22:29:00,0,1,gen_20260922_200_30
202203005,南苑分馆,5,三层开架区,35-22,2026-05-05 13:56:00,2026-05-05 16:10:00,0,1,gen_20260922_200_30
202203005,南苑分馆,5,电子阅览区,22-16,2026-05-05 21:00:00,2026-05-05 22:23:00,0,1,gen_20260922_200_30
202305001,中心图书馆,5,报刊阅览室,18-22,2026-05-05 13:51:00,2026-05-05 14:36:00,0,1,gen_20260922_200_30
202105001,中心图书馆,1,报刊阅览室,10-12,2026-05-05 20:36:00,2026-05-05 21:34:00,0,1,gen_20260922_200_30
202205004,专业资料室,3,一号自习区,37-14,2026-05-05 19:03:00,2026-05-05 21:27:00,0,1,gen_20260922_200_30
202205005,专业资料室,3,报刊阅览室,05-15,2026-05-05 10:06:00,2026-05-05 11:16:00,0,1,gen_20260922_200_30
202201016,专业资料室,3,静音研读间,22-23,2026-05-05 17:40:00,2026-05-05 21:40:00,1,1,gen_20260922_200_30
202201016,南苑分馆,3,静音研读间,37-07,2026-05-05 21:42:00,2026-05-05 22:29:00,0,1,gen_20260922_200_30
202206003,中心图书馆,4,二号自习区,10-19,2026-05-05 12:01:00,2026-05-05 13:48:00,0,1,gen_20260922_200_30
202206003,南苑分馆,5,二号自习区,13-04,2026-05-05 17:40:00,2026-05-05 20:12:00,1,1,gen_20260922_200_30
202107002,专业资料室,4,一号自习区,20-22,2026-05-05 14:40:00,2026-05-05 17:24:00,0,1,gen_20260922_200_30
202107002,专业资料室,1,二号自习区,18-13,2026-05-05 17:40:00,2026-05-05 19:26:00,0,1,gen_20260922_200_30
202404002,南苑分馆,3,电子阅览区,21-17,2026-05-05 16:29:00,2026-05-05 19:01:00,1,1,gen_20260922_200_30
202404002,中心图书馆,5,二号自习区,25-05,2026-05-05 20:44:00,2026-05-05 22:12:00,0,1,gen_20260922_200_30
202303011,专业资料室,1,三层开架区,31-04,2026-05-05 21:48:00,2026-05-05 22:29:00,0,1,gen_20260922_200_30
202402003,南苑分馆,3,报刊阅览室,10-23,2026-05-05 13:54:00,2026-05-05 17:09:00,0,1,gen_20260922_200_30
202402003,专业资料室,5,报刊阅览室,18-19,2026-05-05 17:40:00,2026-05-05 18:57:00,0,1,gen_20260922_200_30
202202004,中心图书馆,3,报刊阅览室,26-05,2026-05-05 17:40:00,2026-05-05 18:10:00,0,1,gen_20260922_200_30
202202004,专业资料室,1,三层开架区,08-11,2026-05-05 20:09:00,2026-05-05 22:28:00,0,1,gen_20260922_200_30
202204005,专业资料室,3,二号自习区,06-01,2026-05-05 17:40:00,2026-05-05 20:29:00,1,1,gen_20260922_200_30
202204005,南苑分馆,3,静音研读间,20-01,2026-05-05 21:00:00,2026-05-05 22:29:00,0,1,gen_20260922_200_30
202102003,专业资料室,5,报刊阅览室,30-23,2026-05-05 18:47:00,2026-05-05 20:10:00,0,1,gen_20260922_200_30
202102003,中心图书馆,1,三层开架区,37-14,2026-05-05 20:20:00,2026-05-05 22:29:00,0,1,gen_20260922_200_30
202305002,专业资料室,2,三层开架区,27-08,2026-05-05 17:33:00,2026-05-05 18:30:00,0,1,gen_20260922_200_30
202102004,专业资料室,1,电子阅览区,17-09,2026-05-05 20:36:00,2026-05-05 22:29:00,0,1,gen_20260922_200_30
202402004,中心图书馆,3,二号自习区,38-15,2026-05-05 14:48:00,2026-05-05 17:21:00,0,1,gen_20260922_200_30
202402004,中心图书馆,5,二号自习区,02-12,2026-05-05 17:40:00,2026-05-05 21:40:00,1,1,gen_20260922_200_30
202203006,专业资料室,3,静音研读间,37-08,2026-05-05 15:49:00,2026-05-05 16:47:00,0,1,gen_20260922_200_30
202201017,中心图书馆,4,二号自习区,22-22,2026-05-05 13:42:00,2026-05-05 14:30:00,0,1,gen_20260922_200_30
202201017,中心图书馆,5,二号自习区,30-24,2026-05-05 17:40:00,2026-05-05 19:13:00,0,1,gen_20260922_200_30
202402005,专业资料室,5,一号自习区,12-12,2026-05-05 14:56:00,2026-05-05 17:42:00,1,1,gen_20260922_200_30
202306005,南苑分馆,3,一号自习区,31-24,2026-05-05 17:40:00,2026-05-05 20:23:00,1,1,gen_20260922_200_30
202306005,专业资料室,5,电子阅览区,35-22,2026-05-05 20:54:00,2026-05-05 22:29:00,0,1,gen_20260922_200_30
202402006,南苑分馆,3,三层开架区,04-21,2026-05-05 15:49:00,2026-05-05 18:56:00,1,1,gen_20260922_200_30
202402006,中心图书馆,4,静音研读间,12-01,2026-05-05 19:25:00,2026-05-05 21:08:00,0,1,gen_20260922_200_30
202405002,中心图书馆,5,三层开架区,03-14,2026-05-05 14:52:00,2026-05-05 17:07:00,0,1,gen_20260922_200_30
202405002,专业资料室,5,静音研读间,34-06,2026-05-05 17:40:00,2026-05-05 18:37:00,0,1,gen_20260922_200_30
202403008,专业资料室,1,一号自习区,38-06,2026-05-05 15:30:00,2026-05-05 16:42:00,0,1,gen_20260922_200_30
202201018,南苑分馆,4,二号自习区,09-11,2026-05-05 07:30:00,2026-05-05 10:23:00,0,1,gen_20260922_200_30
202203007,中心图书馆,2,电子阅览区,05-14,2026-05-05 19:23:00,2026-05-05 19:53:00,0,1,gen_20260922_200_30
202204006,专业资料室,2,三层开架区,26-23,2026-05-05 14:56:00,2026-05-05 15:28:00,0,1,gen_20260922_200_30
202403009,中心图书馆,5,静音研读间,25-17,2026-05-05 14:52:00,2026-05-05 16:06:00,0,1,gen_20260922_200_30
202403009,中心图书馆,3,电子阅览区,02-14,2026-05-05 21:38:00,2026-05-05 22:20:00,0,1,gen_20260922_200_30
202202005,中心图书馆,5,一号自习区,09-16,2026-05-05 17:40:00,2026-05-05 19:23:00,0,1,gen_20260922_200_30
202202005,南苑分馆,5,电子阅览区,27-10,2026-05-05 19:32:00,2026-05-05 22:03:00,0,1,gen_20260922_200_30
202305003,专业资料室,5,电子阅览区,32-23,2026-05-05 15:23:00,2026-05-05 15:54:00,0,1,gen_20260922_200_30
202402008,专业资料室,5,二号自习区,23-12,2026-05-05 15:45:00,2026-05-05 17:11:00,0,1,gen_20260922_200_30
202403010,专业资料室,2,报刊阅览室,38-22,2026-05-05 08:09:00,2026-05-05 11:03:00,0,1,gen_20260922_200_30
202403010,专业资料室,5,电子阅览区,34-09,2026-05-05 17:40:00,2026-05-05 19:14:00,0,1,gen_20260922_200_30
202403011,南苑分馆,3,一号自习区,05-09,2026-05-05 20:48:00,2026-05-05 22:00:00,0,1,gen_20260922_200_30
202301009,中心图书馆,3,三层开架区,34-21,2026-05-05 14:37:00,2026-05-05 16:40:00,0,1,gen_20260922_200_30
202301009,南苑分馆,1,三层开架区,39-22,2026-05-05 17:40:00,2026-05-05 18:58:00,0,1,gen_20260922_200_30
202204007,南苑分馆,2,静音研读间,35-21,2026-05-05 13:27:00,2026-05-05 17:27:00,0,1,gen_20260922_200_30
202204007,中心图书馆,2,二号自习区,21-12,2026-05-05 17:40:00,2026-05-05 19:28:00,0,1,gen_20260922_200_30
202207002,专业资料室,1,静音研读间,27-10,2026-05-05 14:36:00,2026-05-05 18:17:00,1,1,gen_20260922_200_30
202207003,专业资料室,3,电子阅览区,06-19,2026-05-05 19:20:00,2026-05-05 20:26:00,0,1,gen_20260922_200_30
202207003,中心图书馆,5,静音研读间,36-18,2026-05-05 21:33:00,2026-05-05 22:29:00,0,1,gen_20260922_200_30
202201019,专业资料室,4,报刊阅览室,28-19,2026-05-05 16:32:00,2026-05-05 18:27:00,0,1,gen_20260922_200_30
202201019,南苑分馆,2,二号自习区,09-19,2026-05-05 18:42:00,2026-05-05 22:29:00,0,1,gen_20260922_200_30
202203008,专业资料室,3,一号自习区,03-12,2026-05-05 14:21:00,2026-05-05 15:30:00,0,1,gen_20260922_200_30
202201020,专业资料室,5,电子阅览区,34-06,2026-05-05 14:28:00,2026-05-05 18:26:00,1,1,gen_20260922_200_30
202201020,南苑分馆,2,电子阅览区,09-22,2026-05-05 18:59:00,2026-05-05 22:21:00,0,1,gen_20260922_200_30
202402009,南苑分馆,5,电子阅览区,36-03,2026-05-05 17:40:00,2026-05-05 18:59:00,0,1,gen_20260922_200_30
202402009,南苑分馆,5,报刊阅览室,38-15,2026-05-05 19:52:00,2026-05-05 22:29:00,0,1,gen_20260922_200_30
202401007,专业资料室,3,一号自习区,37-24,2026-05-05 14:51:00,2026-05-05 15:25:00,0,1,gen_20260922_200_30
202202006,专业资料室,2,静音研读间,22-02,2026-05-05 15:50:00,2026-05-05 17:24:00,0,1,gen_20260922_200_30
202304005,中心图书馆,4,电子阅览区,09-03,2026-05-05 17:40:00,2026-05-05 21:40:00,1,1,gen_20260922_200_30
202304005,南苑分馆,3,三层开架区,31-01,2026-05-05 21:55:00,2026-05-05 22:30:00,0,1,gen_20260922_200_30
202306006,中心图书馆,3,三层开架区,20-05,2026-05-05 19:31:00,2026-05-05 20:50:00,0,1,gen_20260922_200_30
202105002,中心图书馆,1,三层开架区,24-15,2026-05-05 17:40:00,2026-05-05 19:02:00,0,1,gen_20260922_200_30
202105002,中心图书馆,5,二号自习区,23-16,2026-05-05 20:16:00,2026-05-05 22:29:00,0,1,gen_20260922_200_30
202201021,中心图书馆,4,一号自习区,37-24,2026-05-05 17:40:00,2026-05-05 20:02:00,1,1,gen_20260922_200_30
202201021,专业资料室,1,电子阅览区,02-19,2026-05-05 20:35:00,2026-05-05 22:29:00,0,1,gen_20260922_200_30
202406003,中心图书馆,1,一号自习区,34-13,2026-05-05 21:23:00,2026-05-05 22:29:00,0,1,gen_20260922_200_30
202303013,专业资料室,5,电子阅览区,29-03,2026-05-05 15:27:00,2026-05-05 16:40:00,0,1,gen_20260922_200_30
202303013,专业资料室,5,报刊阅览室,15-01,2026-05-05 21:55:00,2026-05-05 22:30:00,0,1,gen_20260922_200_30
202401008,专业资料室,3,报刊阅览室,22-23,2026-05-05 20:49:00,2026-05-05 21:59:00,0,1,gen_20260922_200_30
202304007,南苑分馆,2,报刊阅览室,15-13,2026-05-05 17:40:00,2026-05-05 18:54:00,0,1,gen_20260922_200_30
202304007,中心图书馆,4,电子阅览区,22-23,2026-05-05 20:29:00,2026-05-05 22:29:00,0,1,gen_20260922_200_30
202304008,专业资料室,4,电子阅览区,28-18,2026-05-05 21:55:00,2026-05-05 22:30:00,0,1,gen_20260922_200_30
202406004,中心图书馆,3,三层开架区,05-23,2026-05-05 16:28:00,2026-05-05 17:24:00,0,1,gen_20260922_200_30
202406004,专业资料室,1,报刊阅览室,20-14,2026-05-05 19:38:00,2026-05-05 21:27:00,0,1,gen_20260922_200_30
202204009,南苑分馆,5,电子阅览区,01-14,2026-05-05 17:40:00,2026-05-05 18:37:00,0,1,gen_20260922_200_30
202204009,南苑分馆,1,三层开架区,21-18,2026-05-05 20:07:00,2026-05-05 20:37:00,0,1,gen_20260922_200_30
202407004,专业资料室,3,一号自习区,11-21,2026-05-05 13:59:00,2026-05-05 17:18:00,0,1,gen_20260922_200_30
202407004,专业资料室,4,静音研读间,30-03,2026-05-05 20:46:00,2026-05-05 22:29:00,0,1,gen_20260922_200_30
202108004,专业资料室,4,电子阅览区,13-24,2026-05-05 12:49:00,2026-05-05 14:06:00,0,1,gen_20260922_200_30
202108004,中心图书馆,4,三层开架区,10-11,2026-05-05 17:40:00,2026-05-05 20:30:00,1,1,gen_20260922_200_30
202205007,南苑分馆,3,报刊阅览室,05-12,2026-05-05 21:10:00,,0,1,gen_20260922_200_30
202402010,专业资料室,3,二号自习区,11-15,2026-05-05 15:09:00,2026-05-05 16:56:00,0,1,gen_20260922_200_30
202402010,中心图书馆,5,三层开架区,38-02,2026-05-05 17:40:00,2026-05-05 19:48:00,1,1,gen_20260922_200_30
202301010,中心图书馆,5,一号自习区,14-17,2026-05-05 14:04:00,2026-05-05 15:27:00,0,1,gen_20260922_200_30
202301010,专业资料室,2,一号自习区,28-13,2026-05-05 20:46:00,2026-05-05 22:29:00,0,1,gen_20260922_200_30
202306007,专业资料室,1,三层开架区,39-16,2026-05-05 14:51:00,2026-05-05 18:51:00,1,1,gen_20260922_200_30
202306007,中心图书馆,2,一号自习区,32-16,2026-05-05 19:39:00,2026-05-05 20:29:00,0,1,gen_20260922_200_30
202402011,中心图书馆,5,电子阅览区,12-18,2026-05-05 15:06:00,2026-05-05 17:35:00,1,1,gen_20260922_200_30
202402011,专业资料室,4,二号自习区,08-11,2026-05-05 20:21:00,2026-05-05 22:29:00,0,1,gen_20260922_200_30
202408003,南苑分馆,1,静音研读间,37-20,2026-05-05 13:37:00,2026-05-05 14:24:00,0,1,gen_20260922_200_30
202408003,南苑分馆,1,一号自习区,37-05,2026-05-05 17:40:00,2026-05-05 20:05:00,1,1,gen_20260922_200_30
202401009,专业资料室,4,二号自习区,26-10,2026-05-05 17:40:00,2026-05-05 19:33:00,0,1,gen_20260922_200_30
202401009,南苑分馆,4,一号自习区,09-14,2026-05-05 20:24:00,2026-05-05 22:04:00,0,1,gen_20260922_200_30
202203009,中心图书馆,4,三层开架区,22-20,2026-05-05 14:52:00,2026-05-05 16:13:00,0,1,gen_20260922_200_30
202108006,南苑分馆,3,二号自习区,02-21,2026-05-05 21:55:00,2026-05-05 22:30:00,0,1,gen_20260922_200_30
202203010,南苑分馆,1,静音研读间,24-16,2026-05-05 19:16:00,2026-05-05 22:23:00,0,1,gen_20260922_200_30
202203010,中心图书馆,4,二号自习区,03-07,2026-05-05 21:55:00,2026-05-05 22:30:00,0,1,gen_20260922_200_30
202101006,中心图书馆,3,报刊阅览室,16-16,2026-05-05 09:49:00,2026-05-05 11:09:00,0,1,gen_20260922_200_30
202306008,专业资料室,5,电子阅览区,25-07,2026-05-05 15:50:00,2026-05-05 19:50:00,1,1,gen_20260922_200_30
202306008,专业资料室,1,三层开架区,20-22,2026-05-05 20:35:00,2026-05-05 22:29:00,0,1,gen_20260922_200_30
202406005,中心图书馆,2,报刊阅览室,31-12,2026-05-05 15:27:00,2026-05-05 16:30:00,0,1,gen_20260922_200_30
202302008,南苑分馆,4,三层开架区,02-22,2026-05-05 17:40:00,2026-05-05 19:22:00,0,1,gen_20260922_200_30
202302008,专业资料室,1,一号自习区,11-03,2026-05-05 19:57:00,2026-05-05 22:13:00,0,1,gen_20260922_200_30
202304010,南苑分馆,1,电子阅览区,09-14,2026-05-05 20:05:00,2026-05-05 20:51:00,0,1,gen_20260922_200_30
202203011,南苑分馆,5,一号自习区,34-13,2026-05-05 12:02:00,2026-05-05 14:09:00,0,1,gen_20260922_200_30
202201022,南苑分馆,3,二号自习区,29-20,2026-05-05 17:40:00,2026-05-05 21:40:00,1,1,gen_20260922_200_30
202201022,南苑分馆,5,电子阅览区,18-06,2026-05-05 21:55:00,2026-05-05 22:30:00,0,1,gen_20260922_200_30
202204003,南苑分馆,5,报刊阅览室,08-24,2026-05-05 14:59:00,2026-05-05 14:12:00,0,0,gen_20260922_200_30
202201016,专业资料室,3,静音研读间,22-23,2026-05-05 17:40:00,2026-05-08 05:16:00,1,0,gen_20260922_200_30
202205005,专业资料室,3,报刊阅览室,05-15,2026-05-05 10:06:00,2026-05-07 23:41:00,0,0,gen_20260922_200_30
202302001,中心图书馆,3,电子阅览区,30-24,2026-05-05 08:01:00,2026-05-05 06:45:00,0,0,gen_20260922_200_30
202203001,中心图书馆,5,报刊阅览室,08-16,2026-05-06 15:26:00,2026-05-06 16:05:00,0,1,gen_20260922_200_30
202203001,专业资料室,2,静音研读间,06-07,2026-05-06 20:48:00,2026-05-06 22:29:00,0,1,gen_20260922_200_30
202301001,南苑分馆,4,静音研读间,14-02,2026-05-06 21:01:00,2026-05-06 22:20:00,0,1,gen_20260922_200_30
202102001,专业资料室,5,电子阅览区,10-03,2026-05-06 18:47:00,2026-05-06 19:33:00,0,1,gen_20260922_200_30
202102002,专业资料室,2,静音研读间,36-04,2026-05-06 09:33:00,2026-05-06 11:32:00,0,1,gen_20260922_200_30
202102002,专业资料室,4,三层开架区,10-15,2026-05-06 17:40:00,2026-05-06 19:10:00,0,1,gen_20260922_200_30
202104001,中心图书馆,1,一号自习区,04-19,2026-05-06 14:39:00,2026-05-06 15:46:00,0,1,gen_20260922_200_30
202302002,南苑分馆,3,三层开架区,26-03,2026-05-06 17:40:00,2026-05-06 19:39:00,0,1,gen_20260922_200_30
202302002,中心图书馆,1,电子阅览区,19-06,2026-05-06 20:32:00,2026-05-06 22:29:00,0,1,gen_20260922_200_30
202303001,南苑分馆,5,一号自习区,10-23,2026-05-06 20:05:00,2026-05-06 21:11:00,0,1,gen_20260922_200_30
202304001,专业资料室,1,二号自习区,31-22,2026-05-06 20:08:00,2026-05-06 20:38:00,0,1,gen_20260922_200_30
202407001,中心图书馆,1,二号自习区,24-04,2026-05-06 09:38:00,2026-05-06 12:24:00,1,1,gen_20260922_200_30
202407001,中心图书馆,5,一号自习区,03-16,2026-05-06 17:40:00,2026-05-06 18:16:00,0,1,gen_20260922_200_30
202303002,中心图书馆,1,报刊阅览室,19-05,2026-05-06 14:54:00,2026-05-06 18:24:00,1,1,gen_20260922_200_30
202401002,南苑分馆,4,一号自习区,31-03,2026-05-06 15:19:00,2026-05-06 19:19:00,1,1,gen_20260922_200_30
202201003,南苑分馆,1,静音研读间,16-23,2026-05-06 20:34:00,2026-05-06 22:29:00,0,1,gen_20260922_200_30
202104002,南苑分馆,3,三层开架区,30-21,2026-05-06 19:53:00,2026-05-06 22:29:00,0,1,gen_20260922_200_30
202307001,南苑分馆,5,报刊阅览室,06-18,2026-05-06 14:04:00,2026-05-06 16:49:00,0,1,gen_20260922_200_30
202307001,中心图书馆,1,报刊阅览室,39-18,2026-05-06 17:40:00,2026-05-06 21:40:00,1,1,gen_20260922_200_30
202402001,南苑分馆,1,三层开架区,11-18,2026-05-06 15:41:00,2026-05-06 16:45:00,0,1,gen_20260922_200_30
202306001,中心图书馆,5,二号自习区,30-20,2026-05-06 17:40:00,2026-05-06 21:40:00,1,1,gen_20260922_200_30
202306001,南苑分馆,2,电子阅览区,16-15,2026-05-06 21:55:00,2026-05-06 22:30:00,0,1,gen_20260922_200_30
202303003,专业资料室,5,一号自习区,21-02,2026-05-06 14:13:00,2026-05-06 16:38:00,0,1,gen_20260922_200_30
202208001,中心图书馆,2,电子阅览区,07-24,2026-05-06 18:50:00,2026-05-06 21:26:00,0,1,gen_20260922_200_30
202201005,专业资料室,3,电子阅览区,01-01,2026-05-06 16:19:00,2026-05-06 16:58:00,0,1,gen_20260922_200_30
202201006,南苑分馆,5,一号自习区,25-11,2026-05-06 15:05:00,2026-05-06 16:31:00,0,1,gen_20260922_200_30
202201006,南苑分馆,4,静音研读间,19-07,2026-05-06 17:53:00,2026-05-06 20:31:00,1,1,gen_20260922_200_30
202402002,南苑分馆,4,二号自习区,10-15,2026-05-06 14:26:00,2026-05-06 15:45:00,0,1,gen_20260922_200_30
202303005,南苑分馆,1,一号自习区,07-05,2026-05-06 16:05:00,2026-05-06 17:25:00,0,1,gen_20260922_200_30
202303005,中心图书馆,3,静音研读间,31-22,2026-05-06 19:40:00,2026-05-06 21:27:00,0,1,gen_20260922_200_30
202301002,南苑分馆,3,电子阅览区,17-14,2026-05-06 14:37:00,2026-05-06 15:29:00,0,1,gen_20260922_200_30
202301002,南苑分馆,3,二号自习区,33-23,2026-05-06 17:40:00,2026-05-06 18:36:00,0,1,gen_20260922_200_30
202404001,南苑分馆,2,静音研读间,31-08,2026-05-06 19:24:00,2026-05-06 22:05:00,0,1,gen_20260922_200_30
202201007,南苑分馆,4,三层开架区,38-16,2026-05-06 16:28:00,2026-05-06 17:21:00,0,1,gen_20260922_200_30
202308002,专业资料室,1,一号自习区,24-16,2026-05-06 15:49:00,2026-05-06 17:03:00,0,1,gen_20260922_200_30
202302004,南苑分馆,4,静音研读间,32-18,2026-05-06 13:01:00,2026-05-06 15:51:00,0,1,gen_20260922_200_30
202302004,南苑分馆,5,静音研读间,39-23,2026-05-06 18:47:00,2026-05-06 21:10:00,0,1,gen_20260922_200_30
202201008,专业资料室,3,静音研读间,32-16,2026-05-06 16:00:00,2026-05-06 17:36:00,0,1,gen_20260922_200_30
202302005,专业资料室,1,报刊阅览室,16-13,2026-05-06 16:14:00,2026-05-06 17:00:00,0,1,gen_20260922_200_30
202302005,专业资料室,3,静音研读间,24-08,2026-05-06 17:40:00,2026-05-06 18:10:00,0,1,gen_20260922_200_30
202206001,中心图书馆,4,电子阅览区,38-09,2026-05-06 17:46:00,2026-05-06 18:36:00,0,1,gen_20260922_200_30
202307002,专业资料室,3,一号自习区,09-03,2026-05-06 15:09:00,2026-05-06 16:21:00,0,1,gen_20260922_200_30
202302006,中心图书馆,4,一号自习区,36-09,2026-05-06 15:11:00,2026-05-06 19:11:00,1,1,gen_20260922_200_30
202302006,南苑分馆,3,报刊阅览室,17-21,2026-05-06 19:25:00,2026-05-06 20:45:00,0,1,gen_20260922_200_30
202403001,专业资料室,2,静音研读间,08-14,2026-05-06 15:20:00,2026-05-06 16:29:00,0,1,gen_20260922_200_30
202204001,南苑分馆,4,一号自习区,27-17,2026-05-06 13:40:00,2026-05-06 17:40:00,1,1,gen_20260922_200_30
202204001,南苑分馆,3,一号自习区,28-19,2026-05-06 18:12:00,2026-05-06 19:29:00,0,1,gen_20260922_200_30
202403002,南苑分馆,4,二号自习区,17-13,2026-05-06 15:20:00,2026-05-06 16:59:00,0,1,gen_20260922_200_30
202401003,南苑分馆,5,报刊阅览室,06-12,2026-05-06 20:07:00,2026-05-06 21:34:00,0,1,gen_20260922_200_30
202401003,中心图书馆,4,一号自习区,04-13,2026-05-06 21:55:00,2026-05-06 22:30:00,0,1,gen_20260922_200_30
202301003,南苑分馆,3,电子阅览区,01-21,2026-05-06 20:20:00,2026-05-06 22:29:00,0,1,gen_20260922_200_30
202301003,南苑分馆,2,报刊阅览室,01-15,2026-05-06 21:55:00,2026-05-06 22:30:00,0,1,gen_20260922_200_30
202201009,南苑分馆,5,一号自习区,09-23,2026-05-06 18:59:00,2026-05-06 21:19:00,0,1,gen_20260922_200_30
202201009,中心图书馆,1,二号自习区,38-07,2026-05-06 21:55:00,2026-05-06 22:30:00,0,1,gen_20260922_200_30
202403003,专业资料室,3,电子阅览区,23-11,2026-05-06 16:13:00,2026-05-06 16:53:00,0,1,gen_20260922_200_30
202403003,专业资料室,2,静音研读间,13-02,2026-05-06 17:40:00,2026-05-06 19:09:00,0,1,gen_20260922_200_30
202301004,南苑分馆,3,报刊阅览室,26-13,2026-05-06 18:06:00,2026-05-06 19:59:00,0,1,gen_20260922_200_30
202201010,专业资料室,5,二号自习区,01-05,2026-05-06 19:33:00,2026-05-06 22:29:00,0,1,gen_20260922_200_30
202201010,中心图书馆,3,一号自习区,07-11,2026-05-06 21:55:00,2026-05-06 22:30:00,0,1,gen_20260922_200_30
202107001,专业资料室,2,静音研读间,35-24,2026-05-06 21:08:00,2026-05-06 22:29:00,0,1,gen_20260922_200_30
202204002,专业资料室,1,电子阅览区,26-05,2026-05-06 19:30:00,2026-05-06 21:04:00,0,1,gen_20260922_200_30
202205001,南苑分馆,1,电子阅览区,21-13,2026-05-06 14:33:00,2026-05-06 15:21:00,0,1,gen_20260922_200_30
202205001,南苑分馆,3,电子阅览区,08-01,2026-05-06 21:26:00,2026-05-06 22:29:00,0,1,gen_20260922_200_30
202303006,南苑分馆,1,静音研读间,20-06,2026-05-06 20:54:00,2026-05-06 22:29:00,0,1,gen_20260922_200_30
202304002,专业资料室,5,静音研读间,38-09,2026-05-06 16:52:00,2026-05-06 17:38:00,0,1,gen_20260922_200_30
202203002,南苑分馆,1,三层开架区,39-13,2026-05-06 17:22:00,2026-05-06 18:23:00,0,1,gen_20260922_200_30
202207001,中心图书馆,2,电子阅览区,10-12,2026-05-06 15:27:00,2026-05-06 15:57:00,0,1,gen_20260922_200_30
202304003,南苑分馆,5,静音研读间,14-08,2026-05-06 16:31:00,2026-05-06 17:02:00,0,1,gen_20260922_200_30
202304003,专业资料室,4,报刊阅览室,30-10,2026-05-06 20:48:00,2026-05-06 21:18:00,0,1,gen_20260922_200_30
202201011,南苑分馆,4,报刊阅览室,18-21,2026-05-06 13:53:00,2026-05-06 16:20:00,0,1,gen_20260922_200_30
202306003,中心图书馆,4,静音研读间,30-23,2026-05-06 21:38:00,2026-05-06 22:29:00,0,1,gen_20260922_200_30
202408001,专业资料室,5,二号自习区,24-02,2026-05-06 09:14:00,2026-05-06 10:02:00,0,1,gen_20260922_200_30
202204003,专业资料室,2,二号自习区,07-18,2026-05-06 15:11:00,2026-05-06 17:38:00,1,1,gen_20260922_200_30
202204003,南苑分馆,1,电子阅览区,33-03,2026-05-06 17:40:00,2026-05-06 19:13:00,0,1,gen_20260922_200_30
202205002,南苑分馆,3,报刊阅览室,35-03,2026-05-06 14:01:00,2026-05-06 16:11:00,0,1,gen_20260922_200_30
202205002,中心图书馆,2,一号自习区,19-17,2026-05-06 20:16:00,2026-05-06 22:29:00,0,1,gen_20260922_200_30
202202002,南苑分馆,4,报刊阅览室,27-11,2026-05-06 13:36:00,2026-05-06 14:34:00,0,1,gen_20260922_200_30
202202002,专业资料室,2,三层开架区,36-03,2026-05-06 17:40:00,2026-05-06 18:32:00,0,1,gen_20260922_200_30
202407003,中心图书馆,5,二号自习区,36-09,2026-05-06 17:40:00,2026-05-06 18:42:00,0,1,gen_20260922_200_30
202407003,专业资料室,2,报刊阅览室,01-16,2026-05-06 21:21:00,2026-05-06 22:29:00,0,1,gen_20260922_200_30
202301005,专业资料室,5,电子阅览区,30-22,2026-05-06 14:26:00,2026-05-06 17:54:00,1,1,gen_20260922_200_30
202301005,专业资料室,3,报刊阅览室,34-14,2026-05-06 18:21:00,2026-05-06 22:21:00,1,1,gen_20260922_200_30
202101002,南苑分馆,3,报刊阅览室,24-21,2026-05-06 15:55:00,2026-05-06 18:20:00,1,1,gen_20260922_200_30
202101002,中心图书馆,4,三层开架区,35-22,2026-05-06 18:57:00,2026-05-06 21:59:00,0,1,gen_20260922_200_30
202304004,专业资料室,1,电子阅览区,39-17,2026-05-06 15:18:00,2026-05-06 16:18:00,0,1,gen_20260922_200_30
202304004,专业资料室,1,报刊阅览室,24-05,2026-05-06 17:40:00,2026-05-06 18:28:00,0,1,gen_20260922_200_30
202301006,中心图书馆,5,二号自习区,27-13,2026-05-06 19:12:00,2026-05-06 20:01:00,0,1,gen_20260922_200_30
202301006,南苑分馆,5,报刊阅览室,27-03,2026-05-06 20:07:00,2026-05-06 21:05:00,0,1,gen_20260922_200_30
202303007,中心图书馆,1,报刊阅览室,18-16,2026-05-06 15:03:00,2026-05-06 16:53:00,0,1,gen_20260922_200_30
202303007,专业资料室,4,报刊阅览室,11-24,2026-05-06 19:33:00,2026-05-06 20:29:00,0,1,gen_20260922_200_30
202303008,中心图书馆,1,一号自习区,35-05,2026-05-06 20:37:00,2026-05-06 22:29:00,0,1,gen_20260922_200_30
202201013,专业资料室,4,报刊阅览室,14-07,2026-05-06 15:25:00,2026-05-06 17:12:00,0,1,gen_20260922_200_30
202201013,专业资料室,5,静音研读间,28-13,2026-05-06 17:40:00,2026-05-06 18:16:00,0,1,gen_20260922_200_30
202403004,中心图书馆,5,静音研读间,29-09,2026-05-06 20:42:00,2026-05-06 21:53:00,0,1,gen_20260922_200_30
202403005,专业资料室,2,电子阅览区,22-17,2026-05-06 08:57:00,2026-05-06 09:51:00,0,1,gen_20260922_200_30
202206002,中心图书馆,3,一号自习区,25-13,2026-05-06 15:11:00,2026-05-06 18:09:00,1,1,gen_20260922_200_30
202203003,南苑分馆,2,三层开架区,09-12,2026-05-06 21:55:00,2026-05-06 22:30:00,0,1,gen_20260922_200_30
202201014,专业资料室,4,静音研读间,36-04,2026-05-06 19:15:00,2026-05-06 20:30:00,0,1,gen_20260922_200_30
202405001,专业资料室,3,静音研读间,32-07,2026-05-06 21:21:00,2026-05-06 21:51:00,0,1,gen_20260922_200_30
202202003,专业资料室,3,三层开架区,25-11,2026-05-06 14:01:00,2026-05-06 17:08:00,0,1,gen_20260922_200_30
202202003,中心图书馆,4,静音研读间,33-07,2026-05-06 17:40:00,2026-05-06 20:29:00,1,1,gen_20260922_200_30
202203004,专业资料室,1,二号自习区,20-12,2026-05-06 20:59:00,2026-05-06 22:29:00,0,1,gen_20260922_200_30
202205003,专业资料室,3,报刊阅览室,35-02,2026-05-06 14:21:00,2026-05-06 14:57:00,0,1,gen_20260922_200_30
202205003,专业资料室,5,三层开架区,10-17,2026-05-06 17:40:00,2026-05-06 19:07:00,0,1,gen_20260922_200_30
202401006,南苑分馆,4,电子阅览区,15-14,2026-05-06 15:34:00,2026-05-06 19:04:00,1,1,gen_20260922_200_30
202401006,专业资料室,3,报刊阅览室,38-09,2026-05-06 19:36:00,2026-05-06 22:01:00,0,1,gen_20260922_200_30
202201015,专业资料室,1,一号自习区,02-03,2026-05-06 19:49:00,2026-05-06 20:37:00,0,1,gen_20260922_200_30
202307004,专业资料室,5,一号自习区,31-14,2026-05-06 08:18:00,2026-05-06 09:51:00,0,1,gen_20260922_200_30
202307004,南苑分馆,1,电子阅览区,25-16,2026-05-06 17:40:00,2026-05-06 20:51:00,1,1,gen_20260922_200_30
202208002,南苑分馆,2,静音研读间,32-23,2026-05-06 20:06:00,2026-05-06 20:47:00,0,1,gen_20260922_200_30
202106001,专业资料室,1,一号自习区,35-01,2026-05-06 19:10:00,2026-05-06 21:00:00,0,1,gen_20260922_200_30
202204004,南苑分馆,5,二号自习区,14-17,2026-05-06 15:53:00,2026-05-06 18:04:00,1,1,gen_20260922_200_30
202406002,中心图书馆,1,静音研读间,14-05,2026-05-06 15:20:00,2026-05-06 17:03:00,0,1,gen_20260922_200_30
202101003,专业资料室,2,二号自习区,25-24,2026-05-06 14:28:00,2026-05-06 16:32:00,0,1,gen_20260922_200_30
202101003,专业资料室,1,三层开架区,07-05,2026-05-06 19:39:00,2026-05-06 20:50:00,0,1,gen_20260922_200_30
202101004,专业资料室,2,二号自习区,31-08,2026-05-06 14:56:00,2026-05-06 15:42:00,0,1,gen_20260922_200_30
202101004,中心图书馆,4,电子阅览区,29-05,2026-05-06 17:40:00,2026-05-06 18:20:00,0,1,gen_20260922_200_30
202403006,南苑分馆,2,二号自习区,05-22,2026-05-06 14:21:00,2026-05-06 18:21:00,1,1,gen_20260922_200_30
202103001,南苑分馆,3,一号自习区,31-14,2026-05-06 15:28:00,2026-05-06 16:48:00,0,1,gen_20260922_200_30
202303009,南苑分馆,4,二号自习区,23-16,2026-05-06 21:37:00,2026-05-06 22:29:00,0,1,gen_20260922_200_30
202108002,中心图书馆,4,报刊阅览室,06-18,2026-05-06 17:39:00,2026-05-06 18:22:00,0,1,gen_20260922_200_30
202403007,中心图书馆,1,静音研读间,15-04,2026-05-06 18:54:00,2026-05-06 20:43:00,0,1,gen_20260922_200_30
202403007,南苑分馆,5,报刊阅览室,08-10,2026-05-06 21:50:00,2026-05-06 22:29:00,0,1,gen_20260922_200_30
202203005,中心图书馆,3,电子阅览区,28-21,2026-05-06 17:40:00,2026-05-06 21:40:00,1,1,gen_20260922_200_30
202203005,南苑分馆,3,电子阅览区,13-05,2026-05-06 21:55:00,2026-05-06 22:30:00,0,1,gen_20260922_200_30
202305001,专业资料室,3,电子阅览区,10-15,2026-05-06 15:31:00,2026-05-06 18:31:00,1,1,gen_20260922_200_30
202303010,南苑分馆,5,报刊阅览室,07-19,2026-05-06 13:27:00,2026-05-06 15:16:00,0,1,gen_20260922_200_30
202105001,中心图书馆,3,静音研读间,29-10,2026-05-06 15:08:00,2026-05-06 15:38:00,0,1,gen_20260922_200_30
202105001,专业资料室,2,静音研读间,25-17,2026-05-06 21:32:00,2026-05-06 22:29:00,0,1,gen_20260922_200_30
202205005,专业资料室,4,一号自习区,12-21,2026-05-06 20:03:00,2026-05-06 21:11:00,0,1,gen_20260922_200_30
202201016,专业资料室,5,一号自习区,03-23,2026-05-06 15:53:00,2026-05-06 16:44:00,0,1,gen_20260922_200_30
202201016,中心图书馆,4,二号自习区,22-06,2026-05-06 21:24:00,2026-05-06 22:29:00,0,1,gen_20260922_200_30
202206003,专业资料室,1,静音研读间,19-08,2026-05-06 14:24:00,2026-05-06 16:51:00,0,1,gen_20260922_200_30
202206003,南苑分馆,3,电子阅览区,33-15,2026-05-06 18:48:00,2026-05-06 21:36:00,0,1,gen_20260922_200_30
202107002,专业资料室,2,二号自习区,33-22,2026-05-06 20:34:00,2026-05-06 22:29:00,0,1,gen_20260922_200_30
202404002,专业资料室,4,二号自习区,27-22,2026-05-06 19:25:00,2026-05-06 20:45:00,0,1,gen_20260922_200_30
202404002,专业资料室,3,三层开架区,02-15,2026-05-06 21:16:00,,0,1,gen_20260922_200_30
202303011,中心图书馆,2,三层开架区,35-21,2026-05-06 14:18:00,2026-05-06 16:55:00,0,1,gen_20260922_200_30
202303011,南苑分馆,4,二号自习区,02-16,2026-05-06 17:40:00,2026-05-06 20:23:00,1,1,gen_20260922_200_30
202402003,专业资料室,4,二号自习区,36-05,2026-05-06 19:21:00,2026-05-06 20:56:00,0,1,gen_20260922_200_30
202402003,南苑分馆,1,报刊阅览室,39-18,2026-05-06 21:44:00,2026-05-06 22:20:00,0,1,gen_20260922_200_30
202204005,中心图书馆,1,三层开架区,26-15,2026-05-06 15:09:00,2026-05-06 19:09:00,1,1,gen_20260922_200_30
202204005,南苑分馆,5,一号自习区,15-08,2026-05-06 21:21:00,2026-05-06 22:29:00,0,1,gen_20260922_200_30
202102003,专业资料室,5,电子阅览区,34-04,2026-05-06 19:11:00,2026-05-06 20:14:00,0,1,gen_20260922_200_30
202306004,专业资料室,5,三层开架区,04-15,2026-05-06 14:41:00,2026-05-06 15:58:00,0,1,gen_20260922_200_30
202301007,专业资料室,1,二号自习区,36-15,2026-05-06 10:09:00,2026-05-06 12:54:00,1,1,gen_20260922_200_30
202305002,专业资料室,2,静音研读间,21-11,2026-05-06 15:49:00,2026-05-06 16:19:00,0,1,gen_20260922_200_30
202402004,南苑分馆,3,报刊阅览室,19-15,2026-05-06 17:40:00,2026-05-06 21:40:00,1,1,gen_20260922_200_30
202402004,南苑分馆,5,电子阅览区,16-13,2026-05-06 21:55:00,2026-05-06 22:30:00,0,1,gen_20260922_200_30
202203006,专业资料室,3,报刊阅览室,03-14,2026-05-06 14:25:00,2026-05-06 16:48:00,0,1,gen_20260922_200_30
202201017,中心图书馆,3,报刊阅览室,25-07,2026-05-06 14:04:00,2026-05-06 15:26:00,0,1,gen_20260922_200_30
202205006,中心图书馆,3,静音研读间,22-24,2026-05-06 07:30:00,2026-05-06 08:34:00,0,1,gen_20260922_200_30
202306005,中心图书馆,1,电子阅览区,38-21,2026-05-06 14:22:00,2026-05-06 15:51:00,0,1,gen_20260922_200_30
202306005,专业资料室,1,三层开架区,20-16,2026-05-06 17:40:00,2026-05-06 21:40:00,1,1,gen_20260922_200_30
202402006,南苑分馆,2,三层开架区,09-19,2026-05-06 15:22:00,2026-05-06 18:04:00,1,1,gen_20260922_200_30
202402006,中心图书馆,3,报刊阅览室,09-12,2026-05-06 18:50:00,2026-05-06 19:55:00,0,1,gen_20260922_200_30
202405002,南苑分馆,5,电子阅览区,02-02,2026-05-06 14:25:00,2026-05-06 17:12:00,0,1,gen_20260922_200_30
202405002,中心图书馆,4,一号自习区,07-15,2026-05-06 17:53:00,2026-05-06 21:21:00,1,1,gen_20260922_200_30
202301008,专业资料室,3,一号自习区,14-23,2026-05-06 17:40:00,2026-05-06 20:56:00,1,1,gen_20260922_200_30
202301008,南苑分馆,5,报刊阅览室,15-07,2026-05-06 21:49:00,2026-05-06 22:29:00,0,1,gen_20260922_200_30
202402007,专业资料室,2,二号自习区,28-22,2026-05-06 19:40:00,2026-05-06 20:10:00,0,1,gen_20260922_200_30
202403009,专业资料室,3,一号自习区,16-04,2026-05-06 15:11:00,2026-05-06 15:59:00,0,1,gen_20260922_200_30
202202005,南苑分馆,3,一号自习区,28-09,2026-05-06 14:38:00,2026-05-06 17:55:00,1,1,gen_20260922_200_30
202202005,专业资料室,2,电子阅览区,06-22,2026-05-06 18:59:00,2026-05-06 22:29:00,0,1,gen_20260922_200_30
202108003,专业资料室,2,电子阅览区,36-07,2026-05-06 14:09:00,2026-05-06 16:22:00,0,1,gen_20260922_200_30
202403010,南苑分馆,5,一号自习区,37-15,2026-05-06 17:40:00,2026-05-06 18:34:00,0,1,gen_20260922_200_30
202403010,南苑分馆,1,电子阅览区,06-24,2026-05-06 20:29:00,2026-05-06 22:29:00,0,1,gen_20260922_200_30
202403012,南苑分馆,5,电子阅览区,03-16,2026-05-06 20:51:00,2026-05-06 22:29:00,0,1,gen_20260922_200_30
202301009,专业资料室,5,电子阅览区,16-15,2026-05-06 20:13:00,2026-05-06 21:57:00,0,1,gen_20260922_200_30
202204007,中心图书馆,1,静音研读间,02-03,2026-05-06 17:40:00,2026-05-06 18:54:00,0,1,gen_20260922_200_30
202204007,中心图书馆,5,三层开架区,18-15,2026-05-06 19:08:00,2026-05-06 22:29:00,0,1,gen_20260922_200_30
202207002,中心图书馆,5,二号自习区,33-24,2026-05-06 13:49:00,2026-05-06 16:07:00,0,1,gen_20260922_200_30
202207002,专业资料室,3,电子阅览区,15-18,2026-05-06 17:40:00,2026-05-06 19:49:00,1,1,gen_20260922_200_30
202207003,专业资料室,3,报刊阅览室,01-08,2026-05-06 14:52:00,2026-05-06 17:43:00,1,1,gen_20260922_200_30
202201019,南苑分馆,2,静音研读间,33-07,2026-05-06 14:01:00,2026-05-06 18:01:00,1,1,gen_20260922_200_30
202201019,专业资料室,1,三层开架区,08-13,2026-05-06 18:57:00,2026-05-06 21:05:00,0,1,gen_20260922_200_30
202203008,专业资料室,2,电子阅览区,19-14,2026-05-06 15:47:00,2026-05-06 17:11:00,0,1,gen_20260922_200_30
202203008,专业资料室,5,一号自习区,05-02,2026-05-06 17:40:00,2026-05-06 19:38:00,0,1,gen_20260922_200_30
202201020,中心图书馆,5,三层开架区,06-11,2026-05-06 15:13:00,2026-05-06 17:13:00,0,1,gen_20260922_200_30
202201020,中心图书馆,4,报刊阅览室,06-23,2026-05-06 20:12:00,2026-05-06 22:29:00,0,1,gen_20260922_200_30
202402009,中心图书馆,2,电子阅览区,14-24,2026-05-06 16:36:00,2026-05-06 20:36:00,1,1,gen_20260922_200_30
202402009,中心图书馆,1,三层开架区,39-06,2026-05-06 21:35:00,2026-05-06 22:29:00,0,1,gen_20260922_200_30
202202006,南苑分馆,2,静音研读间,12-22,2026-05-06 13:41:00,2026-05-06 14:19:00,0,1,gen_20260922_200_30
202304005,南苑分馆,4,报刊阅览室,33-06,2026-05-06 20:06:00,2026-05-06 22:29:00,0,1,gen_20260922_200_30
202304005,南苑分馆,2,电子阅览区,22-12,2026-05-06 21:55:00,2026-05-06 22:30:00,0,1,gen_20260922_200_30
202306006,南苑分馆,1,二号自习区,23-17,2026-05-06 13:24:00,2026-05-06 16:53:00,0,1,gen_20260922_200_30
202306006,中心图书馆,5,静音研读间,02-09,2026-05-06 20:02:00,2026-05-06 21:26:00,0,1,gen_20260922_200_30
202105002,专业资料室,2,静音研读间,22-20,2026-05-06 19:11:00,2026-05-06 21:20:00,0,1,gen_20260922_200_30
202201021,中心图书馆,5,一号自习区,14-03,2026-05-06 14:56:00,2026-05-06 18:56:00,1,1,gen_20260922_200_30
202406003,专业资料室,3,静音研读间,38-23,2026-05-06 15:23:00,2026-05-06 16:18:00,0,1,gen_20260922_200_30
202303013,中心图书馆,3,三层开架区,17-23,2026-05-06 14:46:00,2026-05-06 16:18:00,0,1,gen_20260922_200_30
202303013,南苑分馆,2,二号自习区,36-12,2026-05-06 17:40:00,2026-05-06 19:50:00,1,1,gen_20260922_200_30
202401008,专业资料室,1,静音研读间,37-22,2026-05-06 19:22:00,2026-05-06 20:57:00,0,1,gen_20260922_200_30
202401008,专业资料室,4,一号自习区,06-10,2026-05-06 21:30:00,2026-05-06 22:29:00,0,1,gen_20260922_200_30
202304007,专业资料室,3,一号自习区,18-06,2026-05-06 13:39:00,2026-05-06 16:24:00,0,1,gen_20260922_200_30
202406004,专业资料室,4,三层开架区,20-17,2026-05-06 17:40:00,2026-05-06 21:40:00,1,1,gen_20260922_200_30
202406004,专业资料室,4,静音研读间,16-15,2026-05-06 21:55:00,2026-05-06 22:30:00,0,1,gen_20260922_200_30
202204008,专业资料室,3,电子阅览区,14-14,2026-05-06 14:54:00,2026-05-06 16:30:00,0,1,gen_20260922_200_30
202206004,南苑分馆,3,二号自习区,06-23,2026-05-06 14:34:00,2026-05-06 16:14:00,0,1,gen_20260922_200_30
202204009,专业资料室,2,三层开架区,03-21,2026-05-06 19:55:00,2026-05-06 21:06:00,0,1,gen_20260922_200_30
202407004,专业资料室,5,三层开架区,26-03,2026-05-06 15:39:00,2026-05-06 19:39:00,1,1,gen_20260922_200_30
202407004,专业资料室,2,三层开架区,23-07,2026-05-06 19:40:00,2026-05-06 22:25:00,0,1,gen_20260922_200_30
202108004,中心图书馆,2,三层开架区,16-19,2026-05-06 16:51:00,2026-05-06 20:51:00,1,1,gen_20260922_200_30
202108004,中心图书馆,2,静音研读间,38-12,2026-05-06 21:21:00,2026-05-06 22:29:00,0,1,gen_20260922_200_30
202205007,中心图书馆,4,电子阅览区,01-10,2026-05-06 13:53:00,2026-05-06 14:49:00,0,1,gen_20260922_200_30
202205007,中心图书馆,1,静音研读间,18-18,2026-05-06 18:58:00,2026-05-06 20:29:00,0,1,gen_20260922_200_30
202402010,南苑分馆,5,二号自习区,36-14,2026-05-06 14:22:00,2026-05-06 16:31:00,0,1,gen_20260922_200_30
202301010,南苑分馆,3,三层开架区,18-01,2026-05-06 14:50:00,2026-05-06 18:50:00,1,1,gen_20260922_200_30
202301010,中心图书馆,3,报刊阅览室,37-02,2026-05-06 20:59:00,2026-05-06 22:10:00,0,1,gen_20260922_200_30
202306007,南苑分馆,5,电子阅览区,04-18,2026-05-06 16:24:00,2026-05-06 17:07:00,0,1,gen_20260922_200_30
202306007,专业资料室,4,二号自习区,27-01,2026-05-06 19:20:00,2026-05-06 22:05:00,0,1,gen_20260922_200_30
202402011,中心图书馆,5,一号自习区,03-22,2026-05-06 21:10:00,2026-05-06 22:29:00,0,1,gen_20260922_200_30
202408003,中心图书馆,4,二号自习区,10-03,2026-05-06 21:34:00,2026-05-06 22:29:00,0,1,gen_20260922_200_30
202108006,专业资料室,3,报刊阅览室,05-13,2026-05-06 21:31:00,2026-05-06 22:29:00,0,1,gen_20260922_200_30
202203010,南苑分馆,3,静音研读间,16-18,2026-05-06 17:40:00,2026-05-06 19:39:00,0,1,gen_20260922_200_30
202203010,南苑分馆,5,电子阅览区,13-10,2026-05-06 20:28:00,2026-05-06 22:29:00,0,1,gen_20260922_200_30
202303014,中心图书馆,5,一号自习区,07-13,2026-05-06 15:40:00,2026-05-06 16:23:00,0,1,gen_20260922_200_30
202101006,中心图书馆,2,一号自习区,25-12,2026-05-06 14:53:00,2026-05-06 15:44:00,0,1,gen_20260922_200_30
202306008,南苑分馆,5,一号自习区,04-20,2026-05-06 20:27:00,2026-05-06 22:29:00,0,1,gen_20260922_200_30
202304010,南苑分馆,5,一号自习区,12-01,2026-05-06 14:30:00,2026-05-06 17:32:00,1,1,gen_20260922_200_30
202201022,专业资料室,1,电子阅览区,39-10,2026-05-06 13:59:00,2026-05-06 16:16:00,0,1,gen_20260922_200_30
202201022,专业资料室,3,电子阅览区,03-02,2026-05-06 17:40:00,2026-05-06 20:48:00,1,1,gen_20260922_200_30
202204003,南苑分馆,1,电子阅览区,33-03,2026-05-06 17:40:00,2026-05-06 16:30:00,0,0,gen_20260922_200_30
202305002,专业资料室,2,静音研读间,21-11,2026-05-06 15:49:00,2026-05-08 17:24:00,0,0,gen_20260922_200_30
202205001,南苑分馆,1,电子阅览区,21-13,2026-05-06 14:33:00,2026-05-09 20:32:00,0,0,gen_20260922_200_30
202202006,南苑分馆,2,静音研读间,12-22,2026-05-06 13:41:00,2026-05-06 12:49:00,0,0,gen_20260922_200_30
202203001,中心图书馆,5,一号自习区,22-13,2026-05-07 13:00:00,2026-05-07 14:44:00,0,1,gen_20260922_200_30
202203001,中心图书馆,5,电子阅览区,02-12,2026-05-07 18:37:00,2026-05-07 19:11:00,0,1,gen_20260922_200_30
202308001,南苑分馆,5,电子阅览区,03-20,2026-05-07 19:32:00,2026-05-07 21:19:00,0,1,gen_20260922_200_30
202302001,南苑分馆,4,静音研读间,38-04,2026-05-07 19:02:00,2026-05-07 19:37:00,0,1,gen_20260922_200_30
202202001,南苑分馆,3,二号自习区,05-09,2026-05-07 19:48:00,2026-05-07 22:29:00,0,1,gen_20260922_200_30
202102001,中心图书馆,2,三层开架区,28-07,2026-05-07 19:29:00,2026-05-07 22:08:00,0,1,gen_20260922_200_30
202102002,中心图书馆,5,报刊阅览室,26-11,2026-05-07 16:18:00,2026-05-07 18:44:00,1,1,gen_20260922_200_30
202102002,专业资料室,4,一号自习区,02-13,2026-05-07 20:28:00,2026-05-07 21:59:00,0,1,gen_20260922_200_30
202302002,南苑分馆,5,电子阅览区,30-07,2026-05-07 16:32:00,2026-05-07 17:40:00,0,1,gen_20260922_200_30
202201001,中心图书馆,4,二号自习区,20-22,2026-05-07 14:12:00,2026-05-07 14:42:00,0,1,gen_20260922_200_30
202303001,中心图书馆,3,静音研读间,02-18,2026-05-07 19:04:00,2026-05-07 22:29:00,0,1,gen_20260922_200_30
202401001,专业资料室,1,三层开架区,31-15,2026-05-07 19:51:00,2026-05-07 20:21:00,0,1,gen_20260922_200_30
202401001,专业资料室,5,电子阅览区,11-23,2026-05-07 21:10:00,2026-05-07 21:45:00,0,1,gen_20260922_200_30
202407001,专业资料室,5,二号自习区,06-07,2026-05-07 15:24:00,2026-05-07 18:30:00,1,1,gen_20260922_200_30
202303002,南苑分馆,1,报刊阅览室,28-13,2026-05-07 14:36:00,2026-05-07 16:11:00,0,1,gen_20260922_200_30
202401002,南苑分馆,4,报刊阅览室,35-09,2026-05-07 18:46:00,2026-05-07 22:07:00,0,1,gen_20260922_200_30
202201003,中心图书馆,4,电子阅览区,14-17,2026-05-07 14:36:00,2026-05-07 16:47:00,0,1,gen_20260922_200_30
202201004,中心图书馆,3,报刊阅览室,01-15,2026-05-07 14:40:00,2026-05-07 18:40:00,1,1,gen_20260922_200_30
202201004,南苑分馆,3,电子阅览区,36-09,2026-05-07 19:01:00,2026-05-07 20:03:00,0,1,gen_20260922_200_30
202104002,专业资料室,5,静音研读间,28-14,2026-05-07 15:03:00,2026-05-07 16:05:00,0,1,gen_20260922_200_30
202307001,中心图书馆,5,三层开架区,35-20,2026-05-07 12:44:00,2026-05-07 13:14:00,0,1,gen_20260922_200_30
202307001,南苑分馆,4,三层开架区,03-12,2026-05-07 17:40:00,2026-05-07 21:40:00,1,1,gen_20260922_200_30
202402001,中心图书馆,1,一号自习区,10-23,2026-05-07 21:39:00,2026-05-07 22:29:00,0,1,gen_20260922_200_30
202306001,中心图书馆,2,一号自习区,35-12,2026-05-07 15:37:00,2026-05-07 16:40:00,0,1,gen_20260922_200_30
202306001,专业资料室,1,电子阅览区,31-07,2026-05-07 17:40:00,2026-05-07 21:33:00,1,1,gen_20260922_200_30
202303003,专业资料室,3,一号自习区,29-22,2026-05-07 15:42:00,2026-05-07 16:39:00,0,1,gen_20260922_200_30
202303003,专业资料室,3,三层开架区,17-05,2026-05-07 20:04:00,2026-05-07 21:30:00,0,1,gen_20260922_200_30
202302003,中心图书馆,1,三层开架区,01-15,2026-05-07 18:37:00,2026-05-07 19:26:00,0,1,gen_20260922_200_30
202201006,专业资料室,3,静音研读间,33-15,2026-05-07 17:40:00,2026-05-07 19:01:00,0,1,gen_20260922_200_30
202201006,南苑分馆,5,二号自习区,07-18,2026-05-07 19:47:00,2026-05-07 21:32:00,0,1,gen_20260922_200_30
202303005,中心图书馆,5,二号自习区,31-07,2026-05-07 16:37:00,2026-05-07 17:56:00,0,1,gen_20260922_200_30
202303005,南苑分馆,4,报刊阅览室,37-18,2026-05-07 18:25:00,2026-05-07 20:29:00,1,1,gen_20260922_200_30
202301002,专业资料室,3,二号自习区,07-10,2026-05-07 14:21:00,2026-05-07 15:23:00,0,1,gen_20260922_200_30
202404001,中心图书馆,2,电子阅览区,31-11,2026-05-07 13:14:00,2026-05-07 17:14:00,0,1,gen_20260922_200_30
202407002,专业资料室,3,一号自习区,30-24,2026-05-07 16:03:00,2026-05-07 17:51:00,0,1,gen_20260922_200_30
202201007,专业资料室,2,二号自习区,18-20,2026-05-07 07:46:00,2026-05-07 09:08:00,0,1,gen_20260922_200_30
202306002,南苑分馆,4,一号自习区,10-07,2026-05-07 16:17:00,2026-05-07 17:49:00,0,1,gen_20260922_200_30
202306002,中心图书馆,4,一号自习区,37-21,2026-05-07 18:38:00,2026-05-07 20:39:00,1,1,gen_20260922_200_30
202308002,中心图书馆,2,静音研读间,18-18,2026-05-07 15:24:00,2026-05-07 16:31:00,0,1,gen_20260922_200_30
202302004,中心图书馆,5,静音研读间,12-13,2026-05-07 17:40:00,2026-05-07 20:21:00,1,1,gen_20260922_200_30
202302004,专业资料室,4,电子阅览区,17-05,2026-05-07 20:23:00,2026-05-07 22:29:00,0,1,gen_20260922_200_30
202201008,专业资料室,2,电子阅览区,24-11,2026-05-07 20:03:00,2026-05-07 22:29:00,0,1,gen_20260922_200_30
202302005,南苑分馆,2,报刊阅览室,35-11,2026-05-07 19:38:00,2026-05-07 20:35:00,0,1,gen_20260922_200_30
202302005,中心图书馆,5,静音研读间,37-07,2026-05-07 21:55:00,2026-05-07 22:30:00,0,1,gen_20260922_200_30
202206001,专业资料室,1,二号自习区,37-22,2026-05-07 17:40:00,2026-05-07 21:35:00,1,1,gen_20260922_200_30
202206001,专业资料室,4,静音研读间,04-15,2026-05-07 21:55:00,2026-05-07 22:30:00,0,1,gen_20260922_200_30
202307002,中心图书馆,3,三层开架区,08-05,2026-05-07 17:04:00,2026-05-07 20:35:00,1,1,gen_20260922_200_30
202302006,专业资料室,4,报刊阅览室,30-21,2026-05-07 14:13:00,2026-05-07 16:49:00,0,1,gen_20260922_200_30
202302006,专业资料室,4,电子阅览区,38-22,2026-05-07 19:43:00,2026-05-07 21:45:00,0,1,gen_20260922_200_30
202403001,中心图书馆,3,电子阅览区,38-03,2026-05-07 20:42:00,2026-05-07 22:13:00,0,1,gen_20260922_200_30
202204001,专业资料室,4,静音研读间,30-08,2026-05-07 17:40:00,2026-05-07 18:43:00,0,1,gen_20260922_200_30
202204001,中心图书馆,2,电子阅览区,08-20,2026-05-07 20:10:00,2026-05-07 22:29:00,0,1,gen_20260922_200_30
202403002,中心图书馆,1,电子阅览区,29-14,2026-05-07 15:45:00,2026-05-07 17:35:00,0,1,gen_20260922_200_30
202403002,中心图书馆,5,电子阅览区,30-13,2026-05-07 17:40:00,2026-05-07 18:46:00,0,1,gen_20260922_200_30
202401003,中心图书馆,5,报刊阅览室,37-01,2026-05-07 17:40:00,2026-05-07 21:40:00,1,1,gen_20260922_200_30
202401003,专业资料室,3,报刊阅览室,12-02,2026-05-07 21:55:00,2026-05-07 22:30:00,0,1,gen_20260922_200_30
202301003,南苑分馆,5,二号自习区,14-02,2026-05-07 17:40:00,2026-05-07 18:31:00,0,1,gen_20260922_200_30
202301003,中心图书馆,2,静音研读间,17-18,2026-05-07 20:19:00,2026-05-07 22:29:00,0,1,gen_20260922_200_30
202201009,中心图书馆,5,三层开架区,16-02,2026-05-07 09:00:00,2026-05-07 11:11:00,0,1,gen_20260922_200_30
202301004,专业资料室,5,静音研读间,33-12,2026-05-07 15:35:00,2026-05-07 16:37:00,0,1,gen_20260922_200_30
202301004,中心图书馆,1,三层开架区,24-05,2026-05-07 18:09:00,2026-05-07 18:39:00,0,1,gen_20260922_200_30
202201010,专业资料室,2,报刊阅览室,29-04,2026-05-07 20:15:00,2026-05-07 21:42:00,0,1,gen_20260922_200_30
202107001,专业资料室,4,一号自习区,35-12,2026-05-07 20:09:00,2026-05-07 22:05:00,0,1,gen_20260922_200_30
202307003,中心图书馆,4,三层开架区,02-11,2026-05-07 19:19:00,2026-05-07 20:14:00,0,1,gen_20260922_200_30
202303006,中心图书馆,2,二号自习区,08-02,2026-05-07 17:40:00,2026-05-07 19:39:00,0,1,gen_20260922_200_30
202303006,中心图书馆,1,三层开架区,33-22,2026-05-07 20:52:00,2026-05-07 22:29:00,0,1,gen_20260922_200_30
202203002,专业资料室,1,电子阅览区,22-16,2026-05-07 16:35:00,2026-05-07 17:23:00,0,1,gen_20260922_200_30
202304003,南苑分馆,5,二号自习区,36-17,2026-05-07 14:29:00,2026-05-07 15:51:00,0,1,gen_20260922_200_30
202201011,南苑分馆,4,报刊阅览室,05-02,2026-05-07 20:26:00,2026-05-07 21:49:00,0,1,gen_20260922_200_30
202201011,中心图书馆,4,二号自习区,34-03,2026-05-07 21:55:00,2026-05-07 22:30:00,0,1,gen_20260922_200_30
202306003,南苑分馆,5,静音研读间,23-01,2026-05-07 17:40:00,2026-05-07 21:40:00,1,1,gen_20260922_200_30
202306003,中心图书馆,5,电子阅览区,02-06,2026-05-07 21:55:00,2026-05-07 22:30:00,0,1,gen_20260922_200_30
202401004,专业资料室,5,三层开架区,34-22,2026-05-07 16:07:00,2026-05-07 16:45:00,0,1,gen_20260922_200_30
202401004,中心图书馆,4,一号自习区,01-01,2026-05-07 17:40:00,2026-05-07 19:05:00,0,1,gen_20260922_200_30
202408001,专业资料室,4,电子阅览区,02-24,2026-05-07 09:31:00,2026-05-07 11:00:00,0,1,gen_20260922_200_30
202408001,中心图书馆,2,二号自习区,03-15,2026-05-07 17:40:00,2026-05-07 20:14:00,1,1,gen_20260922_200_30
202201012,中心图书馆,4,三层开架区,23-13,2026-05-07 14:44:00,2026-05-07 16:12:00,0,1,gen_20260922_200_30
202204003,南苑分馆,1,二号自习区,04-12,2026-05-07 15:18:00,2026-05-07 17:47:00,1,1,gen_20260922_200_30
202204003,专业资料室,5,报刊阅览室,06-04,2026-05-07 18:04:00,2026-05-07 20:37:00,1,1,gen_20260922_200_30
202205002,专业资料室,2,三层开架区,23-21,2026-05-07 15:24:00,2026-05-07 18:09:00,1,1,gen_20260922_200_30
202205002,中心图书馆,4,报刊阅览室,02-17,2026-05-07 19:43:00,2026-05-07 21:04:00,0,1,gen_20260922_200_30
202202002,中心图书馆,4,电子阅览区,02-24,2026-05-07 09:07:00,2026-05-07 11:44:00,0,1,gen_20260922_200_30
202202002,南苑分馆,1,静音研读间,13-03,2026-05-07 17:40:00,2026-05-07 19:36:00,0,1,gen_20260922_200_30
202407003,专业资料室,1,静音研读间,07-12,2026-05-07 17:40:00,2026-05-07 21:40:00,1,1,gen_20260922_200_30
202407003,专业资料室,1,静音研读间,02-14,2026-05-07 21:55:00,2026-05-07 22:30:00,0,1,gen_20260922_200_30
202301005,中心图书馆,1,电子阅览区,05-18,2026-05-07 17:40:00,2026-05-07 20:12:00,1,1,gen_20260922_200_30
202301005,南苑分馆,5,报刊阅览室,28-09,2026-05-07 21:12:00,2026-05-07 22:12:00,0,1,gen_20260922_200_30
202101002,南苑分馆,4,三层开架区,08-14,2026-05-07 17:40:00,2026-05-07 20:11:00,1,1,gen_20260922_200_30
202101002,中心图书馆,1,一号自习区,33-10,2026-05-07 20:43:00,2026-05-07 22:29:00,0,1,gen_20260922_200_30
202108001,南苑分馆,1,电子阅览区,09-02,2026-05-07 13:48:00,2026-05-07 16:09:00,0,1,gen_20260922_200_30
202303007,专业资料室,5,报刊阅览室,09-01,2026-05-07 15:14:00,2026-05-07 16:08:00,0,1,gen_20260922_200_30
202303007,南苑分馆,2,一号自习区,23-02,2026-05-07 20:02:00,2026-05-07 21:42:00,0,1,gen_20260922_200_30
202303008,专业资料室,4,静音研读间,19-17,2026-05-07 17:30:00,2026-05-07 18:49:00,0,1,gen_20260922_200_30
202201013,南苑分馆,4,二号自习区,19-13,2026-05-07 14:51:00,2026-05-07 18:40:00,1,1,gen_20260922_200_30
202401005,南苑分馆,4,静音研读间,31-16,2026-05-07 14:02:00,2026-05-07 14:36:00,0,1,gen_20260922_200_30
202206002,南苑分馆,2,电子阅览区,19-15,2026-05-07 17:40:00,2026-05-07 20:46:00,1,1,gen_20260922_200_30
202206002,专业资料室,2,一号自习区,31-15,2026-05-07 21:21:00,2026-05-07 22:29:00,0,1,gen_20260922_200_30
202203003,南苑分馆,5,静音研读间,27-05,2026-05-07 20:28:00,2026-05-07 22:29:00,0,1,gen_20260922_200_30
202203003,南苑分馆,1,报刊阅览室,31-23,2026-05-07 21:55:00,2026-05-07 22:30:00,0,1,gen_20260922_200_30
202201014,中心图书馆,4,二号自习区,13-16,2026-05-07 10:10:00,2026-05-07 10:40:00,0,1,gen_20260922_200_30
202201014,专业资料室,4,二号自习区,07-11,2026-05-07 21:17:00,2026-05-07 22:29:00,0,1,gen_20260922_200_30
202202003,专业资料室,3,电子阅览区,16-15,2026-05-07 17:40:00,2026-05-07 20:35:00,1,1,gen_20260922_200_30
202202003,中心图书馆,5,一号自习区,37-16,2026-05-07 21:26:00,2026-05-07 22:29:00,0,1,gen_20260922_200_30
202203004,南苑分馆,1,二号自习区,38-01,2026-05-07 08:35:00,2026-05-07 11:30:00,0,1,gen_20260922_200_30
202205003,南苑分馆,3,静音研读间,18-19,2026-05-07 09:32:00,2026-05-07 10:15:00,0,1,gen_20260922_200_30
202205003,专业资料室,5,电子阅览区,12-05,2026-05-07 18:36:00,2026-05-07 21:16:00,1,1,gen_20260922_200_30
202401006,中心图书馆,5,电子阅览区,21-23,2026-05-07 20:35:00,2026-05-07 21:38:00,0,1,gen_20260922_200_30
202201015,中心图书馆,5,一号自习区,39-14,2026-05-07 16:03:00,2026-05-07 17:17:00,0,1,gen_20260922_200_30
202208002,专业资料室,2,报刊阅览室,04-14,2026-05-07 15:14:00,2026-05-07 16:33:00,0,1,gen_20260922_200_30
202106001,专业资料室,2,三层开架区,14-08,2026-05-07 16:37:00,2026-05-07 18:42:00,1,1,gen_20260922_200_30
202106001,中心图书馆,2,一号自习区,13-04,2026-05-07 20:11:00,2026-05-07 22:04:00,0,1,gen_20260922_200_30
202204004,南苑分馆,1,静音研读间,12-12,2026-05-07 15:16:00,2026-05-07 18:08:00,1,1,gen_20260922_200_30
202204004,中心图书馆,2,三层开架区,11-05,2026-05-07 18:42:00,2026-05-07 20:07:00,0,1,gen_20260922_200_30
202406002,专业资料室,1,静音研读间,27-22,2026-05-07 17:40:00,2026-05-07 21:40:00,1,1,gen_20260922_200_30
202406002,中心图书馆,2,报刊阅览室,17-03,2026-05-07 21:55:00,2026-05-07 22:30:00,0,1,gen_20260922_200_30
202101004,南苑分馆,2,电子阅览区,29-09,2026-05-07 20:30:00,2026-05-07 21:00:00,0,1,gen_20260922_200_30
202303009,中心图书馆,3,静音研读间,08-03,2026-05-07 14:00:00,2026-05-07 15:48:00,0,1,gen_20260922_200_30
202303009,专业资料室,5,一号自习区,14-23,2026-05-07 20:58:00,2026-05-07 22:29:00,0,1,gen_20260922_200_30
202108002,专业资料室,5,三层开架区,16-22,2026-05-07 16:22:00,2026-05-07 17:08:00,0,1,gen_20260922_200_30
202403007,专业资料室,1,一号自习区,09-04,2026-05-07 19:39:00,2026-05-07 21:01:00,0,1,gen_20260922_200_30
202303010,中心图书馆,5,一号自习区,28-11,2026-05-07 17:40:00,2026-05-07 18:44:00,0,1,gen_20260922_200_30
202303010,专业资料室,5,报刊阅览室,37-05,2026-05-07 20:09:00,2026-05-07 22:29:00,0,1,gen_20260922_200_30
202105001,专业资料室,3,静音研读间,01-03,2026-05-07 18:37:00,2026-05-07 22:29:00,1,1,gen_20260922_200_30
202105001,中心图书馆,2,报刊阅览室,38-04,2026-05-07 21:55:00,2026-05-07 22:30:00,0,1,gen_20260922_200_30
202205004,专业资料室,3,二号自习区,08-04,2026-05-07 15:00:00,2026-05-07 15:54:00,0,1,gen_20260922_200_30
202205005,中心图书馆,2,二号自习区,23-01,2026-05-07 21:08:00,2026-05-07 22:29:00,0,1,gen_20260922_200_30
202201016,南苑分馆,5,报刊阅览室,08-15,2026-05-07 19:23:00,2026-05-07 21:12:00,0,1,gen_20260922_200_30
202201016,中心图书馆,3,静音研读间,16-03,2026-05-07 21:55:00,2026-05-07 22:30:00,0,1,gen_20260922_200_30
202206003,南苑分馆,2,一号自习区,25-01,2026-05-07 19:58:00,2026-05-07 22:29:00,0,1,gen_20260922_200_30
202107002,专业资料室,2,二号自习区,02-13,2026-05-07 11:47:00,2026-05-07 15:16:00,1,1,gen_20260922_200_30
202404002,专业资料室,5,报刊阅览室,26-12,2026-05-07 15:31:00,2026-05-07 16:41:00,0,1,gen_20260922_200_30
202404002,专业资料室,2,一号自习区,32-03,2026-05-07 17:40:00,2026-05-07 21:40:00,1,1,gen_20260922_200_30
202303011,南苑分馆,2,二号自习区,07-09,2026-05-07 14:07:00,2026-05-07 16:05:00,0,1,gen_20260922_200_30
202402003,中心图书馆,1,三层开架区,02-15,2026-05-07 13:45:00,2026-05-07 17:45:00,1,1,gen_20260922_200_30
202402003,南苑分馆,5,电子阅览区,12-02,2026-05-07 18:16:00,2026-05-07 22:16:00,1,1,gen_20260922_200_30
202202004,南苑分馆,2,二号自习区,03-09,2026-05-07 16:02:00,2026-05-07 17:26:00,0,1,gen_20260922_200_30
202202004,中心图书馆,1,三层开架区,32-09,2026-05-07 17:40:00,2026-05-07 19:21:00,0,1,gen_20260922_200_30
202204005,南苑分馆,1,三层开架区,05-13,2026-05-07 17:40:00,2026-05-07 21:30:00,1,1,gen_20260922_200_30
202204005,中心图书馆,1,二号自习区,11-15,2026-05-07 21:55:00,2026-05-07 22:30:00,0,1,gen_20260922_200_30
202102003,专业资料室,2,报刊阅览室,25-24,2026-05-07 15:59:00,2026-05-07 18:31:00,1,1,gen_20260922_200_30
202102003,中心图书馆,2,二号自习区,03-16,2026-05-07 19:22:00,2026-05-07 21:43:00,0,1,gen_20260922_200_30
202104003,专业资料室,4,报刊阅览室,05-16,2026-05-07 19:39:00,2026-05-07 20:48:00,0,1,gen_20260922_200_30
202104003,南苑分馆,4,二号自习区,10-19,2026-05-07 21:15:00,2026-05-07 22:06:00,0,1,gen_20260922_200_30
202306004,中心图书馆,5,静音研读间,27-17,2026-05-07 14:55:00,2026-05-07 15:39:00,0,1,gen_20260922_200_30
202305002,中心图书馆,1,一号自习区,21-14,2026-05-07 20:15:00,2026-05-07 21:12:00,0,1,gen_20260922_200_30
202303012,专业资料室,1,静音研读间,01-23,2026-05-07 20:15:00,2026-05-07 21:38:00,0,1,gen_20260922_200_30
202102004,专业资料室,5,报刊阅览室,23-11,2026-05-07 14:29:00,2026-05-07 16:47:00,0,1,gen_20260922_200_30
202402004,中心图书馆,1,一号自习区,29-10,2026-05-07 17:40:00,2026-05-07 19:33:00,0,1,gen_20260922_200_30
202402004,中心图书馆,1,静音研读间,33-03,2026-05-07 20:09:00,2026-05-07 22:29:00,0,1,gen_20260922_200_30
202201017,中心图书馆,2,报刊阅览室,15-24,2026-05-07 13:08:00,2026-05-07 15:06:00,0,1,gen_20260922_200_30
202205006,中心图书馆,5,电子阅览区,27-24,2026-05-07 14:01:00,2026-05-07 14:40:00,0,1,gen_20260922_200_30
202402005,中心图书馆,2,报刊阅览室,08-12,2026-05-07 14:19:00,2026-05-07 15:16:00,0,1,gen_20260922_200_30
202306005,专业资料室,5,静音研读间,23-15,2026-05-07 17:40:00,2026-05-07 19:47:00,1,1,gen_20260922_200_30
202306005,南苑分馆,3,三层开架区,18-08,2026-05-07 20:14:00,2026-05-07 22:29:00,0,1,gen_20260922_200_30
202402006,专业资料室,3,电子阅览区,18-17,2026-05-07 17:40:00,2026-05-07 18:26:00,0,1,gen_20260922_200_30
202402006,中心图书馆,2,一号自习区,29-20,2026-05-07 21:05:00,2026-05-07 22:15:00,0,1,gen_20260922_200_30
202405002,专业资料室,4,一号自习区,19-09,2026-05-07 19:17:00,2026-05-07 22:29:00,0,1,gen_20260922_200_30
202405002,中心图书馆,4,报刊阅览室,10-10,2026-05-07 21:55:00,2026-05-07 22:30:00,0,1,gen_20260922_200_30
202403008,南苑分馆,4,三层开架区,24-17,2026-05-07 14:12:00,2026-05-07 14:49:00,0,1,gen_20260922_200_30
202301008,南苑分馆,4,静音研读间,13-08,2026-05-07 16:09:00,2026-05-07 17:28:00,0,1,gen_20260922_200_30
202106002,中心图书馆,3,电子阅览区,35-18,2026-05-07 15:06:00,2026-05-07 19:06:00,1,1,gen_20260922_200_30
202106002,中心图书馆,4,静音研读间,04-06,2026-05-07 20:03:00,2026-05-07 22:29:00,0,1,gen_20260922_200_30
202201018,专业资料室,5,静音研读间,15-10,2026-05-07 16:44:00,2026-05-07 17:40:00,0,1,gen_20260922_200_30
202204006,中心图书馆,2,静音研读间,08-09,2026-05-07 15:08:00,2026-05-07 17:36:00,1,1,gen_20260922_200_30
202204006,中心图书馆,5,二号自习区,39-22,2026-05-07 17:40:00,2026-05-07 19:52:00,1,1,gen_20260922_200_30
202202005,中心图书馆,3,静音研读间,17-07,2026-05-07 12:59:00,2026-05-07 15:08:00,0,1,gen_20260922_200_30
202202005,中心图书馆,3,静音研读间,28-02,2026-05-07 19:09:00,2026-05-07 21:05:00,0,1,gen_20260922_200_30
202108003,专业资料室,5,电子阅览区,28-21,2026-05-07 14:44:00,2026-05-07 18:38:00,1,1,gen_20260922_200_30
202402008,中心图书馆,1,报刊阅览室,07-16,2026-05-07 13:47:00,2026-05-07 14:40:00,0,1,gen_20260922_200_30
202403010,中心图书馆,1,三层开架区,35-18,2026-05-07 14:28:00,2026-05-07 16:08:00,0,1,gen_20260922_200_30
202403010,中心图书馆,5,一号自习区,36-19,2026-05-07 20:24:00,2026-05-07 22:29:00,0,1,gen_20260922_200_30
202403011,中心图书馆,1,报刊阅览室,14-01,2026-05-07 13:33:00,2026-05-07 15:14:00,0,1,gen_20260922_200_30
202403011,专业资料室,2,三层开架区,10-10,2026-05-07 17:40:00,2026-05-07 21:40:00,1,1,gen_20260922_200_30
202301009,中心图书馆,3,二号自习区,36-24,2026-05-07 17:40:00,2026-05-07 19:29:00,0,1,gen_20260922_200_30
202301009,中心图书馆,2,三层开架区,14-21,2026-05-07 21:42:00,2026-05-07 22:29:00,0,1,gen_20260922_200_30
202204007,南苑分馆,3,电子阅览区,19-13,2026-05-07 13:37:00,2026-05-07 14:19:00,0,1,gen_20260922_200_30
202204007,中心图书馆,3,一号自习区,39-11,2026-05-07 17:40:00,2026-05-07 18:58:00,0,1,gen_20260922_200_30
202207002,南苑分馆,4,一号自习区,21-07,2026-05-07 17:40:00,2026-05-07 19:34:00,0,1,gen_20260922_200_30
202207002,中心图书馆,1,一号自习区,01-24,2026-05-07 20:16:00,2026-05-07 21:35:00,0,1,gen_20260922_200_30
202207003,中心图书馆,5,电子阅览区,04-06,2026-05-07 19:59:00,2026-05-07 22:22:00,0,1,gen_20260922_200_30
202201019,中心图书馆,5,静音研读间,18-03,2026-05-07 20:12:00,2026-05-07 22:29:00,0,1,gen_20260922_200_30
202203008,中心图书馆,5,电子阅览区,22-18,2026-05-07 14:45:00,2026-05-07 15:29:00,0,1,gen_20260922_200_30
202201020,中心图书馆,5,报刊阅览室,07-23,2026-05-07 16:24:00,2026-05-07 17:45:00,0,1,gen_20260922_200_30
202201020,专业资料室,4,二号自习区,10-07,2026-05-07 18:14:00,2026-05-07 22:14:00,1,1,gen_20260922_200_30
202402009,南苑分馆,4,报刊阅览室,08-17,2026-05-07 12:51:00,2026-05-07 16:51:00,0,1,gen_20260922_200_30
202402009,专业资料室,4,电子阅览区,10-14,2026-05-07 17:40:00,2026-05-07 19:26:00,0,1,gen_20260922_200_30
202401007,南苑分馆,2,电子阅览区,35-14,2026-05-07 17:03:00,2026-05-07 18:41:00,0,1,gen_20260922_200_30
202304005,中心图书馆,3,报刊阅览室,29-16,2026-05-07 16:08:00,2026-05-07 20:08:00,1,1,gen_20260922_200_30
202304005,中心图书馆,2,报刊阅览室,09-18,2026-05-07 20:30:00,2026-05-07 22:21:00,0,1,gen_20260922_200_30
202408002,中心图书馆,4,一号自习区,26-12,2026-05-07 21:25:00,2026-05-07 22:16:00,0,1,gen_20260922_200_30
202408002,中心图书馆,1,三层开架区,32-13,2026-05-07 21:55:00,2026-05-07 22:25:00,0,1,gen_20260922_200_30
202306006,南苑分馆,1,二号自习区,31-06,2026-05-07 20:27:00,2026-05-07 22:15:00,0,1,gen_20260922_200_30
202105002,中心图书馆,2,静音研读间,37-08,2026-05-07 18:57:00,2026-05-07 22:21:00,0,1,gen_20260922_200_30
202105002,专业资料室,1,一号自习区,05-09,2026-05-07 21:55:00,2026-05-07 22:30:00,0,1,gen_20260922_200_30
202201021,南苑分馆,5,静音研读间,02-05,2026-05-07 13:01:00,2026-05-07 17:01:00,0,1,gen_20260922_200_30
202201021,中心图书馆,1,三层开架区,23-13,2026-05-07 17:40:00,2026-05-07 21:00:00,1,1,gen_20260922_200_30
202302007,南苑分馆,4,报刊阅览室,22-20,2026-05-07 15:23:00,2026-05-07 16:11:00,0,1,gen_20260922_200_30
202406003,专业资料室,2,一号自习区,07-03,2026-05-07 16:33:00,2026-05-07 17:44:00,0,1,gen_20260922_200_30
202406003,专业资料室,5,三层开架区,06-16,2026-05-07 21:39:00,2026-05-07 22:29:00,0,1,gen_20260922_200_30
202303013,专业资料室,2,静音研读间,05-10,2026-05-07 16:10:00,2026-05-07 16:47:00,0,1,gen_20260922_200_30
202303013,专业资料室,1,三层开架区,03-20,2026-05-07 17:40:00,2026-05-07 19:48:00,1,1,gen_20260922_200_30
202304007,专业资料室,3,三层开架区,33-02,2026-05-07 13:26:00,2026-05-07 13:59:00,0,1,gen_20260922_200_30
202304007,专业资料室,4,二号自习区,34-24,2026-05-07 17:40:00,2026-05-07 19:09:00,0,1,gen_20260922_200_30
202406004,中心图书馆,2,静音研读间,12-21,2026-05-07 15:40:00,2026-05-07 19:27:00,1,1,gen_20260922_200_30
202406004,中心图书馆,4,报刊阅览室,35-08,2026-05-07 19:42:00,2026-05-07 21:53:00,0,1,gen_20260922_200_30
202204008,南苑分馆,5,静音研读间,35-03,2026-05-07 13:23:00,2026-05-07 17:05:00,0,1,gen_20260922_200_30
202204008,南苑分馆,4,二号自习区,19-18,2026-05-07 17:40:00,2026-05-07 18:30:00,0,1,gen_20260922_200_30
202204009,中心图书馆,3,电子阅览区,26-02,2026-05-07 20:40:00,2026-05-07 22:29:00,0,1,gen_20260922_200_30
202407004,中心图书馆,2,电子阅览区,39-16,2026-05-07 16:57:00,2026-05-07 19:23:00,1,1,gen_20260922_200_30
202407004,专业资料室,5,静音研读间,09-15,2026-05-07 20:12:00,2026-05-07 22:29:00,0,1,gen_20260922_200_30
202108004,中心图书馆,4,静音研读间,28-09,2026-05-07 14:51:00,2026-05-07 18:45:00,1,1,gen_20260922_200_30
202108004,专业资料室,1,报刊阅览室,33-21,2026-05-07 20:43:00,2026-05-07 22:29:00,0,1,gen_20260922_200_30
202205007,中心图书馆,1,三层开架区,11-24,2026-05-07 17:40:00,2026-05-07 19:47:00,1,1,gen_20260922_200_30
202205007,专业资料室,2,静音研读间,39-21,2026-05-07 20:03:00,2026-05-07 22:29:00,0,1,gen_20260922_200_30
202402010,中心图书馆,4,报刊阅览室,11-21,2026-05-07 21:05:00,2026-05-07 22:29:00,0,1,gen_20260922_200_30
202306007,专业资料室,3,二号自习区,11-16,2026-05-07 10:25:00,2026-05-07 11:07:00,0,1,gen_20260922_200_30
202402011,专业资料室,2,一号自习区,06-20,2026-05-07 14:53:00,2026-05-07 16:33:00,0,1,gen_20260922_200_30
202402011,南苑分馆,3,三层开架区,03-07,2026-05-07 17:40:00,2026-05-07 21:40:00,1,1,gen_20260922_200_30
202408003,中心图书馆,5,电子阅览区,22-17,2026-05-07 21:07:00,2026-05-07 22:29:00,0,1,gen_20260922_200_30
202408003,南苑分馆,5,一号自习区,12-08,2026-05-07 21:55:00,2026-05-07 22:29:00,0,1,gen_20260922_200_30
202304009,南苑分馆,1,静音研读间,18-15,2026-05-07 15:20:00,2026-05-07 17:54:00,1,1,gen_20260922_200_30
202401009,中心图书馆,3,二号自习区,09-21,2026-05-07 19:30:00,2026-05-07 21:12:00,0,1,gen_20260922_200_30
202401009,专业资料室,3,一号自习区,13-15,2026-05-07 21:26:00,2026-05-07 22:29:00,0,1,gen_20260922_200_30
202108006,南苑分馆,5,静音研读间,39-04,2026-05-07 15:53:00,2026-05-07 18:27:00,1,1,gen_20260922_200_30
202203010,中心图书馆,2,报刊阅览室,30-17,2026-05-07 07:40:00,2026-05-07 09:33:00,0,1,gen_20260922_200_30
202203010,中心图书馆,4,三层开架区,33-15,2026-05-07 17:40:00,2026-05-07 20:06:00,1,1,gen_20260922_200_30
202306008,中心图书馆,3,二号自习区,25-05,2026-05-07 10:07:00,2026-05-07 11:41:00,0,1,gen_20260922_200_30
202306008,专业资料室,3,三层开架区,15-15,2026-05-07 17:40:00,2026-05-07 21:40:00,1,1,gen_20260922_200_30
202302008,专业资料室,4,一号自习区,30-01,2026-05-07 20:49:00,2026-05-07 22:07:00,0,1,gen_20260922_200_30
202203011,南苑分馆,1,报刊阅览室,35-17,2026-05-07 19:49:00,2026-05-07 20:25:00,0,1,gen_20260922_200_30
202107003,专业资料室,1,静音研读间,16-05,2026-05-07 20:02:00,2026-05-07 21:07:00,0,1,gen_20260922_200_30
202201022,中心图书馆,4,二号自习区,34-15,2026-05-07 14:15:00,2026-05-07 18:15:00,1,1,gen_20260922_200_30
202201022,南苑分馆,2,二号自习区,32-03,2026-05-07 20:23:00,2026-05-07 21:25:00,0,1,gen_20260922_200_30
202402003,南苑分馆,5,电子阅览区,12-02,2026-05-07 18:16:00,2026-05-07 17:13:00,1,0,gen_20260922_200_30
202101002,中心图书馆,1,一号自习区,33-10,2026-05-07 20:43:00,2026-05-10 08:36:00,0,0,gen_20260922_200_30
202201003,中心图书馆,4,电子阅览区,14-17,2026-05-07 14:36:00,2026-05-11 01:46:00,0,0,gen_20260922_200_30
202303007,专业资料室,5,报刊阅览室,09-01,2026-05-07 15:14:00,2026-05-07 14:44:00,0,0,gen_20260922_200_30
202203001,中心图书馆,4,静音研读间,32-21,2026-05-08 19:52:00,2026-05-08 21:19:00,0,1,gen_20260922_200_30
202302001,专业资料室,2,电子阅览区,04-21,2026-05-08 15:39:00,2026-05-08 16:49:00,0,1,gen_20260922_200_30
202202001,中心图书馆,1,报刊阅览室,13-02,2026-05-08 13:55:00,2026-05-08 14:58:00,0,1,gen_20260922_200_30
202102001,中心图书馆,5,三层开架区,04-08,2026-05-08 15:01:00,2026-05-08 18:15:00,1,1,gen_20260922_200_30
202102002,专业资料室,4,三层开架区,27-08,2026-05-08 13:45:00,2026-05-08 17:45:00,1,1,gen_20260922_200_30
202104001,专业资料室,4,静音研读间,18-03,2026-05-08 15:44:00,2026-05-08 16:17:00,0,1,gen_20260922_200_30
202302002,中心图书馆,1,报刊阅览室,03-13,2026-05-08 15:07:00,2026-05-08 17:34:00,1,1,gen_20260922_200_30
202303001,南苑分馆,1,报刊阅览室,14-05,2026-05-08 14:35:00,2026-05-08 16:06:00,0,1,gen_20260922_200_30
202303001,南苑分馆,1,报刊阅览室,35-22,2026-05-08 17:40:00,2026-05-08 20:02:00,1,1,gen_20260922_200_30
202407001,专业资料室,3,一号自习区,11-01,2026-05-08 17:30:00,2026-05-08 21:30:00,1,1,gen_20260922_200_30
202303002,中心图书馆,5,静音研读间,27-01,2026-05-08 19:24:00,2026-05-08 21:55:00,0,1,gen_20260922_200_30
202303002,专业资料室,2,三层开架区,09-18,2026-05-08 21:55:00,2026-05-08 22:30:00,0,1,gen_20260922_200_30
202401002,专业资料室,3,静音研读间,35-13,2026-05-08 15:13:00,2026-05-08 16:46:00,0,1,gen_20260922_200_30
202401002,专业资料室,5,电子阅览区,08-12,2026-05-08 17:40:00,2026-05-08 19:10:00,0,1,gen_20260922_200_30
202201003,专业资料室,1,静音研读间,03-23,2026-05-08 17:40:00,2026-05-08 18:39:00,0,1,gen_20260922_200_30
202201003,南苑分馆,2,报刊阅览室,05-17,2026-05-08 19:05:00,2026-05-08 21:15:00,0,1,gen_20260922_200_30
202201004,南苑分馆,2,一号自习区,06-03,2026-05-08 12:04:00,2026-05-08 15:15:00,0,1,gen_20260922_200_30
202104002,南苑分馆,3,一号自习区,07-03,2026-05-08 13:49:00,2026-05-08 14:25:00,0,1,gen_20260922_200_30
202104002,南苑分馆,1,报刊阅览室,37-03,2026-05-08 19:54:00,2026-05-08 22:29:00,0,1,gen_20260922_200_30
202307001,南苑分馆,3,静音研读间,39-24,2026-05-08 15:40:00,2026-05-08 16:39:00,0,1,gen_20260922_200_30
202307001,中心图书馆,5,静音研读间,37-22,2026-05-08 21:29:00,2026-05-08 22:29:00,0,1,gen_20260922_200_30
202402001,南苑分馆,5,三层开架区,30-14,2026-05-08 14:49:00,2026-05-08 16:44:00,0,1,gen_20260922_200_30
202306001,南苑分馆,2,电子阅览区,33-09,2026-05-08 17:40:00,2026-05-08 21:40:00,1,1,gen_20260922_200_30
202306001,专业资料室,1,二号自习区,38-07,2026-05-08 21:55:00,2026-05-08 22:30:00,0,1,gen_20260922_200_30
202303003,南苑分馆,4,报刊阅览室,39-05,2026-05-08 14:50:00,2026-05-08 15:38:00,0,1,gen_20260922_200_30
202208001,中心图书馆,3,静音研读间,15-15,2026-05-08 13:49:00,2026-05-08 15:58:00,0,1,gen_20260922_200_30
202208001,中心图书馆,3,报刊阅览室,10-11,2026-05-08 17:40:00,2026-05-08 18:34:00,0,1,gen_20260922_200_30
202302003,专业资料室,2,电子阅览区,09-08,2026-05-08 15:08:00,2026-05-08 15:38:00,0,1,gen_20260922_200_30
202201006,中心图书馆,2,一号自习区,34-08,2026-05-08 17:40:00,2026-05-08 18:50:00,0,1,gen_20260922_200_30
202201006,专业资料室,2,一号自习区,07-19,2026-05-08 19:55:00,2026-05-08 20:57:00,0,1,gen_20260922_200_30
202303004,中心图书馆,4,三层开架区,16-05,2026-05-08 15:15:00,2026-05-08 15:45:00,0,1,gen_20260922_200_30
202402002,专业资料室,5,三层开架区,33-20,2026-05-08 17:40:00,2026-05-08 19:07:00,0,1,gen_20260922_200_30
202402002,南苑分馆,1,电子阅览区,16-21,2026-05-08 20:26:00,2026-05-08 22:29:00,0,1,gen_20260922_200_30
202303005,中心图书馆,5,静音研读间,17-04,2026-05-08 16:03:00,2026-05-08 20:03:00,1,1,gen_20260922_200_30
202301002,专业资料室,3,电子阅览区,34-06,2026-05-08 15:49:00,2026-05-08 17:16:00,0,1,gen_20260922_200_30
202301002,南苑分馆,3,二号自习区,30-18,2026-05-08 17:40:00,2026-05-08 19:20:00,0,1,gen_20260922_200_30
202404001,南苑分馆,3,三层开架区,32-01,2026-05-08 14:22:00,2026-05-08 16:06:00,0,1,gen_20260922_200_30
202407002,南苑分馆,2,静音研读间,08-19,2026-05-08 15:06:00,2026-05-08 16:04:00,0,1,gen_20260922_200_30
202306002,南苑分馆,3,报刊阅览室,36-03,2026-05-08 13:41:00,2026-05-08 16:34:00,0,1,gen_20260922_200_30
202308002,中心图书馆,4,电子阅览区,29-06,2026-05-08 15:50:00,2026-05-08 16:53:00,0,1,gen_20260922_200_30
202302004,中心图书馆,4,静音研读间,23-13,2026-05-08 15:34:00,2026-05-08 18:36:00,1,1,gen_20260922_200_30
202302004,南苑分馆,2,电子阅览区,27-20,2026-05-08 20:01:00,2026-05-08 22:13:00,0,1,gen_20260922_200_30
202201008,中心图书馆,2,静音研读间,38-14,2026-05-08 19:30:00,2026-05-08 20:36:00,0,1,gen_20260922_200_30
202302005,中心图书馆,5,报刊阅览室,37-12,2026-05-08 13:39:00,2026-05-08 14:36:00,0,1,gen_20260922_200_30
202302005,专业资料室,5,电子阅览区,11-08,2026-05-08 19:31:00,2026-05-08 20:08:00,0,1,gen_20260922_200_30
202206001,专业资料室,3,三层开架区,25-24,2026-05-08 18:48:00,2026-05-08 20:29:00,0,1,gen_20260922_200_30
202307002,南苑分馆,5,静音研读间,31-08,2026-05-08 19:36:00,2026-05-08 20:12:00,0,1,gen_20260922_200_30
202307002,专业资料室,3,一号自习区,10-01,2026-05-08 21:38:00,2026-05-08 22:28:00,0,1,gen_20260922_200_30
202302006,专业资料室,1,静音研读间,16-20,2026-05-08 17:40:00,2026-05-08 20:20:00,1,1,gen_20260922_200_30
202302006,中心图书馆,1,报刊阅览室,24-12,2026-05-08 20:48:00,2026-05-08 22:29:00,0,1,gen_20260922_200_30
202403001,南苑分馆,1,三层开架区,10-01,2026-05-08 20:56:00,2026-05-08 22:29:00,0,1,gen_20260922_200_30
202204001,专业资料室,5,电子阅览区,31-07,2026-05-08 14:29:00,2026-05-08 18:29:00,1,1,gen_20260922_200_30
202204001,南苑分馆,2,电子阅览区,33-12,2026-05-08 19:20:00,2026-05-08 22:07:00,0,1,gen_20260922_200_30
202401003,专业资料室,2,一号自习区,34-12,2026-05-08 14:41:00,2026-05-08 18:12:00,1,1,gen_20260922_200_30
202401003,中心图书馆,1,静音研读间,25-12,2026-05-08 19:39:00,2026-05-08 22:29:00,0,1,gen_20260922_200_30
202301003,专业资料室,1,二号自习区,18-13,2026-05-08 14:41:00,2026-05-08 16:52:00,0,1,gen_20260922_200_30
202201009,南苑分馆,5,静音研读间,16-04,2026-05-08 14:39:00,2026-05-08 16:07:00,0,1,gen_20260922_200_30
202201009,中心图书馆,4,三层开架区,12-10,2026-05-08 17:40:00,2026-05-08 19:20:00,0,1,gen_20260922_200_30
202403003,专业资料室,1,电子阅览区,01-02,2026-05-08 20:27:00,2026-05-08 21:04:00,0,1,gen_20260922_200_30
202201010,中心图书馆,1,电子阅览区,08-21,2026-05-08 19:51:00,2026-05-08 21:13:00,0,1,gen_20260922_200_30
202201010,南苑分馆,5,静音研读间,19-13,2026-05-08 21:41:00,2026-05-08 22:29:00,0,1,gen_20260922_200_30
202107001,专业资料室,5,电子阅览区,28-23,2026-05-08 13:28:00,2026-05-08 15:15:00,0,1,gen_20260922_200_30
202107001,专业资料室,1,电子阅览区,23-05,2026-05-08 20:17:00,2026-05-08 20:55:00,0,1,gen_20260922_200_30
202205001,中心图书馆,5,一号自习区,13-05,2026-05-08 18:18:00,2026-05-08 20:09:00,0,1,gen_20260922_200_30
202303006,南苑分馆,5,一号自习区,27-14,2026-05-08 12:43:00,2026-05-08 15:43:00,0,1,gen_20260922_200_30
202303006,南苑分馆,3,三层开架区,39-20,2026-05-08 20:29:00,2026-05-08 21:09:00,0,1,gen_20260922_200_30
202304002,中心图书馆,2,报刊阅览室,25-12,2026-05-08 16:26:00,2026-05-08 17:19:00,0,1,gen_20260922_200_30
202203002,专业资料室,5,报刊阅览室,12-03,2026-05-08 14:52:00,2026-05-08 15:37:00,0,1,gen_20260922_200_30
202304003,南苑分馆,4,静音研读间,38-03,2026-05-08 14:43:00,2026-05-08 18:43:00,1,1,gen_20260922_200_30
202201011,中心图书馆,4,报刊阅览室,36-21,2026-05-08 07:45:00,2026-05-08 11:45:00,0,1,gen_20260922_200_30
202306003,中心图书馆,5,三层开架区,22-12,2026-05-08 16:04:00,2026-05-08 20:04:00,1,1,gen_20260922_200_30
202306003,南苑分馆,5,二号自习区,32-24,2026-05-08 20:45:00,2026-05-08 21:26:00,0,1,gen_20260922_200_30
202401004,专业资料室,4,二号自习区,25-06,2026-05-08 18:52:00,2026-05-08 20:23:00,0,1,gen_20260922_200_30
202408001,南苑分馆,1,电子阅览区,27-05,2026-05-08 17:12:00,2026-05-08 18:08:00,0,1,gen_20260922_200_30
202201012,中心图书馆,3,二号自习区,38-11,2026-05-08 19:44:00,2026-05-08 20:22:00,0,1,gen_20260922_200_30
202204003,南苑分馆,3,三层开架区,35-23,2026-05-08 15:51:00,2026-05-08 18:23:00,1,1,gen_20260922_200_30
202205002,南苑分馆,4,二号自习区,01-01,2026-05-08 17:40:00,2026-05-08 21:03:00,1,1,gen_20260922_200_30
202205002,南苑分馆,4,电子阅览区,27-14,2026-05-08 21:04:00,2026-05-08 22:29:00,0,1,gen_20260922_200_30
202202002,中心图书馆,1,三层开架区,02-19,2026-05-08 17:40:00,2026-05-08 18:10:00,0,1,gen_20260922_200_30
202202002,南苑分馆,5,电子阅览区,17-16,2026-05-08 20:21:00,2026-05-08 22:29:00,0,1,gen_20260922_200_30
202407003,中心图书馆,4,二号自习区,08-03,2026-05-08 20:38:00,2026-05-08 22:29:00,0,1,gen_20260922_200_30
202301005,专业资料室,2,静音研读间,30-18,2026-05-08 14:15:00,2026-05-08 18:10:00,1,1,gen_20260922_200_30
202301005,南苑分馆,2,三层开架区,16-10,2026-05-08 19:02:00,2026-05-08 21:17:00,0,1,gen_20260922_200_30
202101002,中心图书馆,4,三层开架区,05-03,2026-05-08 14:00:00,2026-05-08 15:46:00,0,1,gen_20260922_200_30
202101002,专业资料室,2,报刊阅览室,04-05,2026-05-08 19:51:00,2026-05-08 22:29:00,0,1,gen_20260922_200_30
202304004,南苑分馆,1,报刊阅览室,28-22,2026-05-08 15:59:00,2026-05-08 19:01:00,1,1,gen_20260922_200_30
202108001,中心图书馆,4,静音研读间,34-23,2026-05-08 15:34:00,2026-05-08 16:21:00,0,1,gen_20260922_200_30
202108001,专业资料室,1,一号自习区,21-04,2026-05-08 17:40:00,2026-05-08 18:34:00,0,1,gen_20260922_200_30
202303007,专业资料室,5,一号自习区,09-17,2026-05-08 14:39:00,2026-05-08 17:56:00,1,1,gen_20260922_200_30
202303007,南苑分馆,3,报刊阅览室,15-15,2026-05-08 19:40:00,2026-05-08 21:39:00,0,1,gen_20260922_200_30
202303008,专业资料室,2,静音研读间,18-04,2026-05-08 21:21:00,2026-05-08 22:29:00,0,1,gen_20260922_200_30
202403004,专业资料室,2,三层开架区,18-15,2026-05-08 18:51:00,2026-05-08 19:40:00,0,1,gen_20260922_200_30
202403004,南苑分馆,1,静音研读间,15-06,2026-05-08 21:29:00,2026-05-08 22:29:00,0,1,gen_20260922_200_30
202403005,中心图书馆,5,一号自习区,31-20,2026-05-08 18:10:00,2026-05-08 18:40:00,0,1,gen_20260922_200_30
202206002,中心图书馆,4,静音研读间,34-02,2026-05-08 15:03:00,2026-05-08 17:02:00,0,1,gen_20260922_200_30
202203003,中心图书馆,4,静音研读间,38-18,2026-05-08 16:55:00,2026-05-08 19:13:00,1,1,gen_20260922_200_30
202203003,专业资料室,1,报刊阅览室,13-13,2026-05-08 19:36:00,2026-05-08 20:40:00,0,1,gen_20260922_200_30
202201014,中心图书馆,5,报刊阅览室,06-12,2026-05-08 17:40:00,2026-05-08 20:22:00,1,1,gen_20260922_200_30
202201014,中心图书馆,1,三层开架区,04-02,2026-05-08 20:43:00,2026-05-08 22:29:00,0,1,gen_20260922_200_30
202405001,专业资料室,5,电子阅览区,23-01,2026-05-08 13:59:00,2026-05-08 14:59:00,0,1,gen_20260922_200_30
202202003,中心图书馆,2,一号自习区,32-15,2026-05-08 15:52:00,2026-05-08 16:22:00,0,1,gen_20260922_200_30
202202003,专业资料室,1,电子阅览区,38-10,2026-05-08 17:40:00,2026-05-08 18:35:00,0,1,gen_20260922_200_30
202203004,中心图书馆,3,电子阅览区,24-01,2026-05-08 17:40:00,2026-05-08 20:01:00,1,1,gen_20260922_200_30
202203004,南苑分馆,2,二号自习区,19-20,2026-05-08 20:23:00,2026-05-08 20:53:00,0,1,gen_20260922_200_30
202205003,南苑分馆,3,二号自习区,22-03,2026-05-08 15:33:00,2026-05-08 16:19:00,0,1,gen_20260922_200_30
202401006,南苑分馆,2,电子阅览区,01-01,2026-05-08 20:14:00,2026-05-08 21:26:00,0,1,gen_20260922_200_30
202201015,专业资料室,3,电子阅览区,20-08,2026-05-08 14:56:00,2026-05-08 16:51:00,0,1,gen_20260922_200_30
202307004,中心图书馆,1,电子阅览区,12-12,2026-05-08 15:00:00,2026-05-08 15:58:00,0,1,gen_20260922_200_30
202307004,南苑分馆,1,一号自习区,34-10,2026-05-08 17:40:00,2026-05-08 18:15:00,0,1,gen_20260922_200_30
202208002,南苑分馆,2,三层开架区,07-19,2026-05-08 13:32:00,2026-05-08 15:46:00,0,1,gen_20260922_200_30
202106001,南苑分馆,2,报刊阅览室,35-10,2026-05-08 17:40:00,2026-05-08 19:05:00,0,1,gen_20260922_200_30
202106001,专业资料室,3,电子阅览区,32-05,2026-05-08 19:33:00,2026-05-08 21:29:00,0,1,gen_20260922_200_30
202204004,专业资料室,3,静音研读间,12-21,2026-05-08 19:52:00,2026-05-08 22:29:00,0,1,gen_20260922_200_30
202406002,南苑分馆,4,报刊阅览室,27-16,2026-05-08 15:35:00,2026-05-08 19:35:00,1,1,gen_20260922_200_30
202406002,南苑分馆,5,二号自习区,27-05,2026-05-08 20:14:00,2026-05-08 22:00:00,0,1,gen_20260922_200_30
202101003,中心图书馆,3,电子阅览区,18-12,2026-05-08 12:44:00,2026-05-08 16:12:00,0,1,gen_20260922_200_30
202101003,专业资料室,2,电子阅览区,16-18,2026-05-08 20:06:00,2026-05-08 20:37:00,0,1,gen_20260922_200_30
202403006,中心图书馆,4,二号自习区,13-16,2026-05-08 18:57:00,2026-05-08 20:35:00,0,1,gen_20260922_200_30
202403006,中心图书馆,3,静音研读间,30-04,2026-05-08 21:24:00,2026-05-08 22:29:00,0,1,gen_20260922_200_30
202303009,南苑分馆,5,静音研读间,16-12,2026-05-08 15:06:00,2026-05-08 16:29:00,0,1,gen_20260922_200_30
202403007,南苑分馆,2,二号自习区,38-03,2026-05-08 14:59:00,2026-05-08 16:44:00,0,1,gen_20260922_200_30
202403007,南苑分馆,3,二号自习区,03-01,2026-05-08 20:56:00,2026-05-08 22:26:00,0,1,gen_20260922_200_30
202203005,南苑分馆,4,一号自习区,01-16,2026-05-08 18:31:00,2026-05-08 22:29:00,1,1,gen_20260922_200_30
202203005,南苑分馆,5,电子阅览区,36-19,2026-05-08 21:55:00,2026-05-08 22:30:00,0,1,gen_20260922_200_30
202305001,专业资料室,3,三层开架区,23-10,2026-05-08 17:40:00,2026-05-08 18:11:00,0,1,gen_20260922_200_30
202305001,南苑分馆,3,三层开架区,11-04,2026-05-08 20:01:00,2026-05-08 20:31:00,0,1,gen_20260922_200_30
202303010,南苑分馆,3,二号自习区,18-01,2026-05-08 15:34:00,2026-05-08 18:46:00,1,1,gen_20260922_200_30
202303010,专业资料室,3,电子阅览区,13-18,2026-05-08 20:20:00,2026-05-08 22:29:00,0,1,gen_20260922_200_30
202105001,南苑分馆,4,静音研读间,23-10,2026-05-08 17:40:00,2026-05-08 18:54:00,0,1,gen_20260922_200_30
202105001,专业资料室,4,电子阅览区,31-06,2026-05-08 20:41:00,2026-05-08 22:29:00,0,1,gen_20260922_200_30
202205004,中心图书馆,1,报刊阅览室,06-08,2026-05-08 13:27:00,2026-05-08 17:03:00,0,1,gen_20260922_200_30
202205004,南苑分馆,1,静音研读间,23-17,2026-05-08 18:47:00,2026-05-08 19:49:00,0,1,gen_20260922_200_30
202205005,专业资料室,4,静音研读间,11-05,2026-05-08 14:11:00,2026-05-08 15:28:00,0,1,gen_20260922_200_30
202201016,南苑分馆,4,静音研读间,29-05,2026-05-08 17:40:00,2026-05-08 18:42:00,0,1,gen_20260922_200_30
202201016,南苑分馆,2,一号自习区,26-02,2026-05-08 20:00:00,2026-05-08 22:29:00,0,1,gen_20260922_200_30
202206003,中心图书馆,1,二号自习区,12-19,2026-05-08 15:03:00,2026-05-08 18:20:00,1,1,gen_20260922_200_30
202206003,中心图书馆,4,静音研读间,19-08,2026-05-08 21:55:00,2026-05-08 22:30:00,0,1,gen_20260922_200_30
202303011,中心图书馆,2,电子阅览区,23-22,2026-05-08 14:19:00,2026-05-08 15:19:00,0,1,gen_20260922_200_30
202402003,专业资料室,1,二号自习区,14-24,2026-05-08 19:00:00,2026-05-08 21:28:00,0,1,gen_20260922_200_30
202202004,中心图书馆,5,静音研读间,24-18,2026-05-08 14:12:00,2026-05-08 14:56:00,0,1,gen_20260922_200_30
202202004,专业资料室,3,二号自习区,15-23,2026-05-08 19:13:00,2026-05-08 22:03:00,0,1,gen_20260922_200_30
202204005,专业资料室,1,报刊阅览室,09-07,2026-05-08 15:13:00,2026-05-08 19:13:00,1,1,gen_20260922_200_30
202204005,专业资料室,2,一号自习区,18-15,2026-05-08 19:57:00,2026-05-08 21:09:00,0,1,gen_20260922_200_30
202102003,南苑分馆,2,一号自习区,02-02,2026-05-08 19:07:00,2026-05-08 22:29:00,0,1,gen_20260922_200_30
202306004,中心图书馆,5,三层开架区,39-23,2026-05-08 20:39:00,2026-05-08 22:29:00,0,1,gen_20260922_200_30
202301007,南苑分馆,2,静音研读间,32-09,2026-05-08 16:10:00,2026-05-08 18:40:00,1,1,gen_20260922_200_30
202301007,南苑分馆,3,静音研读间,06-05,2026-05-08 19:00:00,2026-05-08 20:26:00,0,1,gen_20260922_200_30
202305002,南苑分馆,2,三层开架区,27-24,2026-05-08 14:29:00,2026-05-08 15:28:00,0,1,gen_20260922_200_30
202102004,专业资料室,3,二号自习区,06-08,2026-05-08 16:04:00,2026-05-08 17:22:00,0,1,gen_20260922_200_30
202402004,南苑分馆,5,电子阅览区,32-12,2026-05-08 17:01:00,2026-05-08 20:14:00,1,1,gen_20260922_200_30
202201017,中心图书馆,5,三层开架区,14-01,2026-05-08 13:51:00,2026-05-08 15:57:00,0,1,gen_20260922_200_30
202402005,专业资料室,4,一号自习区,02-16,2026-05-08 15:47:00,2026-05-08 16:53:00,0,1,gen_20260922_200_30
202306005,南苑分馆,4,报刊阅览室,27-05,2026-05-08 17:40:00,2026-05-08 21:19:00,1,1,gen_20260922_200_30
202306005,南苑分馆,3,三层开架区,07-05,2026-05-08 21:47:00,2026-05-08 22:29:00,0,1,gen_20260922_200_30
202402006,专业资料室,4,二号自习区,15-18,2026-05-08 21:38:00,2026-05-08 22:29:00,0,1,gen_20260922_200_30
202405002,专业资料室,4,静音研读间,09-05,2026-05-08 09:37:00,2026-05-08 12:28:00,1,1,gen_20260922_200_30
202405002,南苑分馆,2,一号自习区,22-11,2026-05-08 17:40:00,2026-05-08 19:50:00,1,1,gen_20260922_200_30
202403008,南苑分馆,2,三层开架区,28-10,2026-05-08 14:41:00,2026-05-08 15:11:00,0,1,gen_20260922_200_30
202403008,南苑分馆,2,二号自习区,03-05,2026-05-08 17:40:00,2026-05-08 18:57:00,0,1,gen_20260922_200_30
202106002,专业资料室,3,一号自习区,30-18,2026-05-08 14:14:00,2026-05-08 15:48:00,0,1,gen_20260922_200_30
202106002,专业资料室,5,三层开架区,37-15,2026-05-08 19:29:00,2026-05-08 21:09:00,0,1,gen_20260922_200_30
202402007,中心图书馆,3,二号自习区,18-06,2026-05-08 15:24:00,2026-05-08 16:00:00,0,1,gen_20260922_200_30
202201018,南苑分馆,5,三层开架区,37-23,2026-05-08 17:07:00,2026-05-08 18:46:00,0,1,gen_20260922_200_30
202204006,南苑分馆,3,一号自习区,24-12,2026-05-08 18:14:00,2026-05-08 19:14:00,0,1,gen_20260922_200_30
202202005,中心图书馆,4,静音研读间,27-01,2026-05-08 14:22:00,2026-05-08 18:22:00,1,1,gen_20260922_200_30
202202005,中心图书馆,4,报刊阅览室,15-18,2026-05-08 18:50:00,2026-05-08 22:29:00,0,1,gen_20260922_200_30
202108003,专业资料室,5,电子阅览区,26-15,2026-05-08 15:09:00,2026-05-08 17:11:00,0,1,gen_20260922_200_30
202402008,专业资料室,4,电子阅览区,29-09,2026-05-08 12:55:00,2026-05-08 13:30:00,0,1,gen_20260922_200_30
202403010,专业资料室,2,报刊阅览室,38-11,2026-05-08 18:18:00,2026-05-08 22:18:00,1,1,gen_20260922_200_30
202403010,专业资料室,2,二号自习区,04-13,2026-05-08 21:55:00,2026-05-08 22:30:00,0,1,gen_20260922_200_30
202403011,专业资料室,5,一号自习区,17-03,2026-05-08 15:38:00,2026-05-08 19:38:00,1,1,gen_20260922_200_30
202301009,专业资料室,3,三层开架区,01-13,2026-05-08 17:40:00,2026-05-08 20:02:00,1,1,gen_20260922_200_30
202301009,专业资料室,2,静音研读间,33-07,2026-05-08 20:42:00,2026-05-08 22:29:00,0,1,gen_20260922_200_30
202204007,中心图书馆,1,一号自习区,01-06,2026-05-08 17:21:00,2026-05-08 18:57:00,0,1,gen_20260922_200_30
202204007,专业资料室,1,电子阅览区,30-09,2026-05-08 19:31:00,2026-05-08 22:29:00,0,1,gen_20260922_200_30
202207003,南苑分馆,3,三层开架区,24-03,2026-05-08 15:43:00,2026-05-08 19:43:00,1,1,gen_20260922_200_30
202201019,中心图书馆,4,一号自习区,09-23,2026-05-08 14:51:00,2026-05-08 15:27:00,0,1,gen_20260922_200_30
202201019,专业资料室,1,三层开架区,30-13,2026-05-08 17:40:00,2026-05-08 19:46:00,1,1,gen_20260922_200_30
202203008,南苑分馆,3,二号自习区,03-10,2026-05-08 13:19:00,2026-05-08 14:13:00,0,1,gen_20260922_200_30
202101005,中心图书馆,3,一号自习区,07-08,2026-05-08 16:27:00,2026-05-08 18:50:00,1,1,gen_20260922_200_30
202201020,专业资料室,4,静音研读间,29-04,2026-05-08 14:21:00,2026-05-08 17:38:00,1,1,gen_20260922_200_30
202201020,南苑分馆,5,三层开架区,04-03,2026-05-08 17:40:00,2026-05-08 20:12:00,1,1,gen_20260922_200_30
202402009,南苑分馆,1,电子阅览区,30-23,2026-05-08 15:33:00,2026-05-08 17:38:00,1,1,gen_20260922_200_30
202402009,南苑分馆,3,一号自习区,01-12,2026-05-08 17:40:00,2026-05-08 21:40:00,1,1,gen_20260922_200_30
202401007,南苑分馆,2,三层开架区,03-15,2026-05-08 16:12:00,2026-05-08 17:43:00,0,1,gen_20260922_200_30
202401007,南苑分馆,4,报刊阅览室,26-15,2026-05-08 19:52:00,2026-05-08 22:29:00,0,1,gen_20260922_200_30
202304005,中心图书馆,2,静音研读间,02-05,2026-05-08 20:02:00,2026-05-08 22:29:00,0,1,gen_20260922_200_30
202304005,专业资料室,3,三层开架区,02-08,2026-05-08 21:55:00,2026-05-08 22:30:00,0,1,gen_20260922_200_30
202408002,南苑分馆,2,静音研读间,35-02,2026-05-08 08:42:00,2026-05-08 09:12:00,0,1,gen_20260922_200_30
202306006,中心图书馆,5,一号自习区,23-11,2026-05-08 20:06:00,2026-05-08 21:39:00,0,1,gen_20260922_200_30
202105002,专业资料室,2,电子阅览区,10-04,2026-05-08 15:04:00,2026-05-08 18:48:00,1,1,gen_20260922_200_30
202105002,中心图书馆,2,报刊阅览室,21-08,2026-05-08 19:20:00,2026-05-08 20:47:00,0,1,gen_20260922_200_30
202201021,中心图书馆,3,电子阅览区,31-01,2026-05-08 13:22:00,2026-05-08 17:22:00,0,1,gen_20260922_200_30
202201021,中心图书馆,5,一号自习区,02-06,2026-05-08 17:40:00,2026-05-08 21:40:00,1,1,gen_20260922_200_30
202302007,中心图书馆,3,一号自习区,08-05,2026-05-08 19:03:00,2026-05-08 21:37:00,0,1,gen_20260922_200_30
202406003,中心图书馆,2,三层开架区,24-07,2026-05-08 17:40:00,2026-05-08 18:54:00,0,1,gen_20260922_200_30
202406003,专业资料室,3,一号自习区,08-22,2026-05-08 21:28:00,2026-05-08 22:29:00,0,1,gen_20260922_200_30
202303013,南苑分馆,2,三层开架区,12-18,2026-05-08 17:40:00,2026-05-08 20:43:00,1,1,gen_20260922_200_30
202303013,专业资料室,4,电子阅览区,21-02,2026-05-08 21:28:00,2026-05-08 22:29:00,0,1,gen_20260922_200_30
202304007,专业资料室,4,三层开架区,26-02,2026-05-08 17:40:00,2026-05-08 19:00:00,0,1,gen_20260922_200_30
202304007,南苑分馆,3,一号自习区,16-05,2026-05-08 20:53:00,2026-05-08 22:29:00,0,1,gen_20260922_200_30
202304008,中心图书馆,1,三层开架区,38-19,2026-05-08 14:49:00,2026-05-08 15:19:00,0,1,gen_20260922_200_30
202304008,南苑分馆,5,一号自习区,39-14,2026-05-08 17:40:00,2026-05-08 20:15:00,1,1,gen_20260922_200_30
202406004,南苑分馆,4,三层开架区,10-15,2026-05-08 09:46:00,2026-05-08 13:46:00,1,1,gen_20260922_200_30
202406004,专业资料室,2,二号自习区,32-06,2026-05-08 17:40:00,2026-05-08 21:40:00,1,1,gen_20260922_200_30
202206004,专业资料室,3,三层开架区,25-23,2026-05-08 14:48:00,,0,1,gen_20260922_200_30
202407004,南苑分馆,2,一号自习区,36-21,2026-05-08 14:46:00,2026-05-08 16:10:00,0,1,gen_20260922_200_30
202407004,中心图书馆,3,静音研读间,31-14,2026-05-08 17:40:00,2026-05-08 19:51:00,1,1,gen_20260922_200_30
202108004,中心图书馆,5,报刊阅览室,31-09,2026-05-08 14:30:00,2026-05-08 17:04:00,0,1,gen_20260922_200_30
202108004,南苑分馆,2,静音研读间,16-05,2026-05-08 17:40:00,2026-05-08 19:38:00,0,1,gen_20260922_200_30
202205007,中心图书馆,5,电子阅览区,20-13,2026-05-08 19:09:00,2026-05-08 20:18:00,0,1,gen_20260922_200_30
202402010,中心图书馆,4,一号自习区,32-14,2026-05-08 20:48:00,2026-05-08 22:29:00,0,1,gen_20260922_200_30
202301010,中心图书馆,1,一号自习区,23-15,2026-05-08 20:26:00,2026-05-08 22:21:00,0,1,gen_20260922_200_30
202306007,专业资料室,3,电子阅览区,28-06,2026-05-08 16:06:00,2026-05-08 18:49:00,1,1,gen_20260922_200_30
202402011,南苑分馆,1,二号自习区,24-18,2026-05-08 18:48:00,2026-05-08 22:29:00,0,1,gen_20260922_200_30
202402011,南苑分馆,1,一号自习区,20-24,2026-05-08 21:55:00,2026-05-08 22:30:00,0,1,gen_20260922_200_30
202408003,南苑分馆,5,一号自习区,25-14,2026-05-08 14:09:00,2026-05-08 14:39:00,0,1,gen_20260922_200_30
202304009,中心图书馆,5,报刊阅览室,09-03,2026-05-08 09:24:00,2026-05-08 10:12:00,0,1,gen_20260922_200_30
202401009,南苑分馆,2,三层开架区,36-16,2026-05-08 14:42:00,2026-05-08 15:34:00,0,1,gen_20260922_200_30
202203009,专业资料室,5,三层开架区,01-24,2026-05-08 15:42:00,2026-05-08 16:48:00,0,1,gen_20260922_200_30
202108006,南苑分馆,1,静音研读间,23-22,2026-05-08 16:57:00,2026-05-08 18:25:00,0,1,gen_20260922_200_30
202108006,专业资料室,5,一号自习区,15-20,2026-05-08 18:46:00,2026-05-08 19:59:00,0,1,gen_20260922_200_30
202203010,专业资料室,2,二号自习区,10-21,2026-05-08 17:40:00,2026-05-08 18:26:00,0,1,gen_20260922_200_30
202203010,南苑分馆,3,二号自习区,36-04,2026-05-08 19:00:00,2026-05-08 22:29:00,0,1,gen_20260922_200_30
202303014,南苑分馆,3,报刊阅览室,02-05,2026-05-08 14:49:00,2026-05-08 15:19:00,0,1,gen_20260922_200_30
202306008,中心图书馆,1,静音研读间,26-02,2026-05-08 15:54:00,2026-05-08 19:54:00,1,1,gen_20260922_200_30
202306008,南苑分馆,2,静音研读间,39-23,2026-05-08 20:38:00,2026-05-08 22:29:00,0,1,gen_20260922_200_30
202302008,南苑分馆,2,二号自习区,34-10,2026-05-08 20:51:00,2026-05-08 21:24:00,0,1,gen_20260922_200_30
202203011,中心图书馆,2,报刊阅览室,38-19,2026-05-08 20:08:00,2026-05-08 20:38:00,0,1,gen_20260922_200_30
202201022,中心图书馆,4,静音研读间,11-16,2026-05-08 08:58:00,2026-05-08 11:10:00,0,1,gen_20260922_200_30
202201022,中心图书馆,2,静音研读间,39-17,2026-05-08 21:45:00,2026-05-08 22:29:00,0,1,gen_20260922_200_30
202201021,中心图书馆,3,电子阅览区,31-01,2026-05-08 13:22:00,2026-05-08 11:28:00,0,0,gen_20260922_200_30
202403010,专业资料室,2,报刊阅览室,38-11,2026-05-08 18:18:00,2026-05-11 06:30:00,1,0,gen_20260922_200_30
202203004,中心图书馆,3,电子阅览区,24-01,2026-05-08 17:40:00,2026-05-10 14:06:00,1,0,gen_20260922_200_30
202304007,南苑分馆,3,一号自习区,16-05,2026-05-08 20:53:00,2026-05-08 19:10:00,0,0,gen_20260922_200_30
202301001,专业资料室,4,报刊阅览室,26-05,2026-05-09 21:02:00,2026-05-09 22:05:00,0,1,gen_20260922_200_30
202102002,专业资料室,3,二号自习区,38-12,2026-05-09 17:40:00,2026-05-09 20:38:00,1,1,gen_20260922_200_30
202102002,中心图书馆,2,报刊阅览室,09-03,2026-05-09 21:30:00,2026-05-09 22:29:00,0,1,gen_20260922_200_30
202201001,南苑分馆,3,一号自习区,15-14,2026-05-09 13:54:00,2026-05-09 15:07:00,0,1,gen_20260922_200_30
202303001,中心图书馆,1,静音研读间,37-15,2026-05-09 07:30:00,2026-05-09 10:02:00,0,1,gen_20260922_200_30
202201004,专业资料室,2,报刊阅览室,25-20,2026-05-09 19:47:00,2026-05-09 21:57:00,0,1,gen_20260922_200_30
202307001,专业资料室,1,三层开架区,12-03,2026-05-09 15:38:00,2026-05-09 16:33:00,0,1,gen_20260922_200_30
202307001,专业资料室,1,二号自习区,17-06,2026-05-09 17:40:00,2026-05-09 21:40:00,1,1,gen_20260922_200_30
202306001,南苑分馆,3,二号自习区,07-09,2026-05-09 14:27:00,2026-05-09 16:43:00,0,1,gen_20260922_200_30
202303003,中心图书馆,1,二号自习区,16-18,2026-05-09 19:45:00,2026-05-09 22:29:00,0,1,gen_20260922_200_30
202208001,南苑分馆,1,一号自习区,12-08,2026-05-09 15:53:00,2026-05-09 17:24:00,0,1,gen_20260922_200_30
202201005,专业资料室,4,报刊阅览室,12-01,2026-05-09 15:57:00,2026-05-09 18:23:00,1,1,gen_20260922_200_30
202201006,专业资料室,4,二号自习区,11-03,2026-05-09 09:12:00,2026-05-09 13:12:00,1,1,gen_20260922_200_30
202303004,中心图书馆,3,静音研读间,24-16,2026-05-09 14:36:00,2026-05-09 15:07:00,0,1,gen_20260922_200_30
202303005,中心图书馆,2,电子阅览区,30-24,2026-05-09 19:48:00,2026-05-09 21:45:00,0,1,gen_20260922_200_30
202306002,专业资料室,3,静音研读间,39-19,2026-05-09 08:00:00,2026-05-09 12:00:00,1,1,gen_20260922_200_30
202308002,南苑分馆,3,静音研读间,30-01,2026-05-09 20:27:00,2026-05-09 21:40:00,0,1,gen_20260922_200_30
202302004,南苑分馆,4,二号自习区,38-14,2026-05-09 15:35:00,2026-05-09 16:31:00,0,1,gen_20260922_200_30
202201008,南苑分馆,4,报刊阅览室,39-18,2026-05-09 19:44:00,2026-05-09 21:35:00,0,1,gen_20260922_200_30
202302005,中心图书馆,5,一号自习区,14-19,2026-05-09 20:39:00,2026-05-09 22:09:00,0,1,gen_20260922_200_30
202307002,南苑分馆,4,一号自习区,01-15,2026-05-09 16:00:00,2026-05-09 16:51:00,0,1,gen_20260922_200_30
202302006,专业资料室,1,三层开架区,25-13,2026-05-09 14:29:00,2026-05-09 16:28:00,0,1,gen_20260922_200_30
202401003,中心图书馆,5,报刊阅览室,15-05,2026-05-09 14:05:00,2026-05-09 14:40:00,0,1,gen_20260922_200_30
202301003,专业资料室,4,三层开架区,24-16,2026-05-09 08:32:00,2026-05-09 12:32:00,1,1,gen_20260922_200_30
202201009,专业资料室,1,一号自习区,17-15,2026-05-09 15:25:00,2026-05-09 16:42:00,0,1,gen_20260922_200_30
202403003,南苑分馆,2,一号自习区,31-15,2026-05-09 14:08:00,2026-05-09 17:01:00,0,1,gen_20260922_200_30
202403003,中心图书馆,3,报刊阅览室,24-15,2026-05-09 17:40:00,2026-05-09 19:58:00,1,1,gen_20260922_200_30
202301004,中心图书馆,2,一号自习区,39-06,2026-05-09 14:41:00,2026-05-09 15:57:00,0,1,gen_20260922_200_30
202307003,专业资料室,5,二号自习区,02-21,2026-05-09 15:24:00,2026-05-09 17:25:00,0,1,gen_20260922_200_30
202304002,专业资料室,3,电子阅览区,36-06,2026-05-09 20:25:00,2026-05-09 22:29:00,0,1,gen_20260922_200_30
202203002,南苑分馆,4,二号自习区,08-23,2026-05-09 20:09:00,2026-05-09 21:06:00,0,1,gen_20260922_200_30
202101001,南苑分馆,4,二号自习区,12-10,2026-05-09 15:17:00,2026-05-09 15:47:00,0,1,gen_20260922_200_30
202304003,南苑分馆,5,电子阅览区,21-15,2026-05-09 14:10:00,2026-05-09 14:55:00,0,1,gen_20260922_200_30
202304003,南苑分馆,4,静音研读间,20-10,2026-05-09 20:21:00,2026-05-09 22:29:00,0,1,gen_20260922_200_30
202201012,专业资料室,3,报刊阅览室,29-18,2026-05-09 13:52:00,2026-05-09 14:44:00,0,1,gen_20260922_200_30
202301005,专业资料室,5,三层开架区,15-05,2026-05-09 19:49:00,2026-05-09 22:07:00,0,1,gen_20260922_200_30
202101002,南苑分馆,5,报刊阅览室,16-12,2026-05-09 20:44:00,2026-05-09 22:29:00,0,1,gen_20260922_200_30
202301006,中心图书馆,3,三层开架区,26-09,2026-05-09 15:02:00,2026-05-09 19:02:00,1,1,gen_20260922_200_30
202303007,专业资料室,2,电子阅览区,14-20,2026-05-09 19:39:00,2026-05-09 20:47:00,0,1,gen_20260922_200_30
202303008,专业资料室,2,电子阅览区,15-23,2026-05-09 17:36:00,2026-05-09 20:44:00,1,1,gen_20260922_200_30
202201013,专业资料室,5,二号自习区,04-08,2026-05-09 14:46:00,2026-05-09 17:36:00,1,1,gen_20260922_200_30
202308003,南苑分馆,3,静音研读间,32-15,2026-05-09 17:17:00,2026-05-09 18:45:00,0,1,gen_20260922_200_30
202203004,南苑分馆,5,报刊阅览室,30-19,2026-05-09 15:59:00,2026-05-09 18:27:00,1,1,gen_20260922_200_30
202205003,中心图书馆,1,电子阅览区,27-14,2026-05-09 14:28:00,2026-05-09 16:10:00,0,1,gen_20260922_200_30
202401006,南苑分馆,2,二号自习区,28-07,2026-05-09 13:25:00,2026-05-09 15:09:00,0,1,gen_20260922_200_30
202401006,中心图书馆,1,静音研读间,15-06,2026-05-09 17:40:00,2026-05-09 20:40:00,1,1,gen_20260922_200_30
202307004,中心图书馆,1,静音研读间,26-02,2026-05-09 14:10:00,2026-05-09 18:04:00,1,1,gen_20260922_200_30
202106001,南苑分馆,1,一号自习区,34-04,2026-05-09 19:30:00,2026-05-09 20:52:00,0,1,gen_20260922_200_30
202106001,专业资料室,3,三层开架区,01-01,2026-05-09 21:12:00,2026-05-09 21:42:00,0,1,gen_20260922_200_30
202204004,南苑分馆,1,三层开架区,29-19,2026-05-09 15:06:00,2026-05-09 19:06:00,1,1,gen_20260922_200_30
202406002,中心图书馆,4,二号自习区,24-23,2026-05-09 19:29:00,2026-05-09 21:33:00,0,1,gen_20260922_200_30
202403006,中心图书馆,2,电子阅览区,13-15,2026-05-09 16:23:00,2026-05-09 17:37:00,0,1,gen_20260922_200_30
202303009,中心图书馆,2,二号自习区,19-17,2026-05-09 19:53:00,2026-05-09 21:07:00,0,1,gen_20260922_200_30
202403007,专业资料室,5,二号自习区,16-16,2026-05-09 14:11:00,2026-05-09 15:13:00,0,1,gen_20260922_200_30
202203005,中心图书馆,2,一号自习区,32-01,2026-05-09 14:21:00,2026-05-09 18:21:00,1,1,gen_20260922_200_30
202303010,南苑分馆,4,三层开架区,11-01,2026-05-09 20:06:00,2026-05-09 21:47:00,0,1,gen_20260922_200_30
202105001,专业资料室,5,一号自习区,05-07,2026-05-09 18:12:00,2026-05-09 22:12:00,1,1,gen_20260922_200_30
202201016,南苑分馆,5,一号自习区,08-02,2026-05-09 14:35:00,2026-05-09 17:52:00,1,1,gen_20260922_200_30
202107002,专业资料室,3,报刊阅览室,33-10,2026-05-09 16:39:00,2026-05-09 19:09:00,1,1,gen_20260922_200_30
202404002,南苑分馆,2,报刊阅览室,23-24,2026-05-09 15:49:00,2026-05-09 19:29:00,1,1,gen_20260922_200_30
202303011,南苑分馆,5,电子阅览区,15-11,2026-05-09 16:38:00,2026-05-09 17:32:00,0,1,gen_20260922_200_30
202402003,南苑分馆,1,三层开架区,29-04,2026-05-09 16:11:00,2026-05-09 18:19:00,1,1,gen_20260922_200_30
202204005,中心图书馆,1,二号自习区,11-07,2026-05-09 19:47:00,2026-05-09 22:29:00,0,1,gen_20260922_200_30
202102003,专业资料室,5,电子阅览区,33-01,2026-05-09 14:52:00,2026-05-09 18:52:00,1,1,gen_20260922_200_30
202104003,中心图书馆,1,一号自习区,31-11,2026-05-09 20:35:00,2026-05-09 21:35:00,0,1,gen_20260922_200_30
202306004,南苑分馆,2,一号自习区,29-01,2026-05-09 08:17:00,2026-05-09 09:17:00,0,1,gen_20260922_200_30
202301007,南苑分馆,3,一号自习区,15-11,2026-05-09 16:33:00,2026-05-09 17:07:00,0,1,gen_20260922_200_30
202305002,专业资料室,5,二号自习区,37-06,2026-05-09 14:31:00,2026-05-09 15:17:00,0,1,gen_20260922_200_30
202303012,专业资料室,2,三层开架区,27-22,2026-05-09 15:35:00,2026-05-09 19:21:00,1,1,gen_20260922_200_30
202402004,中心图书馆,4,报刊阅览室,18-05,2026-05-09 21:08:00,2026-05-09 22:23:00,0,1,gen_20260922_200_30
202402005,中心图书馆,3,二号自习区,34-05,2026-05-09 18:34:00,2026-05-09 20:20:00,0,1,gen_20260922_200_30
202306005,专业资料室,4,报刊阅览室,34-02,2026-05-09 14:27:00,2026-05-09 15:21:00,0,1,gen_20260922_200_30
202306005,南苑分馆,2,三层开架区,03-21,2026-05-09 17:40:00,2026-05-09 21:16:00,1,1,gen_20260922_200_30
202203007,南苑分馆,5,静音研读间,25-01,2026-05-09 21:08:00,2026-05-09 22:29:00,0,1,gen_20260922_200_30
202204006,中心图书馆,3,一号自习区,37-10,2026-05-09 15:07:00,2026-05-09 16:39:00,0,1,gen_20260922_200_30
202108003,中心图书馆,4,三层开架区,30-19,2026-05-09 20:51:00,2026-05-09 21:42:00,0,1,gen_20260922_200_30
202403010,中心图书馆,1,三层开架区,26-07,2026-05-09 15:10:00,,1,1,gen_20260922_200_30
202403012,南苑分馆,4,二号自习区,23-22,2026-05-09 16:49:00,2026-05-09 18:41:00,0,1,gen_20260922_200_30
202204007,专业资料室,1,一号自习区,08-11,2026-05-09 13:01:00,2026-05-09 16:20:00,0,1,gen_20260922_200_30
202204007,专业资料室,2,静音研读间,28-15,2026-05-09 21:07:00,2026-05-09 22:29:00,0,1,gen_20260922_200_30
202207002,南苑分馆,2,一号自习区,33-02,2026-05-09 16:17:00,2026-05-09 18:01:00,0,1,gen_20260922_200_30
202201019,中心图书馆,3,电子阅览区,01-24,2026-05-09 17:13:00,2026-05-09 21:08:00,1,1,gen_20260922_200_30
202201019,专业资料室,5,静音研读间,02-05,2026-05-09 21:52:00,2026-05-09 22:29:00,0,1,gen_20260922_200_30
202101005,南苑分馆,2,报刊阅览室,30-24,2026-05-09 14:51:00,2026-05-09 15:32:00,0,1,gen_20260922_200_30
202201020,中心图书馆,2,静音研读间,27-05,2026-05-09 15:06:00,2026-05-09 16:46:00,0,1,gen_20260922_200_30
202402009,中心图书馆,1,一号自习区,15-12,2026-05-09 13:48:00,2026-05-09 16:29:00,0,1,gen_20260922_200_30
202105002,南苑分馆,3,静音研读间,20-08,2026-05-09 20:04:00,2026-05-09 22:09:00,0,1,gen_20260922_200_30
202406003,南苑分馆,1,电子阅览区,25-01,2026-05-09 14:37:00,2026-05-09 17:09:00,0,1,gen_20260922_200_30
202303013,南苑分馆,4,报刊阅览室,07-06,2026-05-09 15:47:00,2026-05-09 16:21:00,0,1,gen_20260922_200_30
202303013,专业资料室,3,二号自习区,28-20,2026-05-09 19:39:00,2026-05-09 22:29:00,0,1,gen_20260922_200_30
202304007,专业资料室,2,报刊阅览室,38-24,2026-05-09 10:08:00,2026-05-09 12:08:00,1,1,gen_20260922_200_30
202406004,专业资料室,2,电子阅览区,02-12,2026-05-09 17:09:00,2026-05-09 19:05:00,0,1,gen_20260922_200_30
202406004,专业资料室,4,静音研读间,32-20,2026-05-09 19:33:00,2026-05-09 22:29:00,0,1,gen_20260922_200_30
202407004,中心图书馆,5,三层开架区,15-24,2026-05-09 13:56:00,2026-05-09 15:49:00,0,1,gen_20260922_200_30
202108004,专业资料室,2,一号自习区,23-18,2026-05-09 14:13:00,2026-05-09 15:20:00,0,1,gen_20260922_200_30
202402010,中心图书馆,5,一号自习区,26-17,2026-05-09 16:16:00,2026-05-09 19:03:00,1,1,gen_20260922_200_30
202402010,中心图书馆,5,二号自习区,35-21,2026-05-09 19:22:00,2026-05-09 21:14:00,0,1,gen_20260922_200_30
202402011,专业资料室,5,静音研读间,18-11,2026-05-09 21:55:00,2026-05-09 22:30:00,0,1,gen_20260922_200_30
202203010,中心图书馆,1,三层开架区,04-24,2026-05-09 18:49:00,2026-05-09 22:29:00,0,1,gen_20260922_200_30
202203010,中心图书馆,3,三层开架区,10-22,2026-05-09 21:55:00,2026-05-09 22:30:00,0,1,gen_20260922_200_30
202306008,专业资料室,1,一号自习区,23-11,2026-05-09 21:33:00,2026-05-09 22:29:00,0,1,gen_20260922_200_30
202302008,中心图书馆,1,静音研读间,03-19,2026-05-09 13:21:00,2026-05-09 13:54:00,0,1,gen_20260922_200_30
202203011,专业资料室,4,三层开架区,02-07,2026-05-09 19:30:00,2026-05-09 20:53:00,0,1,gen_20260922_200_30
202406002,中心图书馆,4,二号自习区,24-23,2026-05-09 19:29:00,2026-05-09 18:35:00,0,0,gen_20260922_200_30
202304003,南苑分馆,4,静音研读间,20-10,2026-05-09 20:21:00,2026-05-12 12:52:00,0,0,gen_20260922_200_30
202203001,专业资料室,1,静音研读间,06-03,2026-05-10 09:15:00,2026-05-10 11:25:00,0,1,gen_20260922_200_30
202203001,南苑分馆,3,静音研读间,04-08,2026-05-10 17:40:00,2026-05-10 18:41:00,0,1,gen_20260922_200_30
202102002,南苑分馆,4,一号自习区,14-02,2026-05-10 20:28:00,2026-05-10 22:25:00,0,1,gen_20260922_200_30
202104001,南苑分馆,5,一号自习区,38-12,2026-05-10 16:12:00,2026-05-10 16:42:00,0,1,gen_20260922_200_30
202302002,南苑分馆,5,三层开架区,03-17,2026-05-10 15:24:00,2026-05-10 17:39:00,1,1,gen_20260922_200_30
202303001,中心图书馆,1,静音研读间,26-15,2026-05-10 19:17:00,2026-05-10 20:40:00,0,1,gen_20260922_200_30
202304001,南苑分馆,4,静音研读间,26-22,2026-05-10 14:17:00,2026-05-10 15:08:00,0,1,gen_20260922_200_30
202304001,南苑分馆,4,静音研读间,35-23,2026-05-10 17:40:00,2026-05-10 18:30:00,0,1,gen_20260922_200_30
202401001,中心图书馆,1,三层开架区,22-17,2026-05-10 18:48:00,2026-05-10 20:20:00,0,1,gen_20260922_200_30
202401002,专业资料室,1,静音研读间,13-21,2026-05-10 15:17:00,2026-05-10 19:17:00,1,1,gen_20260922_200_30
202201003,专业资料室,1,三层开架区,38-07,2026-05-10 16:21:00,2026-05-10 20:21:00,1,1,gen_20260922_200_30
202104002,中心图书馆,1,电子阅览区,32-12,2026-05-10 20:26:00,2026-05-10 22:28:00,0,1,gen_20260922_200_30
202307001,专业资料室,4,二号自习区,30-03,2026-05-10 20:40:00,2026-05-10 22:29:00,0,1,gen_20260922_200_30
202306001,南苑分馆,3,三层开架区,33-07,2026-05-10 18:46:00,2026-05-10 19:52:00,0,1,gen_20260922_200_30
202306001,专业资料室,5,二号自习区,08-17,2026-05-10 20:56:00,2026-05-10 22:29:00,0,1,gen_20260922_200_30
202208001,中心图书馆,4,二号自习区,23-21,2026-05-10 16:54:00,2026-05-10 19:21:00,1,1,gen_20260922_200_30
202402002,专业资料室,2,一号自习区,13-20,2026-05-10 19:59:00,2026-05-10 20:56:00,0,1,gen_20260922_200_30
202303005,专业资料室,4,静音研读间,29-08,2026-05-10 20:44:00,2026-05-10 22:29:00,0,1,gen_20260922_200_30
202301002,中心图书馆,2,静音研读间,24-13,2026-05-10 15:01:00,2026-05-10 15:55:00,0,1,gen_20260922_200_30
202407002,专业资料室,2,三层开架区,12-24,2026-05-10 20:57:00,2026-05-10 22:29:00,0,1,gen_20260922_200_30
202201007,南苑分馆,5,报刊阅览室,20-21,2026-05-10 16:13:00,2026-05-10 16:43:00,0,1,gen_20260922_200_30
202306002,中心图书馆,5,电子阅览区,02-13,2026-05-10 09:37:00,2026-05-10 11:16:00,0,1,gen_20260922_200_30
202302004,专业资料室,2,一号自习区,23-08,2026-05-10 21:06:00,2026-05-10 22:29:00,0,1,gen_20260922_200_30
202201008,南苑分馆,3,报刊阅览室,13-04,2026-05-10 15:31:00,2026-05-10 16:19:00,0,1,gen_20260922_200_30
202206001,中心图书馆,2,报刊阅览室,16-15,2026-05-10 08:02:00,2026-05-10 09:13:00,0,1,gen_20260922_200_30
202302006,专业资料室,1,报刊阅览室,39-07,2026-05-10 12:33:00,2026-05-10 14:10:00,0,1,gen_20260922_200_30
202204001,中心图书馆,5,静音研读间,28-09,2026-05-10 20:19:00,2026-05-10 21:08:00,0,1,gen_20260922_200_30
202301003,专业资料室,3,静音研读间,31-24,2026-05-10 17:40:00,2026-05-10 21:40:00,1,1,gen_20260922_200_30
202301003,专业资料室,3,电子阅览区,03-18,2026-05-10 21:55:00,2026-05-10 22:30:00,0,1,gen_20260922_200_30
202201010,专业资料室,4,静音研读间,29-09,2026-05-10 18:39:00,2026-05-10 22:29:00,1,1,gen_20260922_200_30
202201010,专业资料室,2,二号自习区,11-18,2026-05-10 21:55:00,2026-05-10 22:30:00,0,1,gen_20260922_200_30
202107001,南苑分馆,5,报刊阅览室,37-14,2026-05-10 19:04:00,2026-05-10 20:29:00,0,1,gen_20260922_200_30
202204002,南苑分馆,5,二号自习区,12-15,2026-05-10 17:40:00,2026-05-10 19:15:00,0,1,gen_20260922_200_30
202204002,专业资料室,2,二号自习区,21-20,2026-05-10 20:28:00,2026-05-10 21:24:00,0,1,gen_20260922_200_30
202307003,南苑分馆,5,三层开架区,32-17,2026-05-10 10:13:00,2026-05-10 11:15:00,0,1,gen_20260922_200_30
202307003,南苑分馆,2,电子阅览区,08-15,2026-05-10 20:01:00,2026-05-10 21:20:00,0,1,gen_20260922_200_30
202205001,中心图书馆,2,报刊阅览室,21-22,2026-05-10 20:21:00,2026-05-10 22:29:00,0,1,gen_20260922_200_30
202303006,南苑分馆,1,一号自习区,01-11,2026-05-10 15:09:00,2026-05-10 17:53:00,1,1,gen_20260922_200_30
202408001,中心图书馆,5,一号自习区,02-07,2026-05-10 20:35:00,2026-05-10 21:10:00,0,1,gen_20260922_200_30
202205002,专业资料室,3,静音研读间,35-15,2026-05-10 14:12:00,2026-05-10 17:15:00,0,1,gen_20260922_200_30
202202002,专业资料室,4,一号自习区,10-20,2026-05-10 15:05:00,2026-05-10 17:02:00,0,1,gen_20260922_200_30
202407003,专业资料室,4,二号自习区,25-16,2026-05-10 20:45:00,2026-05-10 21:48:00,0,1,gen_20260922_200_30
202301005,专业资料室,4,报刊阅览室,07-04,2026-05-10 14:05:00,2026-05-10 15:51:00,0,1,gen_20260922_200_30
202301005,专业资料室,1,一号自习区,10-02,2026-05-10 17:40:00,2026-05-10 19:35:00,0,1,gen_20260922_200_30
202101002,专业资料室,4,报刊阅览室,22-08,2026-05-10 19:49:00,2026-05-10 22:16:00,0,1,gen_20260922_200_30
202301006,南苑分馆,2,电子阅览区,02-10,2026-05-10 15:48:00,2026-05-10 17:21:00,0,1,gen_20260922_200_30
202301006,中心图书馆,1,静音研读间,22-17,2026-05-10 17:40:00,2026-05-10 19:36:00,0,1,gen_20260922_200_30
202303008,南苑分馆,1,一号自习区,21-17,2026-05-10 15:43:00,2026-05-10 18:19:00,1,1,gen_20260922_200_30
202201013,南苑分馆,1,三层开架区,03-09,2026-05-10 19:54:00,2026-05-10 20:30:00,0,1,gen_20260922_200_30
202206002,中心图书馆,1,电子阅览区,27-12,2026-05-10 13:26:00,2026-05-10 14:23:00,0,1,gen_20260922_200_30
202405001,专业资料室,1,静音研读间,28-16,2026-05-10 14:41:00,2026-05-10 15:30:00,0,1,gen_20260922_200_30
202205003,中心图书馆,1,一号自习区,03-13,2026-05-10 21:00:00,2026-05-10 22:29:00,0,1,gen_20260922_200_30
202101003,中心图书馆,2,报刊阅览室,23-01,2026-05-10 15:06:00,2026-05-10 16:17:00,0,1,gen_20260922_200_30
202101004,专业资料室,4,三层开架区,19-10,2026-05-10 14:31:00,2026-05-10 15:38:00,0,1,gen_20260922_200_30
202403006,中心图书馆,1,二号自习区,06-24,2026-05-10 15:21:00,2026-05-10 17:35:00,1,1,gen_20260922_200_30
202303009,中心图书馆,3,三层开架区,25-23,2026-05-10 14:42:00,2026-05-10 16:30:00,0,1,gen_20260922_200_30
202203005,专业资料室,5,电子阅览区,30-11,2026-05-10 16:08:00,2026-05-10 20:08:00,1,1,gen_20260922_200_30
202203005,南苑分馆,1,电子阅览区,27-06,2026-05-10 20:25:00,2026-05-10 21:28:00,0,1,gen_20260922_200_30
202305001,专业资料室,5,电子阅览区,22-20,2026-05-10 15:43:00,2026-05-10 17:16:00,0,1,gen_20260922_200_30
202305001,南苑分馆,1,一号自习区,22-07,2026-05-10 20:16:00,2026-05-10 21:08:00,0,1,gen_20260922_200_30
202303010,南苑分馆,3,静音研读间,05-10,2026-05-10 18:20:00,2026-05-10 18:54:00,0,1,gen_20260922_200_30
202105001,中心图书馆,4,二号自习区,18-14,2026-05-10 20:30:00,2026-05-10 22:29:00,0,1,gen_20260922_200_30
202205004,南苑分馆,4,电子阅览区,07-05,2026-05-10 19:25:00,2026-05-10 20:19:00,0,1,gen_20260922_200_30
202201016,中心图书馆,4,报刊阅览室,29-07,2026-05-10 16:02:00,2026-05-10 20:02:00,1,1,gen_20260922_200_30
202201016,专业资料室,5,二号自习区,38-08,2026-05-10 21:35:00,2026-05-10 22:29:00,0,1,gen_20260922_200_30
202404002,中心图书馆,3,静音研读间,39-19,2026-05-10 17:40:00,2026-05-10 19:34:00,0,1,gen_20260922_200_30
202404002,南苑分馆,3,二号自习区,07-13,2026-05-10 20:09:00,2026-05-10 21:08:00,0,1,gen_20260922_200_30
202402003,专业资料室,2,二号自习区,02-20,2026-05-10 16:44:00,2026-05-10 18:38:00,0,1,gen_20260922_200_30
202402003,南苑分馆,1,报刊阅览室,19-12,2026-05-10 19:31:00,2026-05-10 22:29:00,0,1,gen_20260922_200_30
202202004,专业资料室,3,电子阅览区,37-03,2026-05-10 07:30:00,2026-05-10 09:11:00,0,1,gen_20260922_200_30
202204005,南苑分馆,5,二号自习区,08-17,2026-05-10 18:12:00,2026-05-10 19:51:00,0,1,gen_20260922_200_30
202102003,中心图书馆,4,电子阅览区,01-12,2026-05-10 14:27:00,2026-05-10 18:27:00,1,1,gen_20260922_200_30
202402004,南苑分馆,5,二号自习区,11-04,2026-05-10 14:31:00,2026-05-10 16:55:00,0,1,gen_20260922_200_30
202203006,中心图书馆,5,一号自习区,38-15,2026-05-10 20:18:00,2026-05-10 22:08:00,0,1,gen_20260922_200_30
202301008,南苑分馆,3,报刊阅览室,22-16,2026-05-10 15:26:00,2026-05-10 16:18:00,0,1,gen_20260922_200_30
202106002,专业资料室,5,电子阅览区,20-16,2026-05-10 14:46:00,2026-05-10 18:02:00,1,1,gen_20260922_200_30
202201018,专业资料室,5,三层开架区,27-21,2026-05-10 18:17:00,2026-05-10 21:43:00,1,1,gen_20260922_200_30
202204006,南苑分馆,1,三层开架区,35-12,2026-05-10 17:40:00,2026-05-10 19:48:00,1,1,gen_20260922_200_30
202204006,南苑分馆,1,电子阅览区,38-03,2026-05-10 20:16:00,2026-05-10 20:46:00,0,1,gen_20260922_200_30
202403009,中心图书馆,2,二号自习区,04-20,2026-05-10 19:15:00,2026-05-10 20:30:00,0,1,gen_20260922_200_30
202202005,南苑分馆,4,报刊阅览室,35-11,2026-05-10 19:51:00,2026-05-10 22:04:00,0,1,gen_20260922_200_30
202403010,专业资料室,1,三层开架区,28-07,2026-05-10 20:09:00,2026-05-10 21:21:00,0,1,gen_20260922_200_30
202403011,中心图书馆,5,二号自习区,10-03,2026-05-10 21:12:00,2026-05-10 21:55:00,0,1,gen_20260922_200_30
202301009,中心图书馆,1,二号自习区,14-22,2026-05-10 14:33:00,2026-05-10 16:08:00,0,1,gen_20260922_200_30
202301009,专业资料室,2,报刊阅览室,12-20,2026-05-10 17:40:00,2026-05-10 21:40:00,1,1,gen_20260922_200_30
202207002,中心图书馆,5,报刊阅览室,05-21,2026-05-10 16:08:00,2026-05-10 17:15:00,0,1,gen_20260922_200_30
202207003,专业资料室,2,一号自习区,06-11,2026-05-10 19:05:00,2026-05-10 22:25:00,0,1,gen_20260922_200_30
202201019,专业资料室,1,一号自习区,37-09,2026-05-10 20:44:00,2026-05-10 22:02:00,0,1,gen_20260922_200_30
202203008,南苑分馆,2,电子阅览区,37-20,2026-05-10 14:08:00,2026-05-10 18:08:00,1,1,gen_20260922_200_30
202201020,南苑分馆,2,静音研读间,03-06,2026-05-10 14:52:00,2026-05-10 17:54:00,1,1,gen_20260922_200_30
202402009,中心图书馆,5,静音研读间,34-06,2026-05-10 15:56:00,2026-05-10 19:56:00,1,1,gen_20260922_200_30
202401007,中心图书馆,4,一号自习区,12-09,2026-05-10 20:37:00,2026-05-10 21:34:00,0,1,gen_20260922_200_30
202304005,中心图书馆,3,静音研读间,36-15,2026-05-10 14:17:00,2026-05-10 16:38:00,0,1,gen_20260922_200_30
202304005,南苑分馆,3,三层开架区,12-03,2026-05-10 17:40:00,2026-05-10 21:40:00,1,1,gen_20260922_200_30
202201021,专业资料室,3,静音研读间,21-02,2026-05-10 14:35:00,2026-05-10 17:52:00,1,1,gen_20260922_200_30
202303013,南苑分馆,4,三层开架区,08-19,2026-05-10 15:41:00,2026-05-10 19:35:00,1,1,gen_20260922_200_30
202401008,中心图书馆,2,报刊阅览室,20-23,2026-05-10 20:46:00,2026-05-10 22:29:00,0,1,gen_20260922_200_30
202304007,南苑分馆,2,三层开架区,34-07,2026-05-10 14:32:00,2026-05-10 15:39:00,0,1,gen_20260922_200_30
202406004,专业资料室,5,一号自习区,03-09,2026-05-10 17:40:00,2026-05-10 21:40:00,1,1,gen_20260922_200_30
202406004,中心图书馆,2,二号自习区,26-13,2026-05-10 21:55:00,2026-05-10 22:30:00,0,1,gen_20260922_200_30
202204008,中心图书馆,2,二号自习区,23-04,2026-05-10 14:12:00,2026-05-10 15:09:00,0,1,gen_20260922_200_30
202108004,专业资料室,3,三层开架区,17-06,2026-05-10 14:42:00,2026-05-10 18:42:00,1,1,gen_20260922_200_30
202205007,中心图书馆,4,一号自习区,21-04,2026-05-10 21:00:00,2026-05-10 22:29:00,0,1,gen_20260922_200_30
202402010,南苑分馆,4,静音研读间,23-14,2026-05-10 18:57:00,2026-05-10 21:37:00,0,1,gen_20260922_200_30
202402010,专业资料室,2,二号自习区,34-08,2026-05-10 21:53:00,2026-05-10 22:29:00,0,1,gen_20260922_200_30
202401009,中心图书馆,3,报刊阅览室,11-03,2026-05-10 15:33:00,2026-05-10 16:20:00,0,1,gen_20260922_200_30
202108006,中心图书馆,1,三层开架区,38-10,2026-05-10 15:25:00,2026-05-10 16:37:00,0,1,gen_20260922_200_30
202203010,中心图书馆,3,二号自习区,23-13,2026-05-10 15:02:00,2026-05-10 17:37:00,1,1,gen_20260922_200_30
202306008,中心图书馆,4,三层开架区,11-21,2026-05-10 19:32:00,2026-05-10 22:29:00,0,1,gen_20260922_200_30
202203011,专业资料室,1,一号自习区,12-01,2026-05-10 19:58:00,2026-05-10 22:17:00,0,1,gen_20260922_200_30
202201022,专业资料室,3,电子阅览区,03-09,2026-05-10 15:13:00,2026-05-10 19:03:00,1,1,gen_20260922_200_30
202303001,中心图书馆,1,静音研读间,26-15,2026-05-10 19:17:00,2026-05-10 18:48:00,0,0,gen_20260922_200_30
202405001,专业资料室,1,静音研读间,28-16,2026-05-10 14:41:00,2026-05-12 13:51:00,0,0,gen_20260922_200_30
202203001,中心图书馆,3,二号自习区,10-02,2026-05-11 16:26:00,2026-05-11 18:15:00,0,1,gen_20260922_200_30
202301001,南苑分馆,2,电子阅览区,14-04,2026-05-11 20:21:00,2026-05-11 21:22:00,0,1,gen_20260922_200_30
202301001,中心图书馆,3,二号自习区,28-16,2026-05-11 21:47:00,2026-05-11 22:29:00,0,1,gen_20260922_200_30
202308001,专业资料室,1,报刊阅览室,04-03,2026-05-11 14:13:00,2026-05-11 14:56:00,0,1,gen_20260922_200_30
202202001,南苑分馆,4,一号自习区,20-03,2026-05-11 19:15:00,2026-05-11 20:34:00,0,1,gen_20260922_200_30
202102001,南苑分馆,4,电子阅览区,13-03,2026-05-11 16:02:00,2026-05-11 17:53:00,0,1,gen_20260922_200_30
202102001,中心图书馆,1,二号自习区,20-19,2026-05-11 21:05:00,2026-05-11 22:27:00,0,1,gen_20260922_200_30
202102002,中心图书馆,5,三层开架区,10-16,2026-05-11 17:40:00,2026-05-11 21:40:00,1,1,gen_20260922_200_30
202102002,中心图书馆,4,三层开架区,26-14,2026-05-11 21:55:00,2026-05-11 22:30:00,0,1,gen_20260922_200_30
202104001,南苑分馆,3,静音研读间,34-17,2026-05-11 19:39:00,2026-05-11 20:33:00,0,1,gen_20260922_200_30
202302002,中心图书馆,3,二号自习区,21-15,2026-05-11 15:27:00,2026-05-11 16:36:00,0,1,gen_20260922_200_30
202303001,南苑分馆,5,三层开架区,16-11,2026-05-11 14:26:00,2026-05-11 15:50:00,0,1,gen_20260922_200_30
202303001,专业资料室,1,电子阅览区,35-21,2026-05-11 17:40:00,2026-05-11 18:58:00,0,1,gen_20260922_200_30
202304001,南苑分馆,3,静音研读间,29-19,2026-05-11 17:40:00,2026-05-11 18:19:00,0,1,gen_20260922_200_30
202304001,中心图书馆,2,一号自习区,11-23,2026-05-11 21:53:00,2026-05-11 22:29:00,0,1,gen_20260922_200_30
202407001,中心图书馆,3,一号自习区,39-16,2026-05-11 16:47:00,2026-05-11 19:19:00,1,1,gen_20260922_200_30
202303002,南苑分馆,2,二号自习区,23-16,2026-05-11 14:52:00,2026-05-11 16:16:00,0,1,gen_20260922_200_30
202401002,专业资料室,3,电子阅览区,31-20,2026-05-11 19:16:00,2026-05-11 20:50:00,0,1,gen_20260922_200_30
202401002,专业资料室,5,二号自习区,11-24,2026-05-11 20:51:00,2026-05-11 22:29:00,0,1,gen_20260922_200_30
202201003,专业资料室,4,静音研读间,20-02,2026-05-11 14:29:00,2026-05-11 15:51:00,0,1,gen_20260922_200_30
202201004,南苑分馆,5,二号自习区,02-16,2026-05-11 16:41:00,2026-05-11 17:30:00,0,1,gen_20260922_200_30
202104002,专业资料室,3,静音研读间,37-14,2026-05-11 17:40:00,2026-05-11 19:51:00,1,1,gen_20260922_200_30
202104002,南苑分馆,5,二号自习区,01-14,2026-05-11 20:37:00,2026-05-11 21:52:00,0,1,gen_20260922_200_30
202307001,南苑分馆,5,一号自习区,25-01,2026-05-11 16:35:00,2026-05-11 20:35:00,1,1,gen_20260922_200_30
202307001,中心图书馆,4,三层开架区,06-01,2026-05-11 21:35:00,2026-05-11 22:29:00,0,1,gen_20260922_200_30
202402001,南苑分馆,3,报刊阅览室,20-07,2026-05-11 20:32:00,2026-05-11 21:30:00,0,1,gen_20260922_200_30
202306001,南苑分馆,4,报刊阅览室,36-06,2026-05-11 15:56:00,2026-05-11 19:38:00,1,1,gen_20260922_200_30
202303003,中心图书馆,3,一号自习区,27-01,2026-05-11 15:40:00,2026-05-11 17:01:00,0,1,gen_20260922_200_30
202303003,南苑分馆,5,电子阅览区,04-24,2026-05-11 17:40:00,2026-05-11 19:52:00,1,1,gen_20260922_200_30
202201005,专业资料室,3,二号自习区,01-14,2026-05-11 14:19:00,2026-05-11 14:58:00,0,1,gen_20260922_200_30
202201006,专业资料室,5,一号自习区,29-22,2026-05-11 14:05:00,2026-05-11 17:17:00,0,1,gen_20260922_200_30
202201006,中心图书馆,2,三层开架区,28-05,2026-05-11 17:40:00,2026-05-11 18:45:00,0,1,gen_20260922_200_30
202303004,专业资料室,4,二号自习区,11-19,2026-05-11 19:33:00,2026-05-11 20:43:00,0,1,gen_20260922_200_30
202303005,南苑分馆,2,一号自习区,14-02,2026-05-11 17:40:00,2026-05-11 20:03:00,1,1,gen_20260922_200_30
202303005,南苑分馆,5,一号自习区,34-21,2026-05-11 20:43:00,2026-05-11 22:29:00,0,1,gen_20260922_200_30
202301002,中心图书馆,4,一号自习区,37-23,2026-05-11 12:57:00,2026-05-11 14:34:00,0,1,gen_20260922_200_30
202404001,专业资料室,2,一号自习区,12-01,2026-05-11 13:20:00,2026-05-11 14:17:00,0,1,gen_20260922_200_30
202306002,中心图书馆,4,二号自习区,04-12,2026-05-11 14:45:00,2026-05-11 16:30:00,0,1,gen_20260922_200_30
202308002,专业资料室,1,电子阅览区,13-12,2026-05-11 13:50:00,2026-05-11 15:06:00,0,1,gen_20260922_200_30
202302004,南苑分馆,5,静音研读间,39-15,2026-05-11 17:40:00,2026-05-11 19:02:00,0,1,gen_20260922_200_30
202302004,南苑分馆,2,三层开架区,31-17,2026-05-11 21:28:00,2026-05-11 22:21:00,0,1,gen_20260922_200_30
202201008,南苑分馆,1,电子阅览区,15-20,2026-05-11 14:01:00,2026-05-11 14:58:00,0,1,gen_20260922_200_30
202201008,专业资料室,2,电子阅览区,29-18,2026-05-11 17:40:00,2026-05-11 19:14:00,0,1,gen_20260922_200_30
202206001,中心图书馆,2,静音研读间,35-19,2026-05-11 15:23:00,2026-05-11 17:14:00,0,1,gen_20260922_200_30
202206001,中心图书馆,2,静音研读间,30-09,2026-05-11 18:59:00,2026-05-11 22:29:00,0,1,gen_20260922_200_30
202307002,南苑分馆,4,三层开架区,38-19,2026-05-11 14:10:00,2026-05-11 15:20:00,0,1,gen_20260922_200_30
202302006,专业资料室,4,一号自习区,05-10,2026-05-11 15:49:00,2026-05-11 17:51:00,1,1,gen_20260922_200_30
202302006,专业资料室,1,二号自习区,25-20,2026-05-11 20:41:00,2026-05-11 22:29:00,0,1,gen_20260922_200_30
202403001,专业资料室,3,一号自习区,02-24,2026-05-11 13:51:00,2026-05-11 15:27:00,0,1,gen_20260922_200_30
202403001,南苑分馆,5,一号自习区,37-11,2026-05-11 19:50:00,2026-05-11 21:30:00,0,1,gen_20260922_200_30
202204001,南苑分馆,1,电子阅览区,26-17,2026-05-11 19:08:00,,0,1,gen_20260922_200_30
202204001,南苑分馆,2,三层开架区,17-24,2026-05-11 21:55:00,2026-05-11 22:30:00,0,1,gen_20260922_200_30
202403002,专业资料室,2,三层开架区,20-06,2026-05-11 17:15:00,2026-05-11 20:57:00,1,1,gen_20260922_200_30
202401003,中心图书馆,5,报刊阅览室,26-24,2026-05-11 14:37:00,2026-05-11 18:37:00,1,1,gen_20260922_200_30
202401003,专业资料室,5,静音研读间,22-20,2026-05-11 19:34:00,2026-05-11 22:29:00,0,1,gen_20260922_200_30
202301003,中心图书馆,3,静音研读间,11-12,2026-05-11 10:37:00,2026-05-11 13:48:00,1,1,gen_20260922_200_30
202301003,中心图书馆,4,一号自习区,09-18,2026-05-11 19:21:00,2026-05-11 22:29:00,0,1,gen_20260922_200_30
202201009,南苑分馆,1,电子阅览区,38-05,2026-05-11 20:24:00,2026-05-11 21:10:00,0,1,gen_20260922_200_30
202403003,南苑分馆,1,报刊阅览室,16-14,2026-05-11 18:39:00,2026-05-11 20:01:00,0,1,gen_20260922_200_30
202301004,专业资料室,5,静音研读间,32-23,2026-05-11 19:27:00,2026-05-11 21:16:00,0,1,gen_20260922_200_30
202201010,南苑分馆,4,二号自习区,19-09,2026-05-11 17:40:00,2026-05-11 18:12:00,0,1,gen_20260922_200_30
202201010,南苑分馆,2,一号自习区,28-05,2026-05-11 19:00:00,2026-05-11 22:29:00,0,1,gen_20260922_200_30
202307003,南苑分馆,4,三层开架区,03-04,2026-05-11 11:37:00,2026-05-11 12:34:00,0,1,gen_20260922_200_30
202205001,中心图书馆,3,三层开架区,35-24,2026-05-11 17:15:00,2026-05-11 20:57:00,1,1,gen_20260922_200_30
202303006,南苑分馆,2,静音研读间,18-06,2026-05-11 19:32:00,2026-05-11 20:53:00,0,1,gen_20260922_200_30
202304002,南苑分馆,3,电子阅览区,35-19,2026-05-11 18:51:00,2026-05-11 19:45:00,0,1,gen_20260922_200_30
202203002,中心图书馆,4,三层开架区,07-14,2026-05-11 16:28:00,2026-05-11 17:35:00,0,1,gen_20260922_200_30
202207001,南苑分馆,5,电子阅览区,11-10,2026-05-11 21:02:00,2026-05-11 21:40:00,0,1,gen_20260922_200_30
202201011,中心图书馆,1,电子阅览区,28-07,2026-05-11 14:42:00,2026-05-11 18:42:00,1,1,gen_20260922_200_30
202201011,中心图书馆,1,静音研读间,19-02,2026-05-11 19:27:00,2026-05-11 22:29:00,0,1,gen_20260922_200_30
202306003,中心图书馆,2,报刊阅览室,33-12,2026-05-11 16:09:00,2026-05-11 18:12:00,1,1,gen_20260922_200_30
202401004,专业资料室,4,三层开架区,27-09,2026-05-11 20:18:00,2026-05-11 22:24:00,0,1,gen_20260922_200_30
202401004,中心图书馆,3,电子阅览区,36-11,2026-05-11 21:55:00,2026-05-11 22:30:00,0,1,gen_20260922_200_30
202408001,专业资料室,3,静音研读间,12-04,2026-05-11 15:35:00,2026-05-11 17:12:00,0,1,gen_20260922_200_30
202201012,南苑分馆,4,二号自习区,36-18,2026-05-11 19:35:00,2026-05-11 20:39:00,0,1,gen_20260922_200_30
202205002,南苑分馆,5,一号自习区,27-13,2026-05-11 19:13:00,2026-05-11 21:14:00,0,1,gen_20260922_200_30
202205002,中心图书馆,5,一号自习区,05-10,2026-05-11 21:47:00,2026-05-11 22:29:00,0,1,gen_20260922_200_30
202202002,专业资料室,2,电子阅览区,07-03,2026-05-11 19:31:00,2026-05-11 20:38:00,0,1,gen_20260922_200_30
202202002,中心图书馆,4,三层开架区,04-06,2026-05-11 21:39:00,2026-05-11 22:29:00,0,1,gen_20260922_200_30
202407003,中心图书馆,1,一号自习区,07-23,2026-05-11 14:54:00,2026-05-11 18:31:00,1,1,gen_20260922_200_30
202407003,中心图书馆,3,一号自习区,36-17,2026-05-11 19:07:00,2026-05-11 21:01:00,0,1,gen_20260922_200_30
202301005,专业资料室,3,静音研读间,35-20,2026-05-11 14:53:00,2026-05-11 18:12:00,1,1,gen_20260922_200_30
202301005,专业资料室,1,三层开架区,06-02,2026-05-11 19:03:00,2026-05-11 22:29:00,0,1,gen_20260922_200_30
202101002,专业资料室,4,电子阅览区,02-11,2026-05-11 19:32:00,2026-05-11 22:16:00,0,1,gen_20260922_200_30
202101002,中心图书馆,4,静音研读间,31-04,2026-05-11 21:55:00,2026-05-11 22:30:00,0,1,gen_20260922_200_30
202304004,专业资料室,3,三层开架区,08-15,2026-05-11 19:24:00,2026-05-11 22:04:00,0,1,gen_20260922_200_30
202304004,中心图书馆,2,一号自习区,38-20,2026-05-11 21:55:00,2026-05-11 22:30:00,0,1,gen_20260922_200_30
202108001,南苑分馆,2,静音研读间,38-03,2026-05-11 21:47:00,2026-05-11 22:29:00,0,1,gen_20260922_200_30
202301006,南苑分馆,3,静音研读间,11-22,2026-05-11 19:22:00,2026-05-11 22:10:00,0,1,gen_20260922_200_30
202303007,中心图书馆,5,三层开架区,17-02,2026-05-11 17:40:00,2026-05-11 20:01:00,1,1,gen_20260922_200_30
202303007,中心图书馆,3,二号自习区,08-02,2026-05-11 20:34:00,2026-05-11 22:29:00,0,1,gen_20260922_200_30
202201013,南苑分馆,5,电子阅览区,26-23,2026-05-11 17:40:00,2026-05-11 18:11:00,0,1,gen_20260922_200_30
202201013,专业资料室,2,一号自习区,02-09,2026-05-11 19:38:00,2026-05-11 21:55:00,0,1,gen_20260922_200_30
202403004,南苑分馆,5,一号自习区,10-23,2026-05-11 14:54:00,2026-05-11 16:36:00,0,1,gen_20260922_200_30
202401005,中心图书馆,2,三层开架区,01-02,2026-05-11 15:58:00,2026-05-11 17:04:00,0,1,gen_20260922_200_30
202206002,中心图书馆,3,电子阅览区,34-23,2026-05-11 14:58:00,2026-05-11 16:22:00,0,1,gen_20260922_200_30
202308003,专业资料室,2,二号自习区,24-24,2026-05-11 14:27:00,2026-05-11 14:57:00,0,1,gen_20260922_200_30
202203003,南苑分馆,2,报刊阅览室,03-11,2026-05-11 17:40:00,2026-05-11 18:35:00,0,1,gen_20260922_200_30
202203003,中心图书馆,5,静音研读间,24-18,2026-05-11 19:27:00,2026-05-11 22:29:00,0,1,gen_20260922_200_30
202201014,专业资料室,3,报刊阅览室,28-02,2026-05-11 19:57:00,2026-05-11 21:11:00,0,1,gen_20260922_200_30
202201014,专业资料室,1,三层开架区,39-21,2026-05-11 21:32:00,2026-05-11 22:27:00,0,1,gen_20260922_200_30
202203004,专业资料室,1,二号自习区,08-10,2026-05-11 14:41:00,2026-05-11 16:25:00,0,1,gen_20260922_200_30
202205003,南苑分馆,4,静音研读间,25-14,2026-05-11 20:34:00,2026-05-11 22:29:00,0,1,gen_20260922_200_30
202401006,专业资料室,3,电子阅览区,02-06,2026-05-11 15:30:00,2026-05-11 16:00:00,0,1,gen_20260922_200_30
202401006,专业资料室,4,三层开架区,27-03,2026-05-11 17:40:00,2026-05-11 18:34:00,0,1,gen_20260922_200_30
202201015,南苑分馆,1,二号自习区,26-13,2026-05-11 17:40:00,2026-05-11 19:57:00,1,1,gen_20260922_200_30
202201015,专业资料室,1,三层开架区,32-09,2026-05-11 20:03:00,2026-05-11 21:28:00,0,1,gen_20260922_200_30
202307004,中心图书馆,4,电子阅览区,29-05,2026-05-11 14:42:00,2026-05-11 15:12:00,0,1,gen_20260922_200_30
202208002,专业资料室,3,三层开架区,06-13,2026-05-11 19:59:00,2026-05-11 20:59:00,0,1,gen_20260922_200_30
202406001,专业资料室,4,一号自习区,21-13,2026-05-11 14:58:00,2026-05-11 15:44:00,0,1,gen_20260922_200_30
202106001,中心图书馆,2,二号自习区,05-16,2026-05-11 21:10:00,2026-05-11 22:29:00,0,1,gen_20260922_200_30
202101003,南苑分馆,1,三层开架区,38-02,2026-05-11 19:57:00,2026-05-11 21:45:00,0,1,gen_20260922_200_30
202101004,南苑分馆,1,静音研读间,22-08,2026-05-11 15:24:00,2026-05-11 16:16:00,0,1,gen_20260922_200_30
202403006,中心图书馆,4,报刊阅览室,27-24,2026-05-11 15:09:00,2026-05-11 16:24:00,0,1,gen_20260922_200_30
202403006,中心图书馆,2,电子阅览区,37-15,2026-05-11 19:52:00,2026-05-11 21:54:00,0,1,gen_20260922_200_30
202303009,中心图书馆,5,报刊阅览室,39-06,2026-05-11 13:21:00,2026-05-11 15:11:00,0,1,gen_20260922_200_30
202303009,专业资料室,3,一号自习区,23-11,2026-05-11 17:40:00,2026-05-11 21:40:00,1,1,gen_20260922_200_30
202108002,专业资料室,5,静音研读间,25-11,2026-05-11 17:29:00,2026-05-11 19:12:00,0,1,gen_20260922_200_30
202403007,专业资料室,1,三层开架区,22-12,2026-05-11 14:22:00,2026-05-11 15:20:00,0,1,gen_20260922_200_30
202203005,中心图书馆,2,报刊阅览室,26-15,2026-05-11 21:23:00,2026-05-11 22:29:00,0,1,gen_20260922_200_30
202305001,专业资料室,2,二号自习区,13-21,2026-05-11 21:55:00,2026-05-11 22:30:00,0,1,gen_20260922_200_30
202303010,南苑分馆,2,电子阅览区,18-04,2026-05-11 19:24:00,2026-05-11 21:44:00,0,1,gen_20260922_200_30
202303010,专业资料室,2,二号自习区,07-19,2026-05-11 21:55:00,2026-05-11 22:30:00,0,1,gen_20260922_200_30
202105001,南苑分馆,4,电子阅览区,31-15,2026-05-11 15:32:00,2026-05-11 19:32:00,1,1,gen_20260922_200_30
202205004,中心图书馆,3,二号自习区,33-06,2026-05-11 15:49:00,2026-05-11 16:32:00,0,1,gen_20260922_200_30
202205004,中心图书馆,5,三层开架区,16-13,2026-05-11 19:26:00,2026-05-11 21:30:00,0,1,gen_20260922_200_30
202201016,中心图书馆,3,静音研读间,12-16,2026-05-11 08:56:00,2026-05-11 10:20:00,0,1,gen_20260922_200_30
202201016,专业资料室,3,报刊阅览室,24-21,2026-05-11 19:23:00,2026-05-11 21:34:00,0,1,gen_20260922_200_30
202206003,专业资料室,1,电子阅览区,01-24,2026-05-11 16:01:00,2026-05-11 17:34:00,0,1,gen_20260922_200_30
202107002,南苑分馆,4,静音研读间,28-08,2026-05-11 13:57:00,2026-05-11 16:18:00,0,1,gen_20260922_200_30
202107002,专业资料室,5,一号自习区,10-13,2026-05-11 17:40:00,2026-05-11 19:45:00,1,1,gen_20260922_200_30
202404002,南苑分馆,4,二号自习区,39-05,2026-05-11 17:33:00,2026-05-11 20:49:00,1,1,gen_20260922_200_30
202303011,中心图书馆,2,三层开架区,36-03,2026-05-11 14:23:00,2026-05-11 18:00:00,1,1,gen_20260922_200_30
202303011,南苑分馆,3,二号自习区,34-14,2026-05-11 18:35:00,2026-05-11 19:05:00,0,1,gen_20260922_200_30
202402003,南苑分馆,1,三层开架区,20-01,2026-05-11 16:35:00,2026-05-11 17:56:00,0,1,gen_20260922_200_30
202402003,中心图书馆,3,三层开架区,01-17,2026-05-11 18:45:00,2026-05-11 19:35:00,0,1,gen_20260922_200_30
202202004,南苑分馆,5,一号自习区,28-17,2026-05-11 15:40:00,2026-05-11 16:20:00,0,1,gen_20260922_200_30
202202004,中心图书馆,5,报刊阅览室,33-01,2026-05-11 17:40:00,2026-05-11 18:10:00,0,1,gen_20260922_200_30
202204005,专业资料室,5,静音研读间,13-15,2026-05-11 07:30:00,2026-05-11 11:30:00,0,1,gen_20260922_200_30
202204005,南苑分馆,4,三层开架区,05-14,2026-05-11 17:40:00,2026-05-11 21:40:00,1,1,gen_20260922_200_30
202102003,南苑分馆,2,静音研读间,15-11,2026-05-11 17:40:00,2026-05-11 19:13:00,0,1,gen_20260922_200_30
202102003,南苑分馆,1,一号自习区,08-10,2026-05-11 20:13:00,2026-05-11 22:29:00,0,1,gen_20260922_200_30
202104003,南苑分馆,3,一号自习区,05-10,2026-05-11 18:51:00,2026-05-11 19:50:00,0,1,gen_20260922_200_30
202301007,专业资料室,1,静音研读间,12-13,2026-05-11 17:40:00,2026-05-11 20:10:00,1,1,gen_20260922_200_30
202301007,中心图书馆,2,二号自习区,38-07,2026-05-11 20:51:00,2026-05-11 22:29:00,0,1,gen_20260922_200_30
202303012,专业资料室,4,二号自习区,21-01,2026-05-11 19:20:00,2026-05-11 20:52:00,0,1,gen_20260922_200_30
202402004,中心图书馆,1,一号自习区,04-21,2026-05-11 19:34:00,2026-05-11 21:46:00,0,1,gen_20260922_200_30
202402004,南苑分馆,4,电子阅览区,18-05,2026-05-11 21:55:00,2026-05-11 22:30:00,0,1,gen_20260922_200_30
202203006,南苑分馆,4,三层开架区,16-22,2026-05-11 17:40:00,2026-05-11 19:30:00,0,1,gen_20260922_200_30
202203006,专业资料室,3,报刊阅览室,26-20,2026-05-11 20:19:00,2026-05-11 22:22:00,0,1,gen_20260922_200_30
202201017,南苑分馆,2,报刊阅览室,26-19,2026-05-11 17:40:00,2026-05-11 19:07:00,0,1,gen_20260922_200_30
202201017,南苑分馆,4,一号自习区,11-13,2026-05-11 20:55:00,2026-05-11 21:25:00,0,1,gen_20260922_200_30
202205006,专业资料室,1,静音研读间,15-20,2026-05-11 19:30:00,2026-05-11 20:38:00,0,1,gen_20260922_200_30
202205006,专业资料室,2,二号自习区,20-16,2026-05-11 21:35:00,2026-05-11 22:29:00,0,1,gen_20260922_200_30
202402005,专业资料室,4,静音研读间,22-15,2026-05-11 19:29:00,2026-05-11 20:26:00,0,1,gen_20260922_200_30
202306005,南苑分馆,3,二号自习区,34-09,2026-05-11 13:48:00,2026-05-11 15:56:00,0,1,gen_20260922_200_30
202306005,南苑分馆,2,三层开架区,07-07,2026-05-11 17:40:00,2026-05-11 19:12:00,0,1,gen_20260922_200_30
202402006,南苑分馆,3,报刊阅览室,25-07,2026-05-11 15:40:00,2026-05-11 17:12:00,0,1,gen_20260922_200_30
202405002,专业资料室,3,一号自习区,36-02,2026-05-11 15:36:00,2026-05-11 19:36:00,1,1,gen_20260922_200_30
202405002,专业资料室,5,静音研读间,18-22,2026-05-11 20:14:00,2026-05-11 22:25:00,0,1,gen_20260922_200_30
202403008,南苑分馆,5,静音研读间,01-06,2026-05-11 19:30:00,2026-05-11 20:00:00,0,1,gen_20260922_200_30
202301008,中心图书馆,1,报刊阅览室,08-20,2026-05-11 19:47:00,2026-05-11 22:29:00,0,1,gen_20260922_200_30
202402007,专业资料室,3,二号自习区,36-07,2026-05-11 13:25:00,2026-05-11 16:35:00,0,1,gen_20260922_200_30
202201018,专业资料室,5,一号自习区,02-06,2026-05-11 12:27:00,2026-05-11 14:09:00,0,1,gen_20260922_200_30
202203007,中心图书馆,2,三层开架区,08-02,2026-05-11 16:42:00,2026-05-11 17:12:00,0,1,gen_20260922_200_30
202204006,南苑分馆,1,二号自习区,27-04,2026-05-11 21:15:00,2026-05-11 22:05:00,0,1,gen_20260922_200_30
202202005,南苑分馆,2,静音研读间,36-01,2026-05-11 14:23:00,2026-05-11 15:58:00,0,1,gen_20260922_200_30
202202005,中心图书馆,2,电子阅览区,07-11,2026-05-11 17:40:00,2026-05-11 21:40:00,1,1,gen_20260922_200_30
202305003,专业资料室,1,静音研读间,04-15,2026-05-11 20:23:00,2026-05-11 21:16:00,0,1,gen_20260922_200_30
202402008,中心图书馆,3,电子阅览区,28-02,2026-05-11 17:40:00,2026-05-11 18:30:00,0,1,gen_20260922_200_30
202402008,中心图书馆,5,三层开架区,19-08,2026-05-11 19:58:00,2026-05-11 20:28:00,0,1,gen_20260922_200_30
202403010,专业资料室,5,三层开架区,38-16,2026-05-11 17:40:00,2026-05-11 21:40:00,1,1,gen_20260922_200_30
202403010,专业资料室,5,报刊阅览室,24-24,2026-05-11 21:55:00,2026-05-11 22:30:00,0,1,gen_20260922_200_30
202403011,中心图书馆,2,静音研读间,26-03,2026-05-11 20:18:00,2026-05-11 22:29:00,0,1,gen_20260922_200_30
202403012,中心图书馆,5,一号自习区,08-21,2026-05-11 13:17:00,2026-05-11 13:48:00,0,1,gen_20260922_200_30
202301009,专业资料室,1,一号自习区,16-01,2026-05-11 14:52:00,2026-05-11 17:14:00,0,1,gen_20260922_200_30
202301009,中心图书馆,4,三层开架区,25-02,2026-05-11 20:05:00,2026-05-11 22:29:00,0,1,gen_20260922_200_30
202204007,中心图书馆,4,二号自习区,07-14,2026-05-11 14:15:00,2026-05-11 17:51:00,1,1,gen_20260922_200_30
202204007,中心图书馆,5,三层开架区,25-19,2026-05-11 20:03:00,2026-05-11 22:29:00,0,1,gen_20260922_200_30
202207002,专业资料室,4,报刊阅览室,03-03,2026-05-11 14:48:00,2026-05-11 15:33:00,0,1,gen_20260922_200_30
202207002,专业资料室,4,一号自习区,37-06,2026-05-11 17:40:00,2026-05-11 21:30:00,1,1,gen_20260922_200_30
202207003,南苑分馆,1,一号自习区,21-11,2026-05-11 07:30:00,2026-05-11 08:58:00,0,1,gen_20260922_200_30
202207003,南苑分馆,4,电子阅览区,04-01,2026-05-11 17:40:00,2026-05-11 21:40:00,1,1,gen_20260922_200_30
202201019,中心图书馆,4,静音研读间,39-09,2026-05-11 17:40:00,2026-05-11 20:31:00,1,1,gen_20260922_200_30
202201019,专业资料室,4,一号自习区,02-04,2026-05-11 21:13:00,2026-05-11 22:29:00,0,1,gen_20260922_200_30
202203008,南苑分馆,5,电子阅览区,22-15,2026-05-11 19:08:00,2026-05-11 21:34:00,0,1,gen_20260922_200_30
202101005,南苑分馆,2,电子阅览区,12-13,2026-05-11 15:45:00,2026-05-11 16:24:00,0,1,gen_20260922_200_30
202201020,专业资料室,1,静音研读间,16-03,2026-05-11 17:40:00,2026-05-11 20:38:00,1,1,gen_20260922_200_30
202201020,专业资料室,4,三层开架区,23-20,2026-05-11 21:21:00,2026-05-11 22:29:00,0,1,gen_20260922_200_30
202402009,中心图书馆,3,静音研读间,29-10,2026-05-11 13:32:00,2026-05-11 16:18:00,0,1,gen_20260922_200_30
202402009,中心图书馆,2,电子阅览区,19-14,2026-05-11 17:40:00,2026-05-11 20:56:00,1,1,gen_20260922_200_30
202202006,中心图书馆,2,三层开架区,31-16,2026-05-11 21:15:00,2026-05-11 22:29:00,0,1,gen_20260922_200_30
202304005,中心图书馆,1,二号自习区,04-13,2026-05-11 16:11:00,2026-05-11 18:38:00,1,1,gen_20260922_200_30
202304005,南苑分馆,4,三层开架区,36-17,2026-05-11 19:31:00,2026-05-11 22:29:00,0,1,gen_20260922_200_30
202306006,南苑分馆,4,二号自习区,29-24,2026-05-11 09:13:00,2026-05-11 10:43:00,0,1,gen_20260922_200_30
202306006,专业资料室,1,三层开架区,33-02,2026-05-11 19:55:00,2026-05-11 21:09:00,0,1,gen_20260922_200_30
202105002,中心图书馆,3,静音研读间,02-01,2026-05-11 15:34:00,2026-05-11 19:34:00,1,1,gen_20260922_200_30
202105002,南苑分馆,2,电子阅览区,06-08,2026-05-11 20:17:00,2026-05-11 22:29:00,0,1,gen_20260922_200_30
202304006,专业资料室,1,电子阅览区,31-09,2026-05-11 15:43:00,2026-05-11 16:18:00,0,1,gen_20260922_200_30
202201021,中心图书馆,5,静音研读间,34-10,2026-05-11 19:35:00,2026-05-11 22:29:00,0,1,gen_20260922_200_30
202201021,南苑分馆,5,一号自习区,24-15,2026-05-11 21:55:00,2026-05-11 22:30:00,0,1,gen_20260922_200_30
202406003,中心图书馆,3,静音研读间,25-10,2026-05-11 18:56:00,2026-05-11 22:29:00,0,1,gen_20260922_200_30
202303013,南苑分馆,3,电子阅览区,29-07,2026-05-11 16:51:00,2026-05-11 18:31:00,0,1,gen_20260922_200_30
202303013,南苑分馆,4,报刊阅览室,16-18,2026-05-11 19:06:00,2026-05-11 20:09:00,0,1,gen_20260922_200_30
202401008,南苑分馆,3,三层开架区,37-04,2026-05-11 15:32:00,2026-05-11 17:35:00,1,1,gen_20260922_200_30
202304007,中心图书馆,2,一号自习区,30-19,2026-05-11 16:07:00,2026-05-11 18:19:00,1,1,gen_20260922_200_30
202304007,南苑分馆,3,报刊阅览室,35-20,2026-05-11 20:31:00,2026-05-11 22:29:00,0,1,gen_20260922_200_30
202406004,南苑分馆,4,三层开架区,06-10,2026-05-11 15:32:00,2026-05-11 18:59:00,1,1,gen_20260922_200_30
202406004,专业资料室,1,一号自习区,29-04,2026-05-11 21:31:00,2026-05-11 22:29:00,0,1,gen_20260922_200_30
202204008,中心图书馆,5,三层开架区,06-12,2026-05-11 16:02:00,2026-05-11 16:35:00,0,1,gen_20260922_200_30
202204008,专业资料室,2,静音研读间,37-05,2026-05-11 17:40:00,2026-05-11 19:02:00,0,1,gen_20260922_200_30
202206004,专业资料室,1,电子阅览区,07-17,2026-05-11 17:24:00,2026-05-11 18:19:00,0,1,gen_20260922_200_30
202204009,专业资料室,4,电子阅览区,22-05,2026-05-11 21:19:00,2026-05-11 22:29:00,0,1,gen_20260922_200_30
202407004,南苑分馆,1,电子阅览区,36-03,2026-05-11 17:40:00,2026-05-11 18:49:00,0,1,gen_20260922_200_30
202407004,专业资料室,1,静音研读间,21-13,2026-05-11 20:18:00,2026-05-11 22:29:00,0,1,gen_20260922_200_30
202108004,专业资料室,1,三层开架区,27-07,2026-05-11 15:08:00,2026-05-11 19:08:00,1,1,gen_20260922_200_30
202205007,专业资料室,2,电子阅览区,08-19,2026-05-11 15:28:00,2026-05-11 17:11:00,0,1,gen_20260922_200_30
202205007,专业资料室,2,三层开架区,14-15,2026-05-11 17:40:00,2026-05-11 21:40:00,1,1,gen_20260922_200_30
202402010,中心图书馆,4,静音研读间,14-22,2026-05-11 14:41:00,2026-05-11 16:30:00,0,1,gen_20260922_200_30
202402010,南苑分馆,3,二号自习区,20-04,2026-05-11 17:40:00,2026-05-11 21:40:00,1,1,gen_20260922_200_30
202301010,专业资料室,2,一号自习区,33-03,2026-05-11 16:34:00,2026-05-11 18:04:00,0,1,gen_20260922_200_30
202301010,中心图书馆,3,三层开架区,12-07,2026-05-11 18:30:00,2026-05-11 20:13:00,0,1,gen_20260922_200_30
202306007,中心图书馆,5,二号自习区,25-21,2026-05-11 14:55:00,2026-05-11 16:43:00,0,1,gen_20260922_200_30
202402011,中心图书馆,3,静音研读间,17-11,2026-05-11 18:09:00,2026-05-11 21:29:00,1,1,gen_20260922_200_30
202402011,中心图书馆,5,电子阅览区,09-17,2026-05-11 21:55:00,2026-05-11 22:30:00,0,1,gen_20260922_200_30
202108005,南苑分馆,5,三层开架区,34-24,2026-05-11 08:42:00,2026-05-11 09:32:00,0,1,gen_20260922_200_30
202408003,南苑分馆,2,电子阅览区,35-07,2026-05-11 21:33:00,2026-05-11 22:29:00,0,1,gen_20260922_200_30
202304009,专业资料室,4,电子阅览区,09-15,2026-05-11 14:57:00,2026-05-11 15:34:00,0,1,gen_20260922_200_30
202304009,南苑分馆,4,静音研读间,39-10,2026-05-11 17:40:00,2026-05-11 19:08:00,0,1,gen_20260922_200_30
202401009,中心图书馆,3,静音研读间,10-21,2026-05-11 15:20:00,2026-05-11 17:32:00,1,1,gen_20260922_200_30
202203009,南苑分馆,2,报刊阅览室,27-07,2026-05-11 16:09:00,2026-05-11 16:39:00,0,1,gen_20260922_200_30
202203010,南苑分馆,1,电子阅览区,37-21,2026-05-11 13:56:00,2026-05-11 17:56:00,1,1,gen_20260922_200_30
202101006,中心图书馆,5,三层开架区,20-07,2026-05-11 13:55:00,2026-05-11 16:40:00,0,1,gen_20260922_200_30
202306008,专业资料室,5,二号自习区,11-16,2026-05-11 13:53:00,2026-05-11 16:13:00,0,1,gen_20260922_200_30
202306008,专业资料室,4,一号自习区,39-04,2026-05-11 19:58:00,2026-05-11 21:32:00,0,1,gen_20260922_200_30
202406005,中心图书馆,5,三层开架区,09-13,2026-05-11 13:33:00,2026-05-11 14:46:00,0,1,gen_20260922_200_30
202302008,专业资料室,1,报刊阅览室,37-19,2026-05-11 16:04:00,2026-05-11 16:41:00,0,1,gen_20260922_200_30
202302008,中心图书馆,3,二号自习区,12-22,2026-05-11 18:59:00,2026-05-11 20:49:00,0,1,gen_20260922_200_30
202107003,专业资料室,4,一号自习区,18-18,2026-05-11 19:59:00,2026-05-11 21:47:00,0,1,gen_20260922_200_30
202201022,南苑分馆,5,静音研读间,31-11,2026-05-11 09:51:00,2026-05-11 12:06:00,1,1,gen_20260922_200_30
202201022,专业资料室,5,电子阅览区,32-22,2026-05-11 17:40:00,2026-05-11 19:36:00,0,1,gen_20260922_200_30
202107002,专业资料室,5,一号自习区,10-13,2026-05-11 17:40:00,2026-05-11 15:42:00,1,0,gen_20260922_200_30
202406003,中心图书馆,3,静音研读间,25-10,2026-05-11 18:56:00,2026-05-13 08:08:00,0,0,gen_20260922_200_30
202402004,南苑分馆,4,电子阅览区,18-05,2026-05-11 21:55:00,2026-05-13 18:03:00,0,0,gen_20260922_200_30
202201017,南苑分馆,4,一号自习区,11-13,2026-05-11 20:55:00,2026-05-11 19:44:00,0,0,gen_20260922_200_30
202203001,专业资料室,3,静音研读间,34-20,2026-05-12 20:34:00,2026-05-12 21:26:00,0,1,gen_20260922_200_30
202302001,中心图书馆,5,一号自习区,10-19,2026-05-12 20:15:00,2026-05-12 21:10:00,0,1,gen_20260922_200_30
202202001,中心图书馆,1,电子阅览区,38-10,2026-05-12 20:37:00,2026-05-12 22:07:00,0,1,gen_20260922_200_30
202102001,中心图书馆,2,静音研读间,30-16,2026-05-12 17:40:00,2026-05-12 18:18:00,0,1,gen_20260922_200_30
202102001,南苑分馆,3,三层开架区,20-22,2026-05-12 20:44:00,2026-05-12 22:29:00,0,1,gen_20260922_200_30
202102002,南苑分馆,4,二号自习区,14-18,2026-05-12 17:18:00,2026-05-12 19:03:00,0,1,gen_20260922_200_30
202102002,南苑分馆,2,报刊阅览室,23-15,2026-05-12 19:43:00,2026-05-12 22:29:00,0,1,gen_20260922_200_30
202104001,专业资料室,5,一号自习区,11-20,2026-05-12 14:52:00,2026-05-12 15:45:00,0,1,gen_20260922_200_30
202302002,专业资料室,4,二号自习区,22-10,2026-05-12 15:08:00,2026-05-12 18:11:00,1,1,gen_20260922_200_30
202302002,专业资料室,3,报刊阅览室,18-12,2026-05-12 19:10:00,2026-05-12 20:54:00,0,1,gen_20260922_200_30
202201001,中心图书馆,4,静音研读间,02-19,2026-05-12 15:32:00,2026-05-12 16:16:00,0,1,gen_20260922_200_30
202201002,南苑分馆,1,二号自习区,01-14,2026-05-12 08:21:00,2026-05-12 09:21:00,0,1,gen_20260922_200_30
202201002,中心图书馆,3,电子阅览区,32-03,2026-05-12 19:09:00,2026-05-12 22:28:00,0,1,gen_20260922_200_30
202303001,中心图书馆,2,电子阅览区,35-09,2026-05-12 17:40:00,2026-05-12 21:40:00,1,1,gen_20260922_200_30
202303001,南苑分馆,1,二号自习区,33-19,2026-05-12 21:55:00,2026-05-12 22:30:00,0,1,gen_20260922_200_30
202304001,专业资料室,2,二号自习区,07-01,2026-05-12 15:46:00,2026-05-12 16:30:00,0,1,gen_20260922_200_30
202407001,南苑分馆,5,电子阅览区,01-13,2026-05-12 17:40:00,2026-05-12 21:40:00,1,1,gen_20260922_200_30
202407001,专业资料室,5,三层开架区,08-05,2026-05-12 21:55:00,2026-05-12 22:30:00,0,1,gen_20260922_200_30
202303002,专业资料室,1,电子阅览区,21-05,2026-05-12 21:19:00,2026-05-12 22:29:00,0,1,gen_20260922_200_30
202401002,中心图书馆,3,二号自习区,33-07,2026-05-12 20:25:00,2026-05-12 22:29:00,0,1,gen_20260922_200_30
202201003,中心图书馆,5,三层开架区,34-24,2026-05-12 13:59:00,2026-05-12 17:59:00,1,1,gen_20260922_200_30
202201004,中心图书馆,5,一号自习区,14-11,2026-05-12 17:40:00,2026-05-12 19:35:00,0,1,gen_20260922_200_30
202201004,专业资料室,5,二号自习区,14-02,2026-05-12 21:04:00,2026-05-12 22:29:00,0,1,gen_20260922_200_30
202104002,专业资料室,3,二号自习区,12-18,2026-05-12 20:08:00,2026-05-12 20:44:00,0,1,gen_20260922_200_30
202307001,中心图书馆,3,电子阅览区,17-21,2026-05-12 17:40:00,2026-05-12 21:02:00,1,1,gen_20260922_200_30
202307001,中心图书馆,4,静音研读间,34-01,2026-05-12 21:17:00,2026-05-12 22:29:00,0,1,gen_20260922_200_30
202402001,中心图书馆,1,一号自习区,12-02,2026-05-12 15:18:00,2026-05-12 18:33:00,1,1,gen_20260922_200_30
202306001,中心图书馆,5,一号自习区,15-20,2026-05-12 14:26:00,2026-05-12 16:33:00,0,1,gen_20260922_200_30
202306001,中心图书馆,1,一号自习区,28-03,2026-05-12 17:40:00,2026-05-12 21:40:00,1,1,gen_20260922_200_30
202303003,专业资料室,2,一号自习区,24-07,2026-05-12 17:00:00,2026-05-12 19:27:00,1,1,gen_20260922_200_30
202303003,南苑分馆,5,三层开架区,37-22,2026-05-12 19:48:00,2026-05-12 21:06:00,0,1,gen_20260922_200_30
202208001,专业资料室,1,三层开架区,38-14,2026-05-12 20:31:00,2026-05-12 21:34:00,0,1,gen_20260922_200_30
202302003,中心图书馆,3,报刊阅览室,34-10,2026-05-12 12:48:00,2026-05-12 13:51:00,0,1,gen_20260922_200_30
202201006,南苑分馆,4,报刊阅览室,10-22,2026-05-12 14:30:00,2026-05-12 18:30:00,1,1,gen_20260922_200_30
202201006,专业资料室,4,电子阅览区,39-14,2026-05-12 18:59:00,2026-05-12 21:30:00,0,1,gen_20260922_200_30
202303004,专业资料室,2,一号自习区,25-03,2026-05-12 14:49:00,2026-05-12 16:12:00,0,1,gen_20260922_200_30
202303004,南苑分馆,3,报刊阅览室,33-01,2026-05-12 17:40:00,2026-05-12 18:12:00,0,1,gen_20260922_200_30
202402002,中心图书馆,1,报刊阅览室,09-04,2026-05-12 13:55:00,2026-05-12 14:36:00,0,1,gen_20260922_200_30
202402002,专业资料室,5,一号自习区,29-17,2026-05-12 17:40:00,2026-05-12 19:45:00,1,1,gen_20260922_200_30
202303005,专业资料室,4,三层开架区,07-17,2026-05-12 17:40:00,2026-05-12 21:40:00,1,1,gen_20260922_200_30
202303005,专业资料室,2,三层开架区,27-11,2026-05-12 21:55:00,2026-05-12 22:30:00,0,1,gen_20260922_200_30
202301002,专业资料室,5,报刊阅览室,12-09,2026-05-12 18:33:00,2026-05-12 20:36:00,1,1,gen_20260922_200_30
202404001,南苑分馆,4,报刊阅览室,03-16,2026-05-12 19:53:00,2026-05-12 21:00:00,0,1,gen_20260922_200_30
202201007,专业资料室,5,一号自习区,39-11,2026-05-12 13:47:00,2026-05-12 17:47:00,1,1,gen_20260922_200_30
202306002,中心图书馆,3,报刊阅览室,28-15,2026-05-12 18:48:00,2026-05-12 22:29:00,0,1,gen_20260922_200_30
202306002,南苑分馆,5,报刊阅览室,37-04,2026-05-12 21:55:00,2026-05-12 22:30:00,0,1,gen_20260922_200_30
202302004,南苑分馆,1,电子阅览区,33-01,2026-05-12 14:48:00,2026-05-12 17:32:00,1,1,gen_20260922_200_30
202302004,专业资料室,1,一号自习区,04-17,2026-05-12 17:40:00,2026-05-12 21:40:00,1,1,gen_20260922_200_30
202201008,中心图书馆,5,报刊阅览室,13-18,2026-05-12 16:22:00,2026-05-12 19:46:00,1,1,gen_20260922_200_30
202201008,南苑分馆,5,静音研读间,01-23,2026-05-12 20:19:00,2026-05-12 22:21:00,0,1,gen_20260922_200_30
202302005,专业资料室,3,三层开架区,09-19,2026-05-12 20:19:00,2026-05-12 20:51:00,0,1,gen_20260922_200_30
202206001,中心图书馆,3,二号自习区,21-21,2026-05-12 13:02:00,2026-05-12 17:02:00,0,1,gen_20260922_200_30
202206001,南苑分馆,5,二号自习区,11-09,2026-05-12 19:51:00,2026-05-12 22:29:00,0,1,gen_20260922_200_30
202307002,中心图书馆,2,静音研读间,22-23,2026-05-12 15:24:00,2026-05-12 15:54:00,0,1,gen_20260922_200_30
202307002,中心图书馆,3,二号自习区,17-14,2026-05-12 20:30:00,2026-05-12 22:29:00,0,1,gen_20260922_200_30
202302006,南苑分馆,5,电子阅览区,15-12,2026-05-12 10:26:00,2026-05-12 13:47:00,1,1,gen_20260922_200_30
202302006,南苑分馆,5,静音研读间,32-23,2026-05-12 19:21:00,2026-05-12 21:02:00,0,1,gen_20260922_200_30
202403001,南苑分馆,4,报刊阅览室,16-24,2026-05-12 15:29:00,2026-05-12 18:36:00,1,1,gen_20260922_200_30
202204001,中心图书馆,2,三层开架区,30-02,2026-05-12 19:25:00,2026-05-12 20:01:00,0,1,gen_20260922_200_30
202204001,专业资料室,5,静音研读间,26-20,2026-05-12 21:04:00,2026-05-12 22:29:00,0,1,gen_20260922_200_30
202401003,中心图书馆,3,一号自习区,01-16,2026-05-12 14:42:00,2026-05-12 18:42:00,1,1,gen_20260922_200_30
202401003,专业资料室,1,电子阅览区,36-23,2026-05-12 19:05:00,2026-05-12 20:43:00,0,1,gen_20260922_200_30
202301003,中心图书馆,4,电子阅览区,13-14,2026-05-12 13:22:00,2026-05-12 15:57:00,0,1,gen_20260922_200_30
202301003,专业资料室,2,一号自习区,12-06,2026-05-12 17:40:00,2026-05-12 19:19:00,0,1,gen_20260922_200_30
202201009,中心图书馆,1,报刊阅览室,32-22,2026-05-12 15:12:00,2026-05-12 16:59:00,0,1,gen_20260922_200_30
202403003,专业资料室,2,报刊阅览室,21-24,2026-05-12 16:34:00,2026-05-12 17:38:00,0,1,gen_20260922_200_30
202403003,专业资料室,1,三层开架区,20-04,2026-05-12 19:25:00,2026-05-12 19:59:00,0,1,gen_20260922_200_30
202201010,南苑分馆,1,一号自习区,30-10,2026-05-12 14:57:00,2026-05-12 17:44:00,1,1,gen_20260922_200_30
202201010,中心图书馆,1,报刊阅览室,01-05,2026-05-12 18:44:00,2026-05-12 22:02:00,0,1,gen_20260922_200_30
202107001,中心图书馆,4,二号自习区,21-09,2026-05-12 17:40:00,2026-05-12 18:23:00,0,1,gen_20260922_200_30
202107001,中心图书馆,3,电子阅览区,04-20,2026-05-12 19:28:00,2026-05-12 20:22:00,0,1,gen_20260922_200_30
202204002,中心图书馆,1,二号自习区,25-15,2026-05-12 17:40:00,2026-05-12 18:10:00,0,1,gen_20260922_200_30
202204002,南苑分馆,4,报刊阅览室,27-20,2026-05-12 19:43:00,2026-05-12 21:48:00,0,1,gen_20260922_200_30
202205001,南苑分馆,4,电子阅览区,33-19,2026-05-12 20:37:00,2026-05-12 21:33:00,0,1,gen_20260922_200_30
202303006,中心图书馆,1,报刊阅览室,08-08,2026-05-12 14:32:00,2026-05-12 18:03:00,1,1,gen_20260922_200_30
202303006,南苑分馆,2,一号自习区,13-08,2026-05-12 19:06:00,2026-05-12 21:12:00,0,1,gen_20260922_200_30
202304002,专业资料室,3,二号自习区,19-13,2026-05-12 13:17:00,2026-05-12 14:09:00,0,1,gen_20260922_200_30
202304002,中心图书馆,5,二号自习区,15-04,2026-05-12 17:40:00,2026-05-12 18:10:00,0,1,gen_20260922_200_30
202203002,专业资料室,4,报刊阅览室,25-03,2026-05-12 13:59:00,2026-05-12 15:17:00,0,1,gen_20260922_200_30
202203002,专业资料室,3,二号自习区,39-05,2026-05-12 17:40:00,2026-05-12 19:34:00,0,1,gen_20260922_200_30
202304003,南苑分馆,5,电子阅览区,27-08,2026-05-12 15:58:00,2026-05-12 16:32:00,0,1,gen_20260922_200_30
202201011,中心图书馆,3,报刊阅览室,20-21,2026-05-12 17:40:00,2026-05-12 21:40:00,1,1,gen_20260922_200_30
202201011,南苑分馆,3,报刊阅览室,31-17,2026-05-12 21:55:00,2026-05-12 22:30:00,0,1,gen_20260922_200_30
202306003,专业资料室,1,静音研读间,04-16,2026-05-12 16:16:00,2026-05-12 18:23:00,1,1,gen_20260922_200_30
202401004,中心图书馆,1,电子阅览区,30-22,2026-05-12 15:07:00,2026-05-12 16:06:00,0,1,gen_20260922_200_30
202408001,中心图书馆,4,电子阅览区,18-21,2026-05-12 12:54:00,2026-05-12 16:54:00,0,1,gen_20260922_200_30
202201012,南苑分馆,1,一号自习区,36-01,2026-05-12 14:13:00,2026-05-12 15:32:00,0,1,gen_20260922_200_30
202201012,中心图书馆,1,一号自习区,08-09,2026-05-12 17:40:00,2026-05-12 19:32:00,0,1,gen_20260922_200_30
202204003,南苑分馆,4,报刊阅览室,24-05,2026-05-12 15:35:00,2026-05-12 17:32:00,0,1,gen_20260922_200_30
202204003,专业资料室,3,一号自习区,25-12,2026-05-12 17:40:00,2026-05-12 18:50:00,0,1,gen_20260922_200_30
202205002,中心图书馆,3,报刊阅览室,32-15,2026-05-12 15:17:00,2026-05-12 18:03:00,1,1,gen_20260922_200_30
202205002,南苑分馆,5,一号自习区,07-21,2026-05-12 20:06:00,2026-05-12 21:05:00,0,1,gen_20260922_200_30
202202002,中心图书馆,5,报刊阅览室,19-15,2026-05-12 15:17:00,2026-05-12 16:42:00,0,1,gen_20260922_200_30
202407003,中心图书馆,4,电子阅览区,18-19,2026-05-12 16:20:00,2026-05-12 18:39:00,1,1,gen_20260922_200_30
202407003,专业资料室,5,报刊阅览室,01-02,2026-05-12 19:40:00,2026-05-12 20:42:00,0,1,gen_20260922_200_30
202301005,中心图书馆,2,报刊阅览室,30-10,2026-05-12 15:13:00,2026-05-12 17:40:00,1,1,gen_20260922_200_30
202301005,南苑分馆,3,三层开架区,19-23,2026-05-12 18:06:00,2026-05-12 20:57:00,1,1,gen_20260922_200_30
202101002,中心图书馆,5,报刊阅览室,34-09,2026-05-12 14:28:00,2026-05-12 17:30:00,1,1,gen_20260922_200_30
202101002,专业资料室,4,二号自习区,29-04,2026-05-12 19:30:00,2026-05-12 21:08:00,0,1,gen_20260922_200_30
202304004,专业资料室,3,二号自习区,11-04,2026-05-12 16:26:00,2026-05-12 20:26:00,1,1,gen_20260922_200_30
202108001,中心图书馆,2,电子阅览区,38-13,2026-05-12 15:14:00,2026-05-12 16:47:00,0,1,gen_20260922_200_30
202108001,南苑分馆,5,三层开架区,30-10,2026-05-12 17:40:00,2026-05-12 19:07:00,0,1,gen_20260922_200_30
202303007,中心图书馆,2,报刊阅览室,25-03,2026-05-12 18:50:00,2026-05-12 22:29:00,0,1,gen_20260922_200_30
202303008,南苑分馆,3,电子阅览区,33-16,2026-05-12 20:26:00,2026-05-12 21:02:00,0,1,gen_20260922_200_30
202403004,专业资料室,5,报刊阅览室,23-14,2026-05-12 20:43:00,2026-05-12 22:29:00,0,1,gen_20260922_200_30
202403005,专业资料室,5,三层开架区,32-13,2026-05-12 14:02:00,2026-05-12 14:46:00,0,1,gen_20260922_200_30
202401005,专业资料室,1,二号自习区,06-04,2026-05-12 15:01:00,2026-05-12 15:33:00,0,1,gen_20260922_200_30
202203003,专业资料室,3,报刊阅览室,04-04,2026-05-12 14:27:00,2026-05-12 15:34:00,0,1,gen_20260922_200_30
202203003,中心图书馆,1,电子阅览区,11-04,2026-05-12 17:40:00,2026-05-12 21:40:00,1,1,gen_20260922_200_30
202202003,南苑分馆,1,电子阅览区,38-03,2026-05-12 16:30:00,2026-05-12 18:58:00,1,1,gen_20260922_200_30
202202003,中心图书馆,3,二号自习区,34-05,2026-05-12 19:39:00,2026-05-12 20:54:00,0,1,gen_20260922_200_30
202203004,专业资料室,1,二号自习区,02-08,2026-05-12 14:05:00,2026-05-12 15:09:00,0,1,gen_20260922_200_30
202401006,南苑分馆,3,电子阅览区,30-14,2026-05-12 16:30:00,2026-05-12 17:57:00,0,1,gen_20260922_200_30
202401006,中心图书馆,1,一号自习区,18-12,2026-05-12 18:14:00,2026-05-12 19:01:00,0,1,gen_20260922_200_30
202307004,南苑分馆,4,三层开架区,23-10,2026-05-12 13:54:00,2026-05-12 15:38:00,0,1,gen_20260922_200_30
202307004,专业资料室,2,三层开架区,38-17,2026-05-12 17:40:00,2026-05-12 20:40:00,1,1,gen_20260922_200_30
202208002,南苑分馆,2,电子阅览区,20-17,2026-05-12 14:01:00,2026-05-12 14:56:00,0,1,gen_20260922_200_30
202208002,专业资料室,1,报刊阅览室,08-11,2026-05-12 20:47:00,2026-05-12 22:06:00,0,1,gen_20260922_200_30
202106001,中心图书馆,1,报刊阅览室,26-12,2026-05-12 13:53:00,2026-05-12 16:50:00,0,1,gen_20260922_200_30
202204004,南苑分馆,2,报刊阅览室,13-12,2026-05-12 09:07:00,2026-05-12 11:22:00,0,1,gen_20260922_200_30
202204004,南苑分馆,5,三层开架区,07-21,2026-05-12 20:02:00,2026-05-12 22:29:00,0,1,gen_20260922_200_30
202406002,南苑分馆,3,静音研读间,24-13,2026-05-12 11:56:00,2026-05-12 14:03:00,1,1,gen_20260922_200_30
202406002,专业资料室,2,电子阅览区,23-08,2026-05-12 19:51:00,2026-05-12 21:02:00,0,1,gen_20260922_200_30
202101003,中心图书馆,1,报刊阅览室,32-10,2026-05-12 19:06:00,2026-05-12 20:23:00,0,1,gen_20260922_200_30
202403006,南苑分馆,1,电子阅览区,06-21,2026-05-12 17:40:00,2026-05-12 21:19:00,1,1,gen_20260922_200_30
202403006,中心图书馆,1,二号自习区,35-15,2026-05-12 21:55:00,2026-05-12 22:30:00,0,1,gen_20260922_200_30
202103001,南苑分馆,1,二号自习区,30-21,2026-05-12 19:14:00,2026-05-12 19:57:00,0,1,gen_20260922_200_30
202303009,专业资料室,5,电子阅览区,29-17,2026-05-12 16:39:00,2026-05-12 20:34:00,1,1,gen_20260922_200_30
202303009,中心图书馆,4,静音研读间,15-20,2026-05-12 20:54:00,2026-05-12 22:29:00,0,1,gen_20260922_200_30
202403007,南苑分馆,3,静音研读间,11-21,2026-05-12 19:56:00,2026-05-12 22:29:00,0,1,gen_20260922_200_30
202403007,专业资料室,2,静音研读间,26-23,2026-05-12 21:55:00,2026-05-12 22:30:00,0,1,gen_20260922_200_30
202203005,南苑分馆,1,静音研读间,39-17,2026-05-12 17:40:00,2026-05-12 19:28:00,0,1,gen_20260922_200_30
202203005,南苑分馆,1,静音研读间,09-24,2026-05-12 20:32:00,2026-05-12 22:29:00,0,1,gen_20260922_200_30
202305001,南苑分馆,5,一号自习区,07-21,2026-05-12 20:21:00,2026-05-12 21:16:00,0,1,gen_20260922_200_30
202303010,专业资料室,2,二号自习区,28-13,2026-05-12 17:40:00,2026-05-12 18:34:00,0,1,gen_20260922_200_30
202303010,中心图书馆,4,电子阅览区,15-22,2026-05-12 18:56:00,2026-05-12 20:09:00,0,1,gen_20260922_200_30
202105001,中心图书馆,1,报刊阅览室,10-13,2026-05-12 17:40:00,2026-05-12 19:59:00,1,1,gen_20260922_200_30
202105001,专业资料室,5,报刊阅览室,10-18,2026-05-12 20:27:00,2026-05-12 22:29:00,0,1,gen_20260922_200_30
202205004,中心图书馆,1,报刊阅览室,09-11,2026-05-12 09:18:00,2026-05-12 11:53:00,0,1,gen_20260922_200_30
202205004,南苑分馆,1,报刊阅览室,38-14,2026-05-12 17:40:00,2026-05-12 19:36:00,0,1,gen_20260922_200_30
202205005,专业资料室,4,报刊阅览室,32-12,2026-05-12 19:31:00,2026-05-12 20:01:00,0,1,gen_20260922_200_30
202201016,南苑分馆,1,三层开架区,25-20,2026-05-12 20:07:00,2026-05-12 21:53:00,0,1,gen_20260922_200_30
202206003,专业资料室,4,报刊阅览室,21-19,2026-05-12 13:22:00,2026-05-12 16:27:00,0,1,gen_20260922_200_30
202107002,中心图书馆,1,一号自习区,26-15,2026-05-12 16:26:00,2026-05-12 18:32:00,1,1,gen_20260922_200_30
202107002,专业资料室,1,静音研读间,24-08,2026-05-12 18:40:00,2026-05-12 20:49:00,0,1,gen_20260922_200_30
202404002,专业资料室,1,报刊阅览室,21-17,2026-05-12 17:40:00,2026-05-12 18:42:00,0,1,gen_20260922_200_30
202404002,专业资料室,5,三层开架区,29-04,2026-05-12 19:49:00,2026-05-12 22:29:00,0,1,gen_20260922_200_30
202308004,南苑分馆,4,电子阅览区,28-22,2026-05-12 11:01:00,2026-05-12 13:12:00,1,1,gen_20260922_200_30
202308004,南苑分馆,1,二号自习区,29-12,2026-05-12 19:27:00,2026-05-12 21:19:00,0,1,gen_20260922_200_30
202303011,中心图书馆,3,三层开架区,28-14,2026-05-12 14:19:00,2026-05-12 15:52:00,0,1,gen_20260922_200_30
202303011,南苑分馆,2,报刊阅览室,37-12,2026-05-12 17:40:00,2026-05-12 18:38:00,0,1,gen_20260922_200_30
202402003,专业资料室,2,静音研读间,09-14,2026-05-12 17:40:00,2026-05-12 21:20:00,1,1,gen_20260922_200_30
202402003,南苑分馆,4,二号自习区,28-14,2026-05-12 21:55:00,2026-05-12 22:30:00,0,1,gen_20260922_200_30
202202004,南苑分馆,3,报刊阅览室,01-18,2026-05-12 19:16:00,2026-05-12 20:26:00,0,1,gen_20260922_200_30
202204005,南苑分馆,2,静音研读间,36-11,2026-05-12 17:15:00,2026-05-12 21:15:00,1,1,gen_20260922_200_30
202204005,南苑分馆,4,电子阅览区,21-06,2026-05-12 21:47:00,2026-05-12 22:29:00,0,1,gen_20260922_200_30
202102003,中心图书馆,2,三层开架区,14-11,2026-05-12 17:40:00,2026-05-12 20:10:00,1,1,gen_20260922_200_30
202102003,专业资料室,2,电子阅览区,35-23,2026-05-12 20:44:00,2026-05-12 22:29:00,0,1,gen_20260922_200_30
202301007,南苑分馆,2,电子阅览区,34-21,2026-05-12 19:18:00,2026-05-12 20:21:00,0,1,gen_20260922_200_30
202301007,南苑分馆,1,二号自习区,26-01,2026-05-12 20:52:00,2026-05-12 21:59:00,0,1,gen_20260922_200_30
202305002,专业资料室,3,报刊阅览室,09-07,2026-05-12 13:24:00,2026-05-12 14:25:00,0,1,gen_20260922_200_30
202305002,专业资料室,5,三层开架区,16-09,2026-05-12 17:40:00,2026-05-12 18:23:00,0,1,gen_20260922_200_30
202102004,中心图书馆,1,报刊阅览室,22-23,2026-05-12 13:44:00,2026-05-12 15:11:00,0,1,gen_20260922_200_30
202102004,专业资料室,1,电子阅览区,21-21,2026-05-12 20:41:00,2026-05-12 22:29:00,0,1,gen_20260922_200_30
202402004,南苑分馆,1,静音研读间,03-05,2026-05-12 15:01:00,,1,1,gen_20260922_200_30
202402004,中心图书馆,1,静音研读间,05-17,2026-05-12 18:25:00,2026-05-12 20:07:00,0,1,gen_20260922_200_30
202203006,中心图书馆,2,三层开架区,17-19,2026-05-12 16:57:00,2026-05-12 18:58:00,1,1,gen_20260922_200_30
202201017,南苑分馆,5,静音研读间,14-19,2026-05-12 08:42:00,2026-05-12 09:49:00,0,1,gen_20260922_200_30
202205006,专业资料室,1,二号自习区,39-07,2026-05-12 20:58:00,2026-05-12 22:29:00,0,1,gen_20260922_200_30
202402005,中心图书馆,3,一号自习区,24-12,2026-05-12 17:40:00,2026-05-12 19:33:00,0,1,gen_20260922_200_30
202402005,南苑分馆,1,静音研读间,27-04,2026-05-12 20:33:00,2026-05-12 22:29:00,0,1,gen_20260922_200_30
202306005,南苑分馆,5,三层开架区,20-03,2026-05-12 15:59:00,2026-05-12 18:02:00,1,1,gen_20260922_200_30
202306005,专业资料室,4,电子阅览区,32-13,2026-05-12 18:55:00,2026-05-12 20:54:00,0,1,gen_20260922_200_30
202402006,中心图书馆,2,电子阅览区,32-06,2026-05-12 19:54:00,2026-05-12 21:28:00,0,1,gen_20260922_200_30
202402006,南苑分馆,2,一号自习区,25-05,2026-05-12 21:55:00,2026-05-12 22:30:00,0,1,gen_20260922_200_30
202405002,专业资料室,1,二号自习区,34-04,2026-05-12 19:38:00,2026-05-12 22:29:00,0,1,gen_20260922_200_30
202405002,中心图书馆,2,一号自习区,38-24,2026-05-12 21:55:00,2026-05-12 22:30:00,0,1,gen_20260922_200_30
202301008,南苑分馆,5,三层开架区,13-18,2026-05-12 20:45:00,2026-05-12 21:51:00,0,1,gen_20260922_200_30
202106002,专业资料室,5,电子阅览区,16-20,2026-05-12 17:40:00,2026-05-12 19:15:00,0,1,gen_20260922_200_30
202106002,专业资料室,4,三层开架区,28-15,2026-05-12 20:59:00,2026-05-12 22:29:00,0,1,gen_20260922_200_30
202402007,南苑分馆,4,报刊阅览室,34-02,2026-05-12 14:11:00,2026-05-12 15:17:00,0,1,gen_20260922_200_30
202203007,南苑分馆,4,静音研读间,19-10,2026-05-12 19:27:00,2026-05-12 19:57:00,0,1,gen_20260922_200_30
202203007,南苑分馆,3,二号自习区,35-21,2026-05-12 21:49:00,2026-05-12 22:28:00,0,1,gen_20260922_200_30
202204006,专业资料室,1,一号自习区,01-02,2026-05-12 14:52:00,2026-05-12 16:06:00,0,1,gen_20260922_200_30
202204006,中心图书馆,2,电子阅览区,01-21,2026-05-12 17:40:00,2026-05-12 18:38:00,0,1,gen_20260922_200_30
202403009,南苑分馆,3,二号自习区,25-08,2026-05-12 17:40:00,2026-05-12 18:53:00,0,1,gen_20260922_200_30
202403009,南苑分馆,3,三层开架区,24-03,2026-05-12 21:55:00,2026-05-12 22:30:00,0,1,gen_20260922_200_30
202202005,专业资料室,1,电子阅览区,12-10,2026-05-12 20:54:00,2026-05-12 21:39:00,0,1,gen_20260922_200_30
202202005,中心图书馆,2,静音研读间,27-05,2026-05-12 21:55:00,2026-05-12 22:30:00,0,1,gen_20260922_200_30
202403010,专业资料室,1,电子阅览区,24-15,2026-05-12 19:46:00,2026-05-12 22:29:00,0,1,gen_20260922_200_30
202403010,中心图书馆,2,电子阅览区,28-02,2026-05-12 21:55:00,2026-05-12 22:30:00,0,1,gen_20260922_200_30
202403011,南苑分馆,2,三层开架区,25-22,2026-05-12 16:26:00,2026-05-12 17:56:00,0,1,gen_20260922_200_30
202403012,南苑分馆,2,二号自习区,04-21,2026-05-12 15:47:00,2026-05-12 17:49:00,1,1,gen_20260922_200_30
202403012,中心图书馆,2,报刊阅览室,36-12,2026-05-12 18:23:00,2026-05-12 19:54:00,0,1,gen_20260922_200_30
202301009,专业资料室,1,报刊阅览室,05-12,2026-05-12 17:31:00,2026-05-12 19:43:00,1,1,gen_20260922_200_30
202301009,南苑分馆,1,静音研读间,03-18,2026-05-12 21:38:00,2026-05-12 22:29:00,0,1,gen_20260922_200_30
202204007,专业资料室,1,三层开架区,37-13,2026-05-12 17:40:00,2026-05-12 18:55:00,0,1,gen_20260922_200_30
202204007,专业资料室,4,三层开架区,24-24,2026-05-12 20:53:00,2026-05-12 22:29:00,0,1,gen_20260922_200_30
202207002,专业资料室,1,静音研读间,38-11,2026-05-12 16:01:00,2026-05-12 16:57:00,0,1,gen_20260922_200_30
202207003,南苑分馆,4,二号自习区,20-15,2026-05-12 13:58:00,2026-05-12 15:22:00,0,1,gen_20260922_200_30
202207003,南苑分馆,4,三层开架区,24-04,2026-05-12 17:40:00,2026-05-12 18:57:00,0,1,gen_20260922_200_30
202201019,专业资料室,5,三层开架区,33-11,2026-05-12 14:04:00,2026-05-12 16:56:00,0,1,gen_20260922_200_30
202203008,专业资料室,3,电子阅览区,33-03,2026-05-12 14:48:00,2026-05-12 15:51:00,0,1,gen_20260922_200_30
202203008,专业资料室,2,报刊阅览室,03-15,2026-05-12 17:40:00,2026-05-12 21:40:00,1,1,gen_20260922_200_30
202101005,中心图书馆,4,三层开架区,07-07,2026-05-12 19:48:00,2026-05-12 21:13:00,0,1,gen_20260922_200_30
202201020,中心图书馆,1,报刊阅览室,23-06,2026-05-12 20:17:00,2026-05-12 22:14:00,0,1,gen_20260922_200_30
202201020,中心图书馆,4,静音研读间,19-09,2026-05-12 21:55:00,2026-05-12 22:30:00,0,1,gen_20260922_200_30
202402009,中心图书馆,2,一号自习区,14-15,2026-05-12 13:01:00,2026-05-12 17:01:00,0,1,gen_20260922_200_30
202402009,南苑分馆,3,一号自习区,30-14,2026-05-12 18:43:00,2026-05-12 20:48:00,0,1,gen_20260922_200_30
202401007,中心图书馆,2,二号自习区,14-06,2026-05-12 15:40:00,2026-05-12 17:18:00,0,1,gen_20260922_200_30
202202006,南苑分馆,3,二号自习区,05-07,2026-05-12 13:59:00,2026-05-12 15:01:00,0,1,gen_20260922_200_30
202304005,中心图书馆,2,报刊阅览室,08-09,2026-05-12 15:18:00,2026-05-12 19:17:00,1,1,gen_20260922_200_30
202304005,中心图书馆,5,电子阅览区,35-24,2026-05-12 19:51:00,2026-05-12 21:56:00,0,1,gen_20260922_200_30
202408002,南苑分馆,5,三层开架区,27-11,2026-05-12 14:30:00,2026-05-12 15:02:00,0,1,gen_20260922_200_30
202105002,中心图书馆,3,静音研读间,03-17,2026-05-12 19:22:00,2026-05-12 21:21:00,0,1,gen_20260922_200_30
202105002,专业资料室,5,报刊阅览室,30-17,2026-05-12 21:41:00,2026-05-12 22:29:00,0,1,gen_20260922_200_30
202304006,专业资料室,5,报刊阅览室,17-07,2026-05-12 15:23:00,2026-05-12 15:53:00,0,1,gen_20260922_200_30
202201021,南苑分馆,3,报刊阅览室,06-23,2026-05-12 15:11:00,2026-05-12 17:10:00,0,1,gen_20260922_200_30
202201021,中心图书馆,5,三层开架区,30-03,2026-05-12 19:18:00,2026-05-12 22:09:00,0,1,gen_20260922_200_30
202302007,南苑分馆,3,静音研读间,32-24,2026-05-12 20:44:00,2026-05-12 21:17:00,0,1,gen_20260922_200_30
202406003,中心图书馆,3,一号自习区,19-14,2026-05-12 15:28:00,2026-05-12 18:12:00,1,1,gen_20260922_200_30
202406003,南苑分馆,2,二号自习区,14-04,2026-05-12 18:50:00,2026-05-12 20:37:00,0,1,gen_20260922_200_30
202303013,南苑分馆,4,二号自习区,25-17,2026-05-12 14:19:00,2026-05-12 17:05:00,0,1,gen_20260922_200_30
202303013,中心图书馆,3,三层开架区,32-16,2026-05-12 20:41:00,2026-05-12 22:29:00,0,1,gen_20260922_200_30
202401008,专业资料室,1,一号自习区,29-19,2026-05-12 15:24:00,2026-05-12 15:54:00,0,1,gen_20260922_200_30
202304007,南苑分馆,4,一号自习区,30-13,2026-05-12 16:21:00,2026-05-12 20:21:00,1,1,gen_20260922_200_30
202304007,专业资料室,5,三层开架区,05-19,2026-05-12 21:15:00,2026-05-12 22:29:00,0,1,gen_20260922_200_30
202304008,专业资料室,4,电子阅览区,28-18,2026-05-12 17:40:00,2026-05-12 18:29:00,0,1,gen_20260922_200_30
202304008,南苑分馆,5,三层开架区,23-21,2026-05-12 19:03:00,2026-05-12 19:34:00,0,1,gen_20260922_200_30
202406004,专业资料室,3,二号自习区,03-12,2026-05-12 20:18:00,2026-05-12 22:29:00,0,1,gen_20260922_200_30
202406004,南苑分馆,4,一号自习区,07-11,2026-05-12 21:55:00,2026-05-12 22:30:00,0,1,gen_20260922_200_30
202204008,中心图书馆,5,二号自习区,15-23,2026-05-12 18:54:00,2026-05-12 20:37:00,0,1,gen_20260922_200_30
202204009,中心图书馆,2,报刊阅览室,06-22,2026-05-12 19:01:00,2026-05-12 19:32:00,0,1,gen_20260922_200_30
202407004,专业资料室,3,二号自习区,12-16,2026-05-12 14:39:00,2026-05-12 16:50:00,0,1,gen_20260922_200_30
202407004,南苑分馆,5,二号自习区,26-04,2026-05-12 17:40:00,2026-05-12 19:33:00,0,1,gen_20260922_200_30
202108004,中心图书馆,3,二号自习区,07-05,2026-05-12 14:50:00,2026-05-12 16:22:00,0,1,gen_20260922_200_30
202108004,中心图书馆,3,三层开架区,09-23,2026-05-12 17:40:00,2026-05-12 21:40:00,1,1,gen_20260922_200_30
202205007,南苑分馆,3,二号自习区,10-19,2026-05-12 15:58:00,2026-05-12 17:07:00,0,1,gen_20260922_200_30
202205007,中心图书馆,4,电子阅览区,07-24,2026-05-12 19:09:00,2026-05-12 20:36:00,0,1,gen_20260922_200_30
202402010,南苑分馆,2,电子阅览区,14-13,2026-05-12 16:27:00,2026-05-12 19:52:00,1,1,gen_20260922_200_30
202402010,专业资料室,2,二号自习区,35-09,2026-05-12 20:12:00,2026-05-12 22:29:00,0,1,gen_20260922_200_30
202301010,中心图书馆,1,二号自习区,29-21,2026-05-12 20:39:00,2026-05-12 21:09:00,0,1,gen_20260922_200_30
202301010,南苑分馆,4,一号自习区,35-10,2026-05-12 21:22:00,2026-05-12 22:29:00,0,1,gen_20260922_200_30
202306007,专业资料室,3,电子阅览区,11-09,2026-05-12 16:27:00,2026-05-12 19:34:00,1,1,gen_20260922_200_30
202306007,中心图书馆,2,电子阅览区,16-24,2026-05-12 20:16:00,2026-05-12 22:29:00,0,1,gen_20260922_200_30
202402011,南苑分馆,4,报刊阅览室,37-14,2026-05-12 20:22:00,2026-05-12 22:21:00,0,1,gen_20260922_200_30
202402011,南苑分馆,5,三层开架区,01-18,2026-05-12 21:55:00,2026-05-12 22:30:00,0,1,gen_20260922_200_30
202408003,南苑分馆,1,一号自习区,28-18,2026-05-12 19:32:00,2026-05-12 20:19:00,0,1,gen_20260922_200_30
202304009,南苑分馆,5,报刊阅览室,26-16,2026-05-12 19:01:00,2026-05-12 22:26:00,0,1,gen_20260922_200_30
202304009,南苑分馆,3,一号自习区,25-06,2026-05-12 21:55:00,2026-05-12 22:30:00,0,1,gen_20260922_200_30
202401009,南苑分馆,5,电子阅览区,21-08,2026-05-12 17:40:00,2026-05-12 18:26:00,0,1,gen_20260922_200_30
202401009,中心图书馆,1,报刊阅览室,18-23,2026-05-12 19:31:00,2026-05-12 20:57:00,0,1,gen_20260922_200_30
202203009,南苑分馆,5,电子阅览区,07-06,2026-05-12 20:11:00,2026-05-12 20:59:00,0,1,gen_20260922_200_30
202108006,专业资料室,1,三层开架区,08-02,2026-05-12 15:03:00,2026-05-12 16:17:00,0,1,gen_20260922_200_30
202203010,中心图书馆,2,报刊阅览室,09-02,2026-05-12 18:17:00,2026-05-12 20:07:00,0,1,gen_20260922_200_30
202203010,南苑分馆,5,二号自习区,29-08,2026-05-12 20:36:00,2026-05-12 22:29:00,0,1,gen_20260922_200_30
202306008,南苑分馆,1,电子阅览区,02-08,2026-05-12 14:25:00,2026-05-12 15:55:00,0,1,gen_20260922_200_30
202306008,南苑分馆,3,一号自习区,03-15,2026-05-12 17:40:00,2026-05-12 19:54:00,1,1,gen_20260922_200_30
202406005,南苑分馆,1,二号自习区,07-01,2026-05-12 15:00:00,2026-05-12 16:12:00,0,1,gen_20260922_200_30
202302008,南苑分馆,1,二号自习区,24-11,2026-05-12 17:40:00,2026-05-12 19:51:00,1,1,gen_20260922_200_30
202302008,南苑分馆,1,二号自习区,24-15,2026-05-12 20:55:00,2026-05-12 22:29:00,0,1,gen_20260922_200_30
202304010,专业资料室,2,电子阅览区,10-02,2026-05-12 19:34:00,2026-05-12 20:18:00,0,1,gen_20260922_200_30
202203011,专业资料室,1,静音研读间,20-18,2026-05-12 20:54:00,2026-05-12 22:29:00,0,1,gen_20260922_200_30
202107003,中心图书馆,2,静音研读间,34-19,2026-05-12 20:03:00,2026-05-12 21:34:00,0,1,gen_20260922_200_30
202201022,专业资料室,4,静音研读间,21-15,2026-05-12 15:25:00,2026-05-12 17:57:00,1,1,gen_20260922_200_30
202108004,中心图书馆,3,三层开架区,09-23,2026-05-12 17:40:00,2026-05-12 16:38:00,1,0,gen_20260922_200_30
202302008,南苑分馆,1,二号自习区,24-15,2026-05-12 20:55:00,2026-05-15 04:38:00,0,0,gen_20260922_200_30
202402007,南苑分馆,4,报刊阅览室,34-02,2026-05-12 14:11:00,2026-05-14 21:37:00,0,0,gen_20260922_200_30
202201022,专业资料室,4,静音研读间,21-15,2026-05-12 15:25:00,2026-05-12 14:51:00,1,0,gen_20260922_200_30
202403009,南苑分馆,3,二号自习区,25-08,2026-05-12 17:40:00,2026-05-15 10:30:00,0,0,gen_20260922_200_30
202203001,南苑分馆,2,静音研读间,32-12,2026-05-13 14:02:00,2026-05-13 18:02:00,1,1,gen_20260922_200_30
202301001,中心图书馆,1,三层开架区,14-20,2026-05-13 15:19:00,2026-05-13 15:50:00,0,1,gen_20260922_200_30
202302001,专业资料室,4,电子阅览区,28-03,2026-05-13 15:39:00,2026-05-13 16:46:00,0,1,gen_20260922_200_30
202202001,南苑分馆,4,电子阅览区,31-04,2026-05-13 14:49:00,2026-05-13 15:46:00,0,1,gen_20260922_200_30
202102001,中心图书馆,2,静音研读间,03-07,2026-05-13 15:32:00,2026-05-13 17:41:00,1,1,gen_20260922_200_30
202102002,中心图书馆,1,静音研读间,03-16,2026-05-13 15:52:00,2026-05-13 18:50:00,1,1,gen_20260922_200_30
202102002,中心图书馆,2,一号自习区,06-14,2026-05-13 19:27:00,2026-05-13 21:10:00,0,1,gen_20260922_200_30
202302002,中心图书馆,5,一号自习区,15-09,2026-05-13 20:05:00,2026-05-13 20:46:00,0,1,gen_20260922_200_30
202201002,专业资料室,4,一号自习区,21-24,2026-05-13 18:50:00,2026-05-13 21:15:00,0,1,gen_20260922_200_30
202201002,中心图书馆,1,报刊阅览室,27-18,2026-05-13 21:55:00,2026-05-13 22:30:00,0,1,gen_20260922_200_30
202303001,南苑分馆,1,一号自习区,37-09,2026-05-13 17:40:00,2026-05-13 19:17:00,0,1,gen_20260922_200_30
202303001,中心图书馆,4,电子阅览区,37-02,2026-05-13 19:47:00,2026-05-13 22:29:00,0,1,gen_20260922_200_30
202401001,南苑分馆,5,三层开架区,06-16,2026-05-13 15:54:00,2026-05-13 17:13:00,0,1,gen_20260922_200_30
202407001,专业资料室,1,一号自习区,28-16,2026-05-13 17:40:00,2026-05-13 19:53:00,1,1,gen_20260922_200_30
202407001,南苑分馆,1,报刊阅览室,12-01,2026-05-13 21:53:00,2026-05-13 22:29:00,0,1,gen_20260922_200_30
202303002,专业资料室,2,报刊阅览室,32-24,2026-05-13 17:40:00,2026-05-13 19:26:00,0,1,gen_20260922_200_30
202303002,专业资料室,3,静音研读间,35-14,2026-05-13 20:48:00,2026-05-13 22:03:00,0,1,gen_20260922_200_30
202401002,中心图书馆,5,报刊阅览室,34-12,2026-05-13 14:40:00,2026-05-13 16:22:00,0,1,gen_20260922_200_30
202201003,专业资料室,4,二号自习区,38-11,2026-05-13 17:40:00,2026-05-13 18:27:00,0,1,gen_20260922_200_30
202201003,中心图书馆,2,一号自习区,29-16,2026-05-13 19:43:00,2026-05-13 22:08:00,0,1,gen_20260922_200_30
202201004,南苑分馆,3,一号自习区,15-16,2026-05-13 14:15:00,2026-05-13 17:11:00,0,1,gen_20260922_200_30
202307001,中心图书馆,1,三层开架区,09-03,2026-05-13 17:40:00,2026-05-13 21:40:00,1,1,gen_20260922_200_30
202307001,南苑分馆,1,电子阅览区,20-08,2026-05-13 21:55:00,2026-05-13 22:30:00,0,1,gen_20260922_200_30
202402001,专业资料室,4,电子阅览区,37-03,2026-05-13 15:30:00,2026-05-13 17:13:00,0,1,gen_20260922_200_30
202306001,南苑分馆,5,电子阅览区,35-23,2026-05-13 17:40:00,2026-05-13 19:22:00,0,1,gen_20260922_200_30
202306001,南苑分馆,3,一号自习区,09-15,2026-05-13 19:42:00,2026-05-13 21:50:00,0,1,gen_20260922_200_30
202303003,专业资料室,3,二号自习区,24-20,2026-05-13 19:59:00,2026-05-13 21:36:00,0,1,gen_20260922_200_30
202208001,中心图书馆,5,静音研读间,33-04,2026-05-13 17:50:00,2026-05-13 18:20:00,0,1,gen_20260922_200_30
202208001,南苑分馆,2,三层开架区,27-14,2026-05-13 21:05:00,2026-05-13 22:29:00,0,1,gen_20260922_200_30
202302003,专业资料室,5,静音研读间,04-05,2026-05-13 16:53:00,2026-05-13 18:49:00,0,1,gen_20260922_200_30
202302003,专业资料室,5,静音研读间,16-15,2026-05-13 19:41:00,2026-05-13 20:11:00,0,1,gen_20260922_200_30
202201006,专业资料室,4,三层开架区,31-18,2026-05-13 14:24:00,2026-05-13 15:52:00,0,1,gen_20260922_200_30
202201006,中心图书馆,3,三层开架区,19-06,2026-05-13 17:40:00,2026-05-13 21:15:00,1,1,gen_20260922_200_30
202303004,中心图书馆,1,电子阅览区,35-02,2026-05-13 15:04:00,2026-05-13 15:52:00,0,1,gen_20260922_200_30
202402002,专业资料室,5,三层开架区,38-16,2026-05-13 14:40:00,2026-05-13 17:21:00,0,1,gen_20260922_200_30
202402002,中心图书馆,2,三层开架区,12-16,2026-05-13 17:40:00,2026-05-13 19:22:00,0,1,gen_20260922_200_30
202303005,南苑分馆,2,二号自习区,34-14,2026-05-13 16:06:00,2026-05-13 17:25:00,0,1,gen_20260922_200_30
202303005,南苑分馆,2,静音研读间,01-18,2026-05-13 19:53:00,2026-05-13 22:29:00,0,1,gen_20260922_200_30
202301002,南苑分馆,3,报刊阅览室,36-08,2026-05-13 14:52:00,2026-05-13 18:52:00,1,1,gen_20260922_200_30
202404001,中心图书馆,5,一号自习区,23-18,2026-05-13 17:40:00,2026-05-13 18:56:00,0,1,gen_20260922_200_30
202404001,南苑分馆,4,电子阅览区,19-14,2026-05-13 19:34:00,2026-05-13 22:29:00,0,1,gen_20260922_200_30
202407002,专业资料室,2,二号自习区,28-19,2026-05-13 19:29:00,2026-05-13 20:18:00,0,1,gen_20260922_200_30
202201007,专业资料室,1,二号自习区,08-10,2026-05-13 07:56:00,2026-05-13 08:35:00,0,1,gen_20260922_200_30
202306002,专业资料室,5,三层开架区,08-22,2026-05-13 08:41:00,2026-05-13 12:41:00,1,1,gen_20260922_200_30
202306002,南苑分馆,1,电子阅览区,28-19,2026-05-13 17:40:00,2026-05-13 19:01:00,0,1,gen_20260922_200_30
202308002,南苑分馆,1,一号自习区,39-17,2026-05-13 16:14:00,2026-05-13 17:28:00,0,1,gen_20260922_200_30
202302004,中心图书馆,5,二号自习区,25-02,2026-05-13 18:05:00,2026-05-13 22:05:00,1,1,gen_20260922_200_30
202302004,专业资料室,4,报刊阅览室,31-07,2026-05-13 21:55:00,2026-05-13 22:30:00,0,1,gen_20260922_200_30
202201008,专业资料室,3,一号自习区,05-01,2026-05-13 15:43:00,2026-05-13 16:44:00,0,1,gen_20260922_200_30
202206001,专业资料室,2,三层开架区,10-21,2026-05-13 15:15:00,2026-05-13 19:15:00,1,1,gen_20260922_200_30
202206001,南苑分馆,2,报刊阅览室,08-13,2026-05-13 20:09:00,2026-05-13 22:29:00,0,1,gen_20260922_200_30
202307002,南苑分馆,2,二号自习区,01-11,2026-05-13 19:47:00,2026-05-13 21:59:00,0,1,gen_20260922_200_30
202302006,专业资料室,1,一号自习区,29-14,2026-05-13 17:40:00,2026-05-13 20:39:00,1,1,gen_20260922_200_30
202302006,中心图书馆,4,一号自习区,03-13,2026-05-13 20:44:00,2026-05-13 21:47:00,0,1,gen_20260922_200_30
202403001,中心图书馆,3,报刊阅览室,27-06,2026-05-13 17:40:00,2026-05-13 19:54:00,1,1,gen_20260922_200_30
202403001,中心图书馆,3,报刊阅览室,15-21,2026-05-13 20:32:00,2026-05-13 21:34:00,0,1,gen_20260922_200_30
202204001,专业资料室,4,二号自习区,29-08,2026-05-13 20:38:00,2026-05-13 21:28:00,0,1,gen_20260922_200_30
202204001,专业资料室,2,二号自习区,39-16,2026-05-13 21:55:00,2026-05-13 22:30:00,0,1,gen_20260922_200_30
202403002,中心图书馆,3,二号自习区,32-16,2026-05-13 19:08:00,2026-05-13 20:57:00,0,1,gen_20260922_200_30
202403002,中心图书馆,3,电子阅览区,25-05,2026-05-13 21:49:00,2026-05-13 22:29:00,0,1,gen_20260922_200_30
202401003,南苑分馆,3,电子阅览区,07-14,2026-05-13 16:56:00,2026-05-13 19:24:00,1,1,gen_20260922_200_30
202401003,中心图书馆,5,报刊阅览室,22-24,2026-05-13 20:18:00,2026-05-13 22:29:00,0,1,gen_20260922_200_30
202301003,南苑分馆,3,静音研读间,09-21,2026-05-13 16:32:00,2026-05-13 20:32:00,1,1,gen_20260922_200_30
202301003,中心图书馆,5,三层开架区,19-24,2026-05-13 21:16:00,2026-05-13 22:29:00,0,1,gen_20260922_200_30
202201009,中心图书馆,4,一号自习区,26-11,2026-05-13 16:42:00,2026-05-13 19:10:00,1,1,gen_20260922_200_30
202201009,专业资料室,3,三层开架区,26-06,2026-05-13 20:04:00,2026-05-13 22:29:00,0,1,gen_20260922_200_30
202403003,专业资料室,2,一号自习区,24-22,2026-05-13 09:35:00,2026-05-13 11:22:00,0,1,gen_20260922_200_30
202403003,南苑分馆,3,一号自习区,06-21,2026-05-13 19:31:00,2026-05-13 21:26:00,0,1,gen_20260922_200_30
202201010,南苑分馆,3,一号自习区,24-06,2026-05-13 16:05:00,2026-05-13 19:43:00,1,1,gen_20260922_200_30
202201010,专业资料室,5,报刊阅览室,09-24,2026-05-13 20:13:00,2026-05-13 22:29:00,0,1,gen_20260922_200_30
202107001,南苑分馆,2,二号自习区,10-10,2026-05-13 19:12:00,2026-05-13 20:43:00,0,1,gen_20260922_200_30
202204002,专业资料室,4,报刊阅览室,01-05,2026-05-13 14:16:00,2026-05-13 16:13:00,0,1,gen_20260922_200_30
202204002,南苑分馆,2,静音研读间,38-21,2026-05-13 17:40:00,2026-05-13 19:11:00,0,1,gen_20260922_200_30
202205001,专业资料室,2,三层开架区,24-07,2026-05-13 08:46:00,2026-05-13 09:33:00,0,1,gen_20260922_200_30
202205001,专业资料室,3,报刊阅览室,12-17,2026-05-13 20:11:00,2026-05-13 22:29:00,0,1,gen_20260922_200_30
202303006,南苑分馆,3,三层开架区,21-05,2026-05-13 14:40:00,2026-05-13 15:10:00,0,1,gen_20260922_200_30
202303006,中心图书馆,3,三层开架区,06-10,2026-05-13 17:40:00,2026-05-13 19:12:00,0,1,gen_20260922_200_30
202203002,专业资料室,4,静音研读间,08-14,2026-05-13 14:33:00,2026-05-13 15:20:00,0,1,gen_20260922_200_30
202101001,中心图书馆,5,静音研读间,25-22,2026-05-13 15:34:00,2026-05-13 16:04:00,0,1,gen_20260922_200_30
202304003,中心图书馆,1,报刊阅览室,24-24,2026-05-13 18:50:00,2026-05-13 19:30:00,0,1,gen_20260922_200_30
202201011,中心图书馆,4,电子阅览区,02-24,2026-05-13 15:54:00,2026-05-13 19:54:00,1,1,gen_20260922_200_30
202201011,专业资料室,3,报刊阅览室,25-03,2026-05-13 20:30:00,2026-05-13 21:55:00,0,1,gen_20260922_200_30
202306003,中心图书馆,5,静音研读间,21-12,2026-05-13 15:24:00,2026-05-13 16:40:00,0,1,gen_20260922_200_30
202306003,专业资料室,1,电子阅览区,11-22,2026-05-13 17:40:00,2026-05-13 19:13:00,0,1,gen_20260922_200_30
202401004,中心图书馆,3,静音研读间,15-04,2026-05-13 15:47:00,2026-05-13 18:00:00,1,1,gen_20260922_200_30
202401004,专业资料室,4,一号自习区,27-05,2026-05-13 21:13:00,2026-05-13 22:29:00,0,1,gen_20260922_200_30
202408001,中心图书馆,5,二号自习区,22-05,2026-05-13 14:28:00,2026-05-13 16:33:00,0,1,gen_20260922_200_30
202201012,中心图书馆,3,静音研读间,10-02,2026-05-13 08:39:00,2026-05-13 10:41:00,0,1,gen_20260922_200_30
202204003,专业资料室,4,静音研读间,16-21,2026-05-13 16:11:00,2026-05-13 17:00:00,0,1,gen_20260922_200_30
202204003,专业资料室,3,一号自习区,09-14,2026-05-13 20:52:00,2026-05-13 22:29:00,0,1,gen_20260922_200_30
202205002,中心图书馆,5,一号自习区,09-15,2026-05-13 19:08:00,2026-05-13 20:37:00,0,1,gen_20260922_200_30
202205002,专业资料室,4,电子阅览区,09-20,2026-05-13 21:30:00,2026-05-13 22:29:00,0,1,gen_20260922_200_30
202202002,中心图书馆,5,三层开架区,05-22,2026-05-13 17:40:00,2026-05-13 20:05:00,1,1,gen_20260922_200_30
202202002,专业资料室,3,报刊阅览室,20-24,2026-05-13 20:26:00,2026-05-13 22:03:00,0,1,gen_20260922_200_30
202407003,南苑分馆,5,静音研读间,33-11,2026-05-13 13:56:00,2026-05-13 15:14:00,0,1,gen_20260922_200_30
202407003,南苑分馆,1,报刊阅览室,18-02,2026-05-13 17:40:00,2026-05-13 21:40:00,1,1,gen_20260922_200_30
202301005,南苑分馆,1,三层开架区,07-12,2026-05-13 12:32:00,2026-05-13 14:30:00,0,1,gen_20260922_200_30
202301005,南苑分馆,5,报刊阅览室,06-04,2026-05-13 17:40:00,2026-05-13 20:30:00,1,1,gen_20260922_200_30
202101002,专业资料室,1,报刊阅览室,23-15,2026-05-13 20:00:00,2026-05-13 21:24:00,0,1,gen_20260922_200_30
202101002,中心图书馆,4,电子阅览区,23-16,2026-05-13 21:40:00,2026-05-13 22:29:00,0,1,gen_20260922_200_30
202304004,专业资料室,1,二号自习区,28-11,2026-05-13 15:40:00,2026-05-13 16:10:00,0,1,gen_20260922_200_30
202304004,专业资料室,1,二号自习区,24-04,2026-05-13 17:40:00,2026-05-13 19:10:00,0,1,gen_20260922_200_30
202108001,中心图书馆,3,静音研读间,12-03,2026-05-13 18:19:00,2026-05-13 21:43:00,1,1,gen_20260922_200_30
202301006,专业资料室,4,报刊阅览室,16-17,2026-05-13 14:34:00,2026-05-13 15:10:00,0,1,gen_20260922_200_30
202301006,专业资料室,1,静音研读间,12-12,2026-05-13 17:40:00,2026-05-13 20:10:00,1,1,gen_20260922_200_30
202303007,中心图书馆,4,静音研读间,10-08,2026-05-13 15:03:00,2026-05-13 17:59:00,1,1,gen_20260922_200_30
202303007,专业资料室,1,三层开架区,10-12,2026-05-13 19:52:00,2026-05-13 22:29:00,0,1,gen_20260922_200_30
202303008,南苑分馆,5,电子阅览区,25-16,2026-05-13 13:45:00,2026-05-13 15:20:00,0,1,gen_20260922_200_30
202303008,中心图书馆,2,电子阅览区,25-04,2026-05-13 19:57:00,2026-05-13 21:00:00,0,1,gen_20260922_200_30
202403004,南苑分馆,4,三层开架区,20-08,2026-05-13 15:30:00,2026-05-13 16:00:00,0,1,gen_20260922_200_30
202403005,中心图书馆,1,一号自习区,03-17,2026-05-13 16:18:00,2026-05-13 17:52:00,0,1,gen_20260922_200_30
202401005,专业资料室,2,静音研读间,02-08,2026-05-13 19:16:00,2026-05-13 20:19:00,0,1,gen_20260922_200_30
202206002,南苑分馆,2,一号自习区,30-14,2026-05-13 12:52:00,2026-05-13 13:49:00,0,1,gen_20260922_200_30
202206002,南苑分馆,4,三层开架区,17-14,2026-05-13 17:40:00,2026-05-13 19:47:00,1,1,gen_20260922_200_30
202308003,南苑分馆,1,电子阅览区,21-18,2026-05-13 20:24:00,2026-05-13 22:11:00,0,1,gen_20260922_200_30
202203003,专业资料室,3,电子阅览区,33-07,2026-05-13 09:33:00,2026-05-13 13:33:00,1,1,gen_20260922_200_30
202203003,专业资料室,1,二号自习区,34-04,2026-05-13 17:40:00,2026-05-13 18:55:00,0,1,gen_20260922_200_30
202201014,南苑分馆,5,报刊阅览室,31-02,2026-05-13 14:22:00,2026-05-13 15:00:00,0,1,gen_20260922_200_30
202405001,中心图书馆,4,二号自习区,19-07,2026-05-13 16:33:00,2026-05-13 17:19:00,0,1,gen_20260922_200_30
202202003,中心图书馆,3,三层开架区,04-21,2026-05-13 17:40:00,2026-05-13 21:40:00,1,1,gen_20260922_200_30
202202003,专业资料室,4,电子阅览区,09-22,2026-05-13 21:55:00,2026-05-13 22:30:00,0,1,gen_20260922_200_30
202203004,专业资料室,1,静音研读间,17-20,2026-05-13 16:07:00,2026-05-13 20:07:00,1,1,gen_20260922_200_30
202205003,中心图书馆,3,静音研读间,15-04,2026-05-13 15:05:00,2026-05-13 17:59:00,1,1,gen_20260922_200_30
202401006,南苑分馆,5,三层开架区,12-16,2026-05-13 17:40:00,2026-05-13 19:48:00,1,1,gen_20260922_200_30
202401006,专业资料室,2,一号自习区,02-07,2026-05-13 19:54:00,2026-05-13 22:29:00,0,1,gen_20260922_200_30
202201015,中心图书馆,1,报刊阅览室,21-01,2026-05-13 08:03:00,2026-05-13 09:16:00,0,1,gen_20260922_200_30
202201015,南苑分馆,3,一号自习区,17-18,2026-05-13 19:47:00,2026-05-13 21:08:00,0,1,gen_20260922_200_30
202307004,中心图书馆,3,三层开架区,10-24,2026-05-13 14:32:00,2026-05-13 16:10:00,0,1,gen_20260922_200_30
202307004,专业资料室,2,二号自习区,14-21,2026-05-13 21:08:00,2026-05-13 22:29:00,0,1,gen_20260922_200_30
202208002,南苑分馆,4,报刊阅览室,17-14,2026-05-13 14:37:00,2026-05-13 15:40:00,0,1,gen_20260922_200_30
202208002,南苑分馆,4,电子阅览区,31-16,2026-05-13 17:40:00,2026-05-13 19:31:00,0,1,gen_20260922_200_30
202106001,专业资料室,2,报刊阅览室,18-12,2026-05-13 14:15:00,2026-05-13 16:00:00,0,1,gen_20260922_200_30
202106001,中心图书馆,2,一号自习区,24-21,2026-05-13 17:40:00,2026-05-13 19:20:00,0,1,gen_20260922_200_30
202204004,专业资料室,1,二号自习区,03-04,2026-05-13 16:25:00,2026-05-13 17:35:00,0,1,gen_20260922_200_30
202204004,中心图书馆,5,静音研读间,39-02,2026-05-13 17:40:00,2026-05-13 20:58:00,1,1,gen_20260922_200_30
202406002,南苑分馆,4,三层开架区,37-13,2026-05-13 17:40:00,2026-05-13 20:00:00,1,1,gen_20260922_200_30
202406002,中心图书馆,4,三层开架区,29-11,2026-05-13 20:57:00,2026-05-13 22:29:00,0,1,gen_20260922_200_30
202101003,中心图书馆,1,二号自习区,38-17,2026-05-13 17:40:00,2026-05-13 20:11:00,1,1,gen_20260922_200_30
202101003,专业资料室,2,静音研读间,35-23,2026-05-13 20:51:00,2026-05-13 22:29:00,0,1,gen_20260922_200_30
202101004,专业资料室,1,一号自习区,03-02,2026-05-13 19:40:00,2026-05-13 20:33:00,0,1,gen_20260922_200_30
202403006,南苑分馆,3,电子阅览区,37-15,2026-05-13 13:16:00,2026-05-13 17:16:00,0,1,gen_20260922_200_30
202403006,中心图书馆,2,一号自习区,10-14,2026-05-13 17:40:00,2026-05-13 18:23:00,0,1,gen_20260922_200_30
202103001,中心图书馆,1,报刊阅览室,05-20,2026-05-13 15:16:00,2026-05-13 18:24:00,1,1,gen_20260922_200_30
202303009,南苑分馆,1,电子阅览区,23-05,2026-05-13 12:25:00,2026-05-13 14:26:00,0,1,gen_20260922_200_30
202303009,专业资料室,1,静音研读间,12-13,2026-05-13 17:40:00,2026-05-13 21:40:00,1,1,gen_20260922_200_30
202108002,南苑分馆,1,静音研读间,07-17,2026-05-13 14:40:00,2026-05-13 15:20:00,0,1,gen_20260922_200_30
202203005,南苑分馆,4,静音研读间,05-18,2026-05-13 14:58:00,2026-05-13 15:59:00,0,1,gen_20260922_200_30
202203005,中心图书馆,5,电子阅览区,20-20,2026-05-13 17:40:00,2026-05-13 18:59:00,0,1,gen_20260922_200_30
202305001,中心图书馆,1,静音研读间,36-18,2026-05-13 14:57:00,2026-05-13 17:18:00,0,1,gen_20260922_200_30
202105001,南苑分馆,4,报刊阅览室,10-02,2026-05-13 14:28:00,2026-05-13 15:20:00,0,1,gen_20260922_200_30
202105001,中心图书馆,1,二号自习区,07-18,2026-05-13 17:40:00,2026-05-13 18:31:00,0,1,gen_20260922_200_30
202205004,专业资料室,5,二号自习区,21-07,2026-05-13 10:41:00,2026-05-13 14:41:00,1,1,gen_20260922_200_30
202205004,中心图书馆,3,二号自习区,29-23,2026-05-13 17:40:00,2026-05-13 19:24:00,0,1,gen_20260922_200_30
202205005,中心图书馆,5,静音研读间,15-05,2026-05-13 15:05:00,2026-05-13 19:05:00,1,1,gen_20260922_200_30
202205005,专业资料室,4,三层开架区,33-04,2026-05-13 19:16:00,2026-05-13 20:30:00,0,1,gen_20260922_200_30
202201016,专业资料室,1,一号自习区,10-12,2026-05-13 14:36:00,2026-05-13 16:18:00,0,1,gen_20260922_200_30
202201016,专业资料室,3,一号自习区,03-22,2026-05-13 18:59:00,2026-05-13 22:29:00,0,1,gen_20260922_200_30
202206003,专业资料室,5,三层开架区,06-23,2026-05-13 16:18:00,2026-05-13 17:51:00,0,1,gen_20260922_200_30
202206003,中心图书馆,1,报刊阅览室,15-15,2026-05-13 18:50:00,2026-05-13 22:29:00,0,1,gen_20260922_200_30
202107002,专业资料室,3,报刊阅览室,38-10,2026-05-13 14:06:00,2026-05-13 15:52:00,0,1,gen_20260922_200_30
202107002,中心图书馆,1,电子阅览区,08-14,2026-05-13 20:38:00,2026-05-13 21:49:00,0,1,gen_20260922_200_30
202404002,中心图书馆,1,三层开架区,24-20,2026-05-13 17:40:00,2026-05-13 20:06:00,1,1,gen_20260922_200_30
202404002,中心图书馆,2,二号自习区,14-03,2026-05-13 20:37:00,2026-05-13 21:07:00,0,1,gen_20260922_200_30
202303011,中心图书馆,3,三层开架区,12-08,2026-05-13 15:11:00,2026-05-13 16:16:00,0,1,gen_20260922_200_30
202303011,中心图书馆,4,报刊阅览室,36-01,2026-05-13 19:33:00,2026-05-13 21:48:00,0,1,gen_20260922_200_30
202402003,中心图书馆,2,静音研读间,35-12,2026-05-13 17:40:00,2026-05-13 21:00:00,1,1,gen_20260922_200_30
202402003,中心图书馆,1,报刊阅览室,16-03,2026-05-13 21:21:00,2026-05-13 22:29:00,0,1,gen_20260922_200_30
202202004,中心图书馆,2,报刊阅览室,34-07,2026-05-13 18:48:00,2026-05-13 20:51:00,0,1,gen_20260922_200_30
202204005,南苑分馆,3,电子阅览区,27-13,2026-05-13 19:20:00,2026-05-13 22:29:00,0,1,gen_20260922_200_30
202204005,专业资料室,5,二号自习区,21-08,2026-05-13 21:55:00,2026-05-13 22:30:00,0,1,gen_20260922_200_30
202102003,专业资料室,5,报刊阅览室,14-06,2026-05-13 13:49:00,2026-05-13 14:45:00,0,1,gen_20260922_200_30
202102003,专业资料室,1,静音研读间,14-05,2026-05-13 20:21:00,2026-05-13 22:29:00,0,1,gen_20260922_200_30
202301007,南苑分馆,2,三层开架区,02-08,2026-05-13 15:31:00,2026-05-13 16:26:00,0,1,gen_20260922_200_30
202301007,南苑分馆,4,报刊阅览室,16-06,2026-05-13 17:40:00,2026-05-13 21:40:00,1,1,gen_20260922_200_30
202305002,中心图书馆,4,一号自习区,02-04,2026-05-13 19:43:00,2026-05-13 21:08:00,0,1,gen_20260922_200_30
202303012,南苑分馆,5,报刊阅览室,24-03,2026-05-13 15:17:00,2026-05-13 16:26:00,0,1,gen_20260922_200_30
202102004,南苑分馆,1,静音研读间,09-01,2026-05-13 21:09:00,2026-05-13 22:11:00,0,1,gen_20260922_200_30
202402004,专业资料室,3,三层开架区,26-06,2026-05-13 19:22:00,2026-05-13 21:27:00,0,1,gen_20260922_200_30
202402004,中心图书馆,4,一号自习区,12-11,2026-05-13 21:55:00,2026-05-13 22:30:00,0,1,gen_20260922_200_30
202203006,专业资料室,4,二号自习区,09-23,2026-05-13 09:03:00,2026-05-13 10:01:00,0,1,gen_20260922_200_30
202203006,中心图书馆,5,一号自习区,16-14,2026-05-13 17:40:00,2026-05-13 21:01:00,1,1,gen_20260922_200_30
202201017,南苑分馆,3,二号自习区,38-08,2026-05-13 12:17:00,2026-05-13 14:11:00,0,1,gen_20260922_200_30
202205006,专业资料室,3,电子阅览区,15-01,2026-05-13 20:29:00,2026-05-13 20:59:00,0,1,gen_20260922_200_30
202402005,南苑分馆,3,二号自习区,02-24,2026-05-13 17:40:00,2026-05-13 21:38:00,1,1,gen_20260922_200_30
202402005,南苑分馆,5,三层开架区,22-17,2026-05-13 21:55:00,2026-05-13 22:30:00,0,1,gen_20260922_200_30
202306005,专业资料室,3,二号自习区,01-03,2026-05-13 14:53:00,2026-05-13 18:53:00,1,1,gen_20260922_200_30
202306005,南苑分馆,2,电子阅览区,27-22,2026-05-13 19:08:00,2026-05-13 22:29:00,0,1,gen_20260922_200_30
202402006,中心图书馆,2,报刊阅览室,35-19,2026-05-13 17:50:00,2026-05-13 21:50:00,1,1,gen_20260922_200_30
202402006,南苑分馆,5,静音研读间,03-21,2026-05-13 21:55:00,2026-05-13 22:30:00,0,1,gen_20260922_200_30
202405002,南苑分馆,2,电子阅览区,26-18,2026-05-13 19:22:00,2026-05-13 22:29:00,0,1,gen_20260922_200_30
202405002,中心图书馆,2,静音研读间,10-06,2026-05-13 21:55:00,2026-05-13 22:30:00,0,1,gen_20260922_200_30
202403008,中心图书馆,5,报刊阅览室,03-17,2026-05-13 14:56:00,2026-05-13 15:28:00,0,1,gen_20260922_200_30
202301008,专业资料室,4,三层开架区,30-09,2026-05-13 14:09:00,2026-05-13 15:45:00,0,1,gen_20260922_200_30
202301008,中心图书馆,2,一号自习区,36-21,2026-05-13 17:40:00,2026-05-13 18:36:00,0,1,gen_20260922_200_30
202106002,中心图书馆,2,静音研读间,39-05,2026-05-13 20:15:00,2026-05-13 21:21:00,0,1,gen_20260922_200_30
202402007,中心图书馆,3,一号自习区,25-13,2026-05-13 16:57:00,2026-05-13 17:31:00,0,1,gen_20260922_200_30
202201018,专业资料室,1,二号自习区,31-02,2026-05-13 15:26:00,2026-05-13 15:56:00,0,1,gen_20260922_200_30
202204006,南苑分馆,2,二号自习区,24-06,2026-05-13 13:55:00,2026-05-13 14:30:00,0,1,gen_20260922_200_30
202202005,中心图书馆,3,一号自习区,04-14,2026-05-13 17:40:00,2026-05-13 19:18:00,0,1,gen_20260922_200_30
202202005,中心图书馆,1,静音研读间,14-15,2026-05-13 19:37:00,2026-05-13 22:29:00,0,1,gen_20260922_200_30
202305003,专业资料室,1,静音研读间,36-22,2026-05-13 15:01:00,2026-05-13 16:16:00,0,1,gen_20260922_200_30
202402008,南苑分馆,4,一号自习区,38-12,2026-05-13 07:50:00,2026-05-13 08:47:00,0,1,gen_20260922_200_30
202403010,中心图书馆,2,二号自习区,32-17,2026-05-13 17:40:00,2026-05-13 19:14:00,0,1,gen_20260922_200_30
202403010,南苑分馆,2,一号自习区,07-10,2026-05-13 19:43:00,2026-05-13 22:29:00,0,1,gen_20260922_200_30
202403011,南苑分馆,5,报刊阅览室,26-13,2026-05-13 15:53:00,2026-05-13 17:28:00,0,1,gen_20260922_200_30
202403011,中心图书馆,4,一号自习区,02-03,2026-05-13 17:40:00,2026-05-13 18:57:00,0,1,gen_20260922_200_30
202301009,中心图书馆,2,静音研读间,05-12,2026-05-13 20:06:00,2026-05-13 22:28:00,0,1,gen_20260922_200_30
202301009,南苑分馆,4,三层开架区,08-19,2026-05-13 21:55:00,2026-05-13 22:30:00,0,1,gen_20260922_200_30
202204007,专业资料室,4,静音研读间,27-07,2026-05-13 17:27:00,2026-05-13 19:44:00,1,1,gen_20260922_200_30
202204007,南苑分馆,5,报刊阅览室,30-03,2026-05-13 21:43:00,2026-05-13 22:29:00,0,1,gen_20260922_200_30
202207002,中心图书馆,4,三层开架区,26-17,2026-05-13 15:06:00,2026-05-13 16:27:00,0,1,gen_20260922_200_30
202207002,专业资料室,3,电子阅览区,20-10,2026-05-13 21:55:00,2026-05-13 22:30:00,0,1,gen_20260922_200_30
202207003,南苑分馆,2,报刊阅览室,28-24,2026-05-13 13:57:00,2026-05-13 15:15:00,0,1,gen_20260922_200_30
202207003,中心图书馆,4,静音研读间,05-08,2026-05-13 17:40:00,2026-05-13 19:33:00,0,1,gen_20260922_200_30
202201019,中心图书馆,4,三层开架区,32-11,2026-05-13 15:54:00,2026-05-13 19:54:00,1,1,gen_20260922_200_30
202201019,专业资料室,1,静音研读间,37-10,2026-05-13 20:50:00,2026-05-13 22:29:00,0,1,gen_20260922_200_30
202203008,南苑分馆,1,三层开架区,10-02,2026-05-13 19:31:00,2026-05-13 22:28:00,0,1,gen_20260922_200_30
202203008,南苑分馆,3,静音研读间,38-04,2026-05-13 21:55:00,2026-05-13 22:30:00,0,1,gen_20260922_200_30
202101005,中心图书馆,3,静音研读间,19-23,2026-05-13 15:28:00,2026-05-13 16:00:00,0,1,gen_20260922_200_30
202101005,中心图书馆,3,三层开架区,29-05,2026-05-13 17:40:00,2026-05-13 19:49:00,1,1,gen_20260922_200_30
202201020,中心图书馆,4,静音研读间,19-20,2026-05-13 17:40:00,2026-05-13 20:40:00,1,1,gen_20260922_200_30
202201020,专业资料室,4,报刊阅览室,29-05,2026-05-13 20:57:00,2026-05-13 22:29:00,0,1,gen_20260922_200_30
202402009,中心图书馆,4,电子阅览区,20-17,2026-05-13 18:49:00,2026-05-13 22:29:00,0,1,gen_20260922_200_30
202402009,专业资料室,4,报刊阅览室,31-23,2026-05-13 21:55:00,2026-05-13 22:30:00,0,1,gen_20260922_200_30
202401007,中心图书馆,5,一号自习区,30-17,2026-05-13 19:23:00,2026-05-13 21:15:00,0,1,gen_20260922_200_30
202202006,专业资料室,4,电子阅览区,31-01,2026-05-13 15:17:00,2026-05-13 17:24:00,0,1,gen_20260922_200_30
202304005,中心图书馆,3,电子阅览区,10-06,2026-05-13 19:40:00,2026-05-13 22:29:00,0,1,gen_20260922_200_30
202304005,专业资料室,3,三层开架区,10-21,2026-05-13 21:55:00,2026-05-13 22:30:00,0,1,gen_20260922_200_30
202408002,专业资料室,4,二号自习区,33-10,2026-05-13 15:58:00,2026-05-13 18:06:00,1,1,gen_20260922_200_30
202306006,专业资料室,5,一号自习区,10-02,2026-05-13 15:50:00,2026-05-13 19:45:00,1,1,gen_20260922_200_30
202105002,中心图书馆,5,一号自习区,13-12,2026-05-13 15:38:00,2026-05-13 19:38:00,1,1,gen_20260922_200_30
202105002,南苑分馆,4,报刊阅览室,10-10,2026-05-13 20:34:00,2026-05-13 22:29:00,0,1,gen_20260922_200_30
202304006,南苑分馆,1,二号自习区,32-18,2026-05-13 19:59:00,2026-05-13 20:29:00,0,1,gen_20260922_200_30
202201021,南苑分馆,5,报刊阅览室,34-16,2026-05-13 13:40:00,2026-05-13 14:51:00,0,1,gen_20260922_200_30
202201021,南苑分馆,2,报刊阅览室,31-16,2026-05-13 20:16:00,2026-05-13 22:29:00,0,1,gen_20260922_200_30
202406003,中心图书馆,5,一号自习区,14-12,2026-05-13 15:04:00,2026-05-13 18:01:00,1,1,gen_20260922_200_30
202406003,南苑分馆,5,一号自习区,12-22,2026-05-13 18:49:00,2026-05-13 20:37:00,0,1,gen_20260922_200_30
202303013,南苑分馆,2,静音研读间,23-22,2026-05-13 15:02:00,2026-05-13 19:02:00,1,1,gen_20260922_200_30
202303013,南苑分馆,4,三层开架区,09-14,2026-05-13 19:29:00,2026-05-13 22:10:00,0,1,gen_20260922_200_30
202401008,南苑分馆,2,三层开架区,35-22,2026-05-13 17:40:00,2026-05-13 19:01:00,0,1,gen_20260922_200_30
202401008,中心图书馆,1,报刊阅览室,30-15,2026-05-13 19:52:00,2026-05-13 21:36:00,0,1,gen_20260922_200_30
202304007,南苑分馆,1,三层开架区,09-23,2026-05-13 17:40:00,2026-05-13 21:40:00,1,1,gen_20260922_200_30
202304007,南苑分馆,1,静音研读间,15-17,2026-05-13 21:55:00,2026-05-13 22:30:00,0,1,gen_20260922_200_30
202304008,南苑分馆,5,二号自习区,05-19,2026-05-13 14:38:00,2026-05-13 15:08:00,0,1,gen_20260922_200_30
202406004,南苑分馆,4,一号自习区,27-16,2026-05-13 17:40:00,2026-05-13 20:10:00,1,1,gen_20260922_200_30
202406004,南苑分馆,4,静音研读间,17-09,2026-05-13 20:30:00,2026-05-13 22:29:00,0,1,gen_20260922_200_30
202206004,南苑分馆,3,报刊阅览室,24-02,2026-05-13 09:07:00,2026-05-13 09:37:00,0,1,gen_20260922_200_30
202204009,专业资料室,1,电子阅览区,23-04,2026-05-13 20:10:00,2026-05-13 21:19:00,0,1,gen_20260922_200_30
202407004,专业资料室,2,二号自习区,38-09,2026-05-13 17:40:00,2026-05-13 20:17:00,1,1,gen_20260922_200_30
202407004,专业资料室,3,三层开架区,29-13,2026-05-13 20:35:00,2026-05-13 22:29:00,0,1,gen_20260922_200_30
202108004,南苑分馆,1,电子阅览区,22-22,2026-05-13 14:48:00,2026-05-13 18:48:00,1,1,gen_20260922_200_30
202108004,南苑分馆,4,电子阅览区,22-15,2026-05-13 19:41:00,2026-05-13 22:29:00,0,1,gen_20260922_200_30
202205007,中心图书馆,2,静音研读间,27-16,2026-05-13 15:15:00,2026-05-13 18:39:00,1,1,gen_20260922_200_30
202205007,中心图书馆,4,二号自习区,05-20,2026-05-13 19:18:00,2026-05-13 20:15:00,0,1,gen_20260922_200_30
202402010,专业资料室,5,静音研读间,28-22,2026-05-13 13:42:00,2026-05-13 16:27:00,0,1,gen_20260922_200_30
202402010,南苑分馆,4,静音研读间,29-15,2026-05-13 17:40:00,2026-05-13 20:10:00,1,1,gen_20260922_200_30
202301010,南苑分馆,2,电子阅览区,01-12,2026-05-13 19:54:00,2026-05-13 21:15:00,0,1,gen_20260922_200_30
202306007,专业资料室,2,报刊阅览室,30-24,2026-05-13 15:46:00,2026-05-13 17:12:00,0,1,gen_20260922_200_30
202402011,专业资料室,1,报刊阅览室,17-20,2026-05-13 17:40:00,2026-05-13 21:40:00,1,1,gen_20260922_200_30
202402011,南苑分馆,3,一号自习区,34-14,2026-05-13 21:55:00,2026-05-13 22:30:00,0,1,gen_20260922_200_30
202108005,中心图书馆,3,三层开架区,16-07,2026-05-13 15:04:00,2026-05-13 15:48:00,0,1,gen_20260922_200_30
202108005,专业资料室,2,静音研读间,12-23,2026-05-13 17:40:00,2026-05-13 18:10:00,0,1,gen_20260922_200_30
202408003,南苑分馆,2,三层开架区,15-12,2026-05-13 20:08:00,2026-05-13 21:50:00,0,1,gen_20260922_200_30
202304009,中心图书馆,3,报刊阅览室,18-23,2026-05-13 08:40:00,2026-05-13 10:40:00,0,1,gen_20260922_200_30
202401009,南苑分馆,4,报刊阅览室,07-18,2026-05-13 13:56:00,2026-05-13 16:04:00,0,1,gen_20260922_200_30
202401009,中心图书馆,5,静音研读间,09-20,2026-05-13 17:40:00,2026-05-13 19:05:00,0,1,gen_20260922_200_30
202203009,中心图书馆,5,静音研读间,05-20,2026-05-13 15:53:00,2026-05-13 17:21:00,0,1,gen_20260922_200_30
202108006,南苑分馆,1,电子阅览区,39-05,2026-05-13 17:40:00,2026-05-13 20:48:00,1,1,gen_20260922_200_30
202108006,专业资料室,4,报刊阅览室,12-23,2026-05-13 21:18:00,2026-05-13 22:29:00,0,1,gen_20260922_200_30
202203010,专业资料室,4,报刊阅览室,26-03,2026-05-13 14:43:00,2026-05-13 15:44:00,0,1,gen_20260922_200_30
202203010,南苑分馆,3,一号自习区,28-24,2026-05-13 17:40:00,2026-05-13 20:37:00,1,1,gen_20260922_200_30
202306008,中心图书馆,2,静音研读间,34-01,2026-05-13 13:31:00,2026-05-13 16:06:00,0,1,gen_20260922_200_30
202306008,专业资料室,5,报刊阅览室,35-11,2026-05-13 20:58:00,2026-05-13 22:29:00,0,1,gen_20260922_200_30
202302008,南苑分馆,1,电子阅览区,01-09,2026-05-13 19:24:00,2026-05-13 21:01:00,0,1,gen_20260922_200_30
202302008,专业资料室,2,报刊阅览室,03-23,2026-05-13 21:19:00,2026-05-13 22:29:00,0,1,gen_20260922_200_30
202304010,南苑分馆,2,电子阅览区,11-08,2026-05-13 15:51:00,2026-05-13 17:05:00,0,1,gen_20260922_200_30
202304010,专业资料室,2,报刊阅览室,30-24,2026-05-13 17:40:00,2026-05-13 18:24:00,0,1,gen_20260922_200_30
202107003,专业资料室,5,一号自习区,16-24,2026-05-13 19:19:00,2026-05-13 20:03:00,0,1,gen_20260922_200_30
202201022,专业资料室,1,电子阅览区,23-02,2026-05-13 17:40:00,2026-05-13 20:38:00,1,1,gen_20260922_200_30
202201022,专业资料室,4,报刊阅览室,07-12,2026-05-13 21:26:00,2026-05-13 22:29:00,0,1,gen_20260922_200_30
202204005,专业资料室,5,二号自习区,21-08,2026-05-13 21:55:00,2026-05-13 20:33:00,0,0,gen_20260922_200_30
202401001,南苑分馆,5,三层开架区,06-16,2026-05-13 15:54:00,2026-05-15 15:12:00,0,0,gen_20260922_200_30
202202004,中心图书馆,2,报刊阅览室,34-07,2026-05-13 18:48:00,2026-05-16 11:00:00,0,0,gen_20260922_200_30
202102003,专业资料室,5,报刊阅览室,14-06,2026-05-13 13:49:00,2026-05-13 12:19:00,0,0,gen_20260922_200_30
202205001,专业资料室,2,三层开架区,24-07,2026-05-13 08:46:00,2026-05-14 18:20:00,0,0,gen_20260922_200_30
202203001,专业资料室,3,二号自习区,28-15,2026-05-14 17:40:00,2026-05-14 20:02:00,1,1,gen_20260922_200_30
202203001,专业资料室,5,一号自习区,35-11,2026-05-14 20:40:00,2026-05-14 22:29:00,0,1,gen_20260922_200_30
202202001,专业资料室,3,一号自习区,28-01,2026-05-14 19:29:00,2026-05-14 20:43:00,0,1,gen_20260922_200_30
202102001,专业资料室,4,电子阅览区,04-06,2026-05-14 16:16:00,2026-05-14 18:25:00,1,1,gen_20260922_200_30
202102001,南苑分馆,2,二号自习区,10-04,2026-05-14 18:50:00,2026-05-14 22:29:00,0,1,gen_20260922_200_30
202102002,中心图书馆,2,一号自习区,04-21,2026-05-14 18:14:00,2026-05-14 21:43:00,1,1,gen_20260922_200_30
202302002,中心图书馆,5,电子阅览区,14-24,2026-05-14 13:52:00,2026-05-14 15:02:00,0,1,gen_20260922_200_30
202201001,南苑分馆,3,电子阅览区,35-17,2026-05-14 21:51:00,2026-05-14 22:29:00,0,1,gen_20260922_200_30
202201002,专业资料室,3,电子阅览区,10-24,2026-05-14 17:40:00,2026-05-14 20:41:00,1,1,gen_20260922_200_30
202201002,中心图书馆,3,电子阅览区,15-08,2026-05-14 21:25:00,2026-05-14 22:29:00,0,1,gen_20260922_200_30
202303001,专业资料室,1,二号自习区,32-18,2026-05-14 15:01:00,2026-05-14 17:41:00,1,1,gen_20260922_200_30
202303001,南苑分馆,3,静音研读间,27-19,2026-05-14 18:07:00,2026-05-14 21:26:00,1,1,gen_20260922_200_30
202407001,中心图书馆,3,报刊阅览室,10-12,2026-05-14 19:48:00,2026-05-14 22:29:00,0,1,gen_20260922_200_30
202407001,中心图书馆,3,静音研读间,26-15,2026-05-14 21:55:00,2026-05-14 22:30:00,0,1,gen_20260922_200_30
202303002,南苑分馆,1,二号自习区,03-01,2026-05-14 13:42:00,2026-05-14 16:35:00,0,1,gen_20260922_200_30
202303002,中心图书馆,1,二号自习区,20-09,2026-05-14 17:40:00,2026-05-14 18:45:00,0,1,gen_20260922_200_30
202401002,中心图书馆,5,三层开架区,25-19,2026-05-14 16:36:00,2026-05-14 18:24:00,0,1,gen_20260922_200_30
202201003,南苑分馆,3,电子阅览区,07-14,2026-05-14 14:10:00,2026-05-14 17:00:00,0,1,gen_20260922_200_30
202201003,南苑分馆,5,静音研读间,23-16,2026-05-14 17:40:00,2026-05-14 19:12:00,0,1,gen_20260922_200_30
202201004,专业资料室,1,一号自习区,15-09,2026-05-14 13:51:00,2026-05-14 14:39:00,0,1,gen_20260922_200_30
202104002,专业资料室,3,二号自习区,06-22,2026-05-14 08:52:00,2026-05-14 10:12:00,0,1,gen_20260922_200_30
202104002,南苑分馆,5,电子阅览区,30-16,2026-05-14 17:40:00,2026-05-14 18:17:00,0,1,gen_20260922_200_30
202307001,专业资料室,3,三层开架区,31-04,2026-05-14 15:05:00,2026-05-14 18:09:00,1,1,gen_20260922_200_30
202307001,南苑分馆,5,三层开架区,28-05,2026-05-14 20:29:00,2026-05-14 22:29:00,0,1,gen_20260922_200_30
202402001,南苑分馆,4,二号自习区,02-17,2026-05-14 19:02:00,2026-05-14 20:04:00,0,1,gen_20260922_200_30
202402001,专业资料室,1,电子阅览区,25-15,2026-05-14 21:02:00,2026-05-14 22:29:00,0,1,gen_20260922_200_30
202306001,中心图书馆,3,电子阅览区,33-11,2026-05-14 20:18:00,2026-05-14 22:29:00,0,1,gen_20260922_200_30
202306001,南苑分馆,2,报刊阅览室,14-03,2026-05-14 21:55:00,2026-05-14 22:30:00,0,1,gen_20260922_200_30
202303003,中心图书馆,4,三层开架区,31-18,2026-05-14 15:00:00,2026-05-14 17:08:00,0,1,gen_20260922_200_30
202208001,南苑分馆,2,一号自习区,11-17,2026-05-14 13:45:00,2026-05-14 16:33:00,0,1,gen_20260922_200_30
202208001,专业资料室,4,电子阅览区,24-20,2026-05-14 20:02:00,2026-05-14 22:29:00,0,1,gen_20260922_200_30
202201005,专业资料室,5,三层开架区,39-06,2026-05-14 15:01:00,2026-05-14 17:06:00,0,1,gen_20260922_200_30
202201005,专业资料室,4,报刊阅览室,24-20,2026-05-14 17:40:00,2026-05-14 19:58:00,1,1,gen_20260922_200_30
202302003,南苑分馆,5,电子阅览区,35-03,2026-05-14 15:29:00,2026-05-14 17:16:00,0,1,gen_20260922_200_30
202201006,中心图书馆,5,电子阅览区,29-02,2026-05-14 13:44:00,2026-05-14 15:01:00,0,1,gen_20260922_200_30
202303004,南苑分馆,1,二号自习区,05-04,2026-05-14 16:17:00,2026-05-14 18:31:00,1,1,gen_20260922_200_30
202303004,专业资料室,2,二号自习区,10-09,2026-05-14 19:20:00,2026-05-14 20:47:00,0,1,gen_20260922_200_30
202402002,南苑分馆,4,报刊阅览室,19-15,2026-05-14 16:21:00,2026-05-14 17:09:00,0,1,gen_20260922_200_30
202402002,专业资料室,3,二号自习区,29-14,2026-05-14 19:54:00,2026-05-14 20:24:00,0,1,gen_20260922_200_30
202303005,中心图书馆,2,电子阅览区,32-07,2026-05-14 13:56:00,2026-05-14 16:34:00,0,1,gen_20260922_200_30
202303005,专业资料室,2,报刊阅览室,03-10,2026-05-14 17:40:00,2026-05-14 18:10:00,0,1,gen_20260922_200_30
202404001,中心图书馆,4,三层开架区,34-01,2026-05-14 11:54:00,2026-05-14 15:30:00,1,1,gen_20260922_200_30
202404001,专业资料室,2,三层开架区,04-21,2026-05-14 17:40:00,2026-05-14 18:38:00,0,1,gen_20260922_200_30
202201007,中心图书馆,2,一号自习区,32-20,2026-05-14 13:54:00,2026-05-14 15:17:00,0,1,gen_20260922_200_30
202201007,中心图书馆,2,报刊阅览室,14-19,2026-05-14 20:52:00,2026-05-14 22:29:00,0,1,gen_20260922_200_30
202306002,中心图书馆,3,三层开架区,13-08,2026-05-14 18:36:00,2026-05-14 20:13:00,0,1,gen_20260922_200_30
202302004,专业资料室,4,静音研读间,22-20,2026-05-14 20:59:00,2026-05-14 21:57:00,0,1,gen_20260922_200_30
202201008,中心图书馆,4,二号自习区,35-08,2026-05-14 20:17:00,2026-05-14 22:29:00,0,1,gen_20260922_200_30
202302005,南苑分馆,1,静音研读间,18-19,2026-05-14 15:57:00,2026-05-14 17:22:00,0,1,gen_20260922_200_30
202302005,南苑分馆,5,静音研读间,11-21,2026-05-14 19:02:00,2026-05-14 19:32:00,0,1,gen_20260922_200_30
202206001,中心图书馆,4,一号自习区,31-03,2026-05-14 17:40:00,2026-05-14 21:25:00,1,1,gen_20260922_200_30
202206001,专业资料室,5,三层开架区,16-24,2026-05-14 21:55:00,2026-05-14 22:30:00,0,1,gen_20260922_200_30
202302006,南苑分馆,3,三层开架区,31-14,2026-05-14 15:00:00,2026-05-14 17:31:00,1,1,gen_20260922_200_30
202302006,中心图书馆,5,三层开架区,35-14,2026-05-14 17:40:00,2026-05-14 19:27:00,0,1,gen_20260922_200_30
202204001,中心图书馆,2,一号自习区,32-18,2026-05-14 09:02:00,2026-05-14 11:59:00,0,1,gen_20260922_200_30
202204001,中心图书馆,3,电子阅览区,09-05,2026-05-14 17:40:00,2026-05-14 20:49:00,1,1,gen_20260922_200_30
202403002,南苑分馆,4,静音研读间,39-12,2026-05-14 17:40:00,2026-05-14 21:34:00,1,1,gen_20260922_200_30
202403002,专业资料室,1,三层开架区,31-21,2026-05-14 21:55:00,2026-05-14 22:30:00,0,1,gen_20260922_200_30
202401003,南苑分馆,1,三层开架区,26-22,2026-05-14 17:46:00,2026-05-14 21:46:00,1,1,gen_20260922_200_30
202401003,南苑分馆,1,静音研读间,15-07,2026-05-14 21:55:00,2026-05-14 22:30:00,0,1,gen_20260922_200_30
202301003,南苑分馆,4,一号自习区,12-03,2026-05-14 08:33:00,2026-05-14 09:44:00,0,1,gen_20260922_200_30
202301003,专业资料室,4,一号自习区,18-19,2026-05-14 19:34:00,2026-05-14 22:09:00,0,1,gen_20260922_200_30
202201009,专业资料室,4,静音研读间,36-18,2026-05-14 15:03:00,2026-05-14 17:10:00,0,1,gen_20260922_200_30
202403003,专业资料室,5,静音研读间,26-04,2026-05-14 10:42:00,2026-05-14 14:42:00,1,1,gen_20260922_200_30
202403003,专业资料室,4,三层开架区,01-21,2026-05-14 17:40:00,2026-05-14 19:26:00,0,1,gen_20260922_200_30
202301004,中心图书馆,1,静音研读间,35-23,2026-05-14 19:41:00,2026-05-14 21:26:00,0,1,gen_20260922_200_30
202201010,中心图书馆,3,报刊阅览室,19-23,2026-05-14 17:40:00,2026-05-14 21:10:00,1,1,gen_20260922_200_30
202201010,南苑分馆,5,静音研读间,20-04,2026-05-14 21:55:00,2026-05-14 22:30:00,0,1,gen_20260922_200_30
202204002,南苑分馆,2,二号自习区,10-22,2026-05-14 07:30:00,2026-05-14 08:27:00,0,1,gen_20260922_200_30
202307003,南苑分馆,4,三层开架区,05-16,2026-05-14 14:05:00,2026-05-14 15:00:00,0,1,gen_20260922_200_30
202205001,南苑分馆,2,电子阅览区,26-21,2026-05-14 13:51:00,2026-05-14 16:26:00,0,1,gen_20260922_200_30
202303006,南苑分馆,4,三层开架区,30-12,2026-05-14 19:31:00,2026-05-14 20:33:00,0,1,gen_20260922_200_30
202304002,专业资料室,2,一号自习区,30-05,2026-05-14 14:37:00,2026-05-14 16:35:00,0,1,gen_20260922_200_30
202304002,南苑分馆,5,三层开架区,28-23,2026-05-14 17:40:00,2026-05-14 18:30:00,0,1,gen_20260922_200_30
202203002,专业资料室,4,二号自习区,33-05,2026-05-14 15:04:00,2026-05-14 16:14:00,0,1,gen_20260922_200_30
202203002,南苑分馆,1,电子阅览区,38-18,2026-05-14 17:40:00,2026-05-14 19:39:00,0,1,gen_20260922_200_30
202207001,南苑分馆,2,三层开架区,08-06,2026-05-14 15:21:00,2026-05-14 16:03:00,0,1,gen_20260922_200_30
202201011,中心图书馆,1,二号自习区,15-17,2026-05-14 16:36:00,2026-05-14 17:43:00,0,1,gen_20260922_200_30
202201011,中心图书馆,4,三层开架区,15-03,2026-05-14 18:35:00,2026-05-14 20:55:00,1,1,gen_20260922_200_30
202306003,南苑分馆,2,二号自习区,04-13,2026-05-14 14:13:00,2026-05-14 17:08:00,0,1,gen_20260922_200_30
202306003,专业资料室,4,报刊阅览室,36-05,2026-05-14 17:40:00,2026-05-14 21:40:00,1,1,gen_20260922_200_30
202401004,中心图书馆,2,一号自习区,05-24,2026-05-14 14:52:00,2026-05-14 17:57:00,1,1,gen_20260922_200_30
202408001,专业资料室,2,二号自习区,17-13,2026-05-14 08:30:00,2026-05-14 11:15:00,0,1,gen_20260922_200_30
202201012,南苑分馆,2,电子阅览区,02-24,2026-05-14 14:37:00,2026-05-14 16:19:00,0,1,gen_20260922_200_30
202204003,南苑分馆,2,报刊阅览室,13-17,2026-05-14 15:40:00,2026-05-14 16:13:00,0,1,gen_20260922_200_30
202205002,南苑分馆,5,三层开架区,06-04,2026-05-14 10:05:00,2026-05-14 14:05:00,1,1,gen_20260922_200_30
202205002,南苑分馆,3,三层开架区,06-24,2026-05-14 21:48:00,2026-05-14 22:29:00,0,1,gen_20260922_200_30
202202002,专业资料室,3,一号自习区,02-12,2026-05-14 16:02:00,2026-05-14 17:20:00,0,1,gen_20260922_200_30
202202002,南苑分馆,5,一号自习区,05-05,2026-05-14 17:40:00,2026-05-14 19:53:00,1,1,gen_20260922_200_30
202407003,专业资料室,4,报刊阅览室,36-22,2026-05-14 14:06:00,2026-05-14 17:08:00,0,1,gen_20260922_200_30
202407003,专业资料室,2,三层开架区,17-01,2026-05-14 17:40:00,2026-05-14 20:22:00,1,1,gen_20260922_200_30
202301005,南苑分馆,3,二号自习区,15-23,2026-05-14 17:40:00,2026-05-14 19:02:00,0,1,gen_20260922_200_30
202301005,南苑分馆,5,报刊阅览室,09-22,2026-05-14 20:20:00,2026-05-14 22:29:00,0,1,gen_20260922_200_30
202101002,南苑分馆,4,二号自习区,34-17,2026-05-14 17:40:00,2026-05-14 21:14:00,1,1,gen_20260922_200_30
202101002,中心图书馆,2,一号自习区,20-15,2026-05-14 21:41:00,2026-05-14 22:29:00,0,1,gen_20260922_200_30
202304004,中心图书馆,5,二号自习区,29-14,2026-05-14 17:12:00,2026-05-14 19:07:00,0,1,gen_20260922_200_30
202304004,专业资料室,5,二号自习区,20-17,2026-05-14 20:10:00,2026-05-14 22:22:00,0,1,gen_20260922_200_30
202108001,专业资料室,5,二号自习区,33-21,2026-05-14 14:04:00,2026-05-14 14:57:00,0,1,gen_20260922_200_30
202108001,专业资料室,3,二号自习区,26-18,2026-05-14 19:36:00,2026-05-14 22:29:00,0,1,gen_20260922_200_30
202303007,中心图书馆,2,电子阅览区,11-11,2026-05-14 16:04:00,2026-05-14 18:10:00,1,1,gen_20260922_200_30
202303007,中心图书馆,1,电子阅览区,37-24,2026-05-14 19:09:00,2026-05-14 20:14:00,0,1,gen_20260922_200_30
202303008,中心图书馆,2,报刊阅览室,09-19,2026-05-14 14:39:00,2026-05-14 15:20:00,0,1,gen_20260922_200_30
202303008,专业资料室,4,三层开架区,32-10,2026-05-14 19:42:00,2026-05-14 21:48:00,0,1,gen_20260922_200_30
202201013,中心图书馆,3,三层开架区,19-24,2026-05-14 17:33:00,2026-05-14 20:38:00,1,1,gen_20260922_200_30
202403004,南苑分馆,5,二号自习区,02-18,2026-05-14 15:27:00,2026-05-14 16:03:00,0,1,gen_20260922_200_30
202403004,专业资料室,3,报刊阅览室,20-22,2026-05-14 20:03:00,2026-05-14 21:21:00,0,1,gen_20260922_200_30
202206002,专业资料室,5,三层开架区,02-09,2026-05-14 15:08:00,2026-05-14 18:26:00,1,1,gen_20260922_200_30
202203003,专业资料室,2,电子阅览区,13-02,2026-05-14 16:07:00,2026-05-14 18:02:00,0,1,gen_20260922_200_30
202203003,专业资料室,5,三层开架区,21-15,2026-05-14 20:55:00,2026-05-14 22:29:00,0,1,gen_20260922_200_30
202201014,南苑分馆,1,电子阅览区,29-20,2026-05-14 14:12:00,2026-05-14 18:12:00,1,1,gen_20260922_200_30
202405001,专业资料室,3,二号自习区,21-12,2026-05-14 19:41:00,2026-05-14 20:11:00,0,1,gen_20260922_200_30
202202003,南苑分馆,2,电子阅览区,22-21,2026-05-14 14:05:00,2026-05-14 16:25:00,0,1,gen_20260922_200_30
202202003,专业资料室,5,三层开架区,34-04,2026-05-14 17:40:00,2026-05-14 19:42:00,1,1,gen_20260922_200_30
202203004,南苑分馆,4,报刊阅览室,25-18,2026-05-14 09:29:00,2026-05-14 11:02:00,0,1,gen_20260922_200_30
202205003,中心图书馆,2,静音研读间,09-07,2026-05-14 16:40:00,2026-05-14 20:10:00,1,1,gen_20260922_200_30
202401006,中心图书馆,3,静音研读间,28-21,2026-05-14 19:24:00,2026-05-14 22:29:00,0,1,gen_20260922_200_30
202401006,专业资料室,4,静音研读间,26-18,2026-05-14 21:55:00,2026-05-14 22:30:00,0,1,gen_20260922_200_30
202201015,专业资料室,4,报刊阅览室,20-01,2026-05-14 21:38:00,2026-05-14 22:29:00,0,1,gen_20260922_200_30
202307004,专业资料室,3,报刊阅览室,35-07,2026-05-14 20:00:00,2026-05-14 20:48:00,0,1,gen_20260922_200_30
202208002,专业资料室,4,一号自习区,30-05,2026-05-14 17:40:00,2026-05-14 18:52:00,0,1,gen_20260922_200_30
202208002,南苑分馆,4,静音研读间,30-14,2026-05-14 19:58:00,2026-05-14 22:29:00,0,1,gen_20260922_200_30
202406001,专业资料室,4,电子阅览区,15-02,2026-05-14 15:56:00,2026-05-14 17:39:00,0,1,gen_20260922_200_30
202106001,专业资料室,4,静音研读间,28-10,2026-05-14 21:35:00,2026-05-14 22:29:00,0,1,gen_20260922_200_30
202204004,专业资料室,1,二号自习区,22-03,2026-05-14 17:40:00,2026-05-14 18:21:00,0,1,gen_20260922_200_30
202204004,专业资料室,3,三层开架区,22-08,2026-05-14 18:48:00,2026-05-14 21:11:00,0,1,gen_20260922_200_30
202406002,南苑分馆,4,三层开架区,27-04,2026-05-14 21:26:00,2026-05-14 22:29:00,0,1,gen_20260922_200_30
202101003,南苑分馆,2,电子阅览区,21-21,2026-05-14 13:46:00,2026-05-14 14:19:00,0,1,gen_20260922_200_30
202403006,南苑分馆,4,三层开架区,21-01,2026-05-14 20:31:00,2026-05-14 22:29:00,0,1,gen_20260922_200_30
202403006,中心图书馆,5,电子阅览区,33-19,2026-05-14 21:55:00,2026-05-14 22:30:00,0,1,gen_20260922_200_30
202103001,中心图书馆,3,二号自习区,25-18,2026-05-14 19:25:00,2026-05-14 20:10:00,0,1,gen_20260922_200_30
202303009,专业资料室,1,三层开架区,10-13,2026-05-14 15:24:00,2026-05-14 18:46:00,1,1,gen_20260922_200_30
202303009,中心图书馆,5,报刊阅览室,21-05,2026-05-14 19:15:00,2026-05-14 22:13:00,0,1,gen_20260922_200_30
202108002,南苑分馆,4,三层开架区,39-04,2026-05-14 20:17:00,2026-05-14 21:59:00,0,1,gen_20260922_200_30
202403007,专业资料室,5,报刊阅览室,02-22,2026-05-14 15:28:00,2026-05-14 18:48:00,1,1,gen_20260922_200_30
202403007,南苑分馆,5,静音研读间,21-16,2026-05-14 19:42:00,2026-05-14 21:11:00,0,1,gen_20260922_200_30
202203005,中心图书馆,1,电子阅览区,29-18,2026-05-14 19:44:00,2026-05-14 22:03:00,0,1,gen_20260922_200_30
202203005,南苑分馆,5,二号自习区,08-15,2026-05-14 21:55:00,2026-05-14 22:30:00,0,1,gen_20260922_200_30
202303010,南苑分馆,3,电子阅览区,36-17,2026-05-14 17:40:00,2026-05-14 21:04:00,1,1,gen_20260922_200_30
202303010,南苑分馆,3,二号自习区,29-24,2026-05-14 21:41:00,2026-05-14 22:29:00,0,1,gen_20260922_200_30
202105001,中心图书馆,2,二号自习区,14-10,2026-05-14 17:40:00,2026-05-14 19:59:00,1,1,gen_20260922_200_30
202105001,南苑分馆,3,电子阅览区,19-08,2026-05-14 20:28:00,2026-05-14 22:00:00,0,1,gen_20260922_200_30
202205004,南苑分馆,4,二号自习区,37-13,2026-05-14 16:01:00,2026-05-14 17:59:00,0,1,gen_20260922_200_30
202205005,专业资料室,1,电子阅览区,05-05,2026-05-14 19:55:00,2026-05-14 20:38:00,0,1,gen_20260922_200_30
202205005,南苑分馆,1,二号自习区,11-15,2026-05-14 21:25:00,2026-05-14 22:10:00,0,1,gen_20260922_200_30
202201016,南苑分馆,5,三层开架区,22-15,2026-05-14 15:44:00,2026-05-14 19:44:00,1,1,gen_20260922_200_30
202201016,中心图书馆,5,三层开架区,26-20,2026-05-14 20:43:00,2026-05-14 22:29:00,0,1,gen_20260922_200_30
202206003,中心图书馆,4,静音研读间,13-09,2026-05-14 15:03:00,2026-05-14 19:03:00,1,1,gen_20260922_200_30
202206003,中心图书馆,1,电子阅览区,38-10,2026-05-14 19:38:00,2026-05-14 22:29:00,0,1,gen_20260922_200_30
202107002,专业资料室,4,电子阅览区,10-06,2026-05-14 15:58:00,2026-05-14 18:20:00,1,1,gen_20260922_200_30
202107002,中心图书馆,3,电子阅览区,22-22,2026-05-14 19:04:00,2026-05-14 22:01:00,0,1,gen_20260922_200_30
202404002,专业资料室,1,静音研读间,13-01,2026-05-14 19:30:00,2026-05-14 21:59:00,0,1,gen_20260922_200_30
202308004,中心图书馆,1,三层开架区,20-10,2026-05-14 15:37:00,2026-05-14 19:37:00,1,1,gen_20260922_200_30
202308004,中心图书馆,4,电子阅览区,15-16,2026-05-14 19:55:00,2026-05-14 20:29:00,0,1,gen_20260922_200_30
202303011,中心图书馆,1,电子阅览区,38-12,2026-05-14 20:57:00,2026-05-14 22:04:00,0,1,gen_20260922_200_30
202402003,南苑分馆,1,一号自习区,23-24,2026-05-14 14:22:00,2026-05-14 16:20:00,0,1,gen_20260922_200_30
202402003,中心图书馆,4,报刊阅览室,05-01,2026-05-14 17:40:00,2026-05-14 19:00:00,0,1,gen_20260922_200_30
202202004,南苑分馆,2,静音研读间,16-09,2026-05-14 21:42:00,2026-05-14 22:12:00,0,1,gen_20260922_200_30
202204005,南苑分馆,2,电子阅览区,31-07,2026-05-14 17:40:00,2026-05-14 21:40:00,1,1,gen_20260922_200_30
202204005,中心图书馆,5,静音研读间,33-24,2026-05-14 21:55:00,2026-05-14 22:30:00,0,1,gen_20260922_200_30
202102003,南苑分馆,4,三层开架区,38-05,2026-05-14 15:27:00,2026-05-14 19:27:00,1,1,gen_20260922_200_30
202102003,南苑分馆,4,二号自习区,37-08,2026-05-14 20:11:00,2026-05-14 22:29:00,0,1,gen_20260922_200_30
202301007,专业资料室,1,二号自习区,27-15,2026-05-14 15:04:00,2026-05-14 15:37:00,0,1,gen_20260922_200_30
202102004,南苑分馆,4,三层开架区,34-20,2026-05-14 20:02:00,2026-05-14 21:19:00,0,1,gen_20260922_200_30
202102004,南苑分馆,5,一号自习区,06-16,2026-05-14 21:55:00,2026-05-14 22:30:00,0,1,gen_20260922_200_30
202402004,南苑分馆,1,一号自习区,37-11,2026-05-14 13:13:00,2026-05-14 14:06:00,0,1,gen_20260922_200_30
202402004,专业资料室,5,三层开架区,25-14,2026-05-14 19:03:00,2026-05-14 22:29:00,0,1,gen_20260922_200_30
202203006,中心图书馆,1,一号自习区,33-21,2026-05-14 14:10:00,2026-05-14 15:43:00,0,1,gen_20260922_200_30
202201017,南苑分馆,2,三层开架区,10-08,2026-05-14 17:40:00,2026-05-14 18:35:00,0,1,gen_20260922_200_30
202201017,中心图书馆,1,二号自习区,12-24,2026-05-14 19:09:00,2026-05-14 19:48:00,0,1,gen_20260922_200_30
202205006,专业资料室,3,二号自习区,09-23,2026-05-14 18:38:00,2026-05-14 19:12:00,0,1,gen_20260922_200_30
202402005,中心图书馆,1,电子阅览区,02-16,2026-05-14 15:20:00,2026-05-14 16:20:00,0,1,gen_20260922_200_30
202402005,南苑分馆,4,一号自习区,30-20,2026-05-14 17:40:00,2026-05-14 21:05:00,1,1,gen_20260922_200_30
202306005,中心图书馆,1,二号自习区,26-02,2026-05-14 13:22:00,2026-05-14 14:52:00,0,1,gen_20260922_200_30
202306005,专业资料室,1,二号自习区,29-21,2026-05-14 17:40:00,2026-05-14 21:12:00,1,1,gen_20260922_200_30
202402006,中心图书馆,1,一号自习区,05-16,2026-05-14 15:44:00,2026-05-14 16:54:00,0,1,gen_20260922_200_30
202402006,专业资料室,3,三层开架区,17-08,2026-05-14 21:05:00,2026-05-14 22:29:00,0,1,gen_20260922_200_30
202405002,南苑分馆,2,三层开架区,31-19,2026-05-14 20:43:00,2026-05-14 22:29:00,0,1,gen_20260922_200_30
202405002,中心图书馆,2,报刊阅览室,15-16,2026-05-14 21:55:00,2026-05-14 22:30:00,0,1,gen_20260922_200_30
202403008,专业资料室,4,报刊阅览室,18-19,2026-05-14 21:23:00,2026-05-14 22:29:00,0,1,gen_20260922_200_30
202301008,专业资料室,5,二号自习区,09-19,2026-05-14 15:49:00,2026-05-14 17:49:00,1,1,gen_20260922_200_30
202301008,专业资料室,2,静音研读间,04-08,2026-05-14 19:18:00,2026-05-14 21:33:00,0,1,gen_20260922_200_30
202106002,中心图书馆,4,一号自习区,25-18,2026-05-14 14:27:00,2026-05-14 16:46:00,0,1,gen_20260922_200_30
202402007,专业资料室,5,二号自习区,17-09,2026-05-14 09:44:00,2026-05-14 11:03:00,0,1,gen_20260922_200_30
202201018,专业资料室,1,二号自习区,04-19,2026-05-14 14:36:00,2026-05-14 15:33:00,0,1,gen_20260922_200_30
202204006,专业资料室,1,三层开架区,13-09,2026-05-14 13:40:00,2026-05-14 15:27:00,0,1,gen_20260922_200_30
202403009,南苑分馆,5,报刊阅览室,25-09,2026-05-14 07:34:00,2026-05-14 08:39:00,0,1,gen_20260922_200_30
202403009,南苑分馆,1,一号自习区,25-16,2026-05-14 17:40:00,2026-05-14 18:44:00,0,1,gen_20260922_200_30
202202005,专业资料室,5,二号自习区,06-10,2026-05-14 20:40:00,2026-05-14 22:29:00,0,1,gen_20260922_200_30
202202005,南苑分馆,2,电子阅览区,19-04,2026-05-14 21:55:00,2026-05-14 22:30:00,0,1,gen_20260922_200_30
202108003,中心图书馆,5,一号自习区,11-16,2026-05-14 20:04:00,2026-05-14 20:53:00,0,1,gen_20260922_200_30
202108003,专业资料室,5,静音研读间,12-11,2026-05-14 21:19:00,2026-05-14 22:29:00,0,1,gen_20260922_200_30
202402008,中心图书馆,1,报刊阅览室,07-03,2026-05-14 14:51:00,2026-05-14 15:46:00,0,1,gen_20260922_200_30
202402008,专业资料室,2,电子阅览区,20-21,2026-05-14 17:40:00,2026-05-14 19:08:00,0,1,gen_20260922_200_30
202403010,南苑分馆,5,静音研读间,15-21,2026-05-14 17:40:00,2026-05-14 21:40:00,1,1,gen_20260922_200_30
202403010,专业资料室,5,报刊阅览室,05-02,2026-05-14 21:55:00,2026-05-14 22:30:00,0,1,gen_20260922_200_30
202403011,中心图书馆,4,静音研读间,03-03,2026-05-14 15:09:00,2026-05-14 17:12:00,0,1,gen_20260922_200_30
202403012,专业资料室,4,二号自习区,02-06,2026-05-14 19:55:00,2026-05-14 22:29:00,0,1,gen_20260922_200_30
202403012,中心图书馆,3,二号自习区,33-14,2026-05-14 21:55:00,2026-05-14 22:30:00,0,1,gen_20260922_200_30
202301009,专业资料室,3,报刊阅览室,03-05,2026-05-14 16:37:00,2026-05-14 18:20:00,0,1,gen_20260922_200_30
202301009,南苑分馆,1,三层开架区,35-13,2026-05-14 18:39:00,2026-05-14 21:00:00,1,1,gen_20260922_200_30
202204007,南苑分馆,4,一号自习区,28-13,2026-05-14 15:18:00,2026-05-14 16:51:00,0,1,gen_20260922_200_30
202204007,中心图书馆,1,一号自习区,32-03,2026-05-14 17:40:00,2026-05-14 19:50:00,1,1,gen_20260922_200_30
202207002,南苑分馆,3,报刊阅览室,09-20,2026-05-14 14:08:00,2026-05-14 18:08:00,1,1,gen_20260922_200_30
202207002,中心图书馆,2,报刊阅览室,07-11,2026-05-14 19:41:00,2026-05-14 22:29:00,0,1,gen_20260922_200_30
202207003,南苑分馆,1,静音研读间,06-10,2026-05-14 15:15:00,2026-05-14 19:14:00,1,1,gen_20260922_200_30
202207003,专业资料室,1,报刊阅览室,16-03,2026-05-14 21:23:00,2026-05-14 22:29:00,0,1,gen_20260922_200_30
202201019,专业资料室,1,报刊阅览室,13-06,2026-05-14 15:28:00,2026-05-14 17:55:00,1,1,gen_20260922_200_30
202201019,专业资料室,3,二号自习区,09-04,2026-05-14 18:15:00,2026-05-14 19:42:00,0,1,gen_20260922_200_30
202203008,南苑分馆,5,静音研读间,28-13,2026-05-14 14:37:00,2026-05-14 16:20:00,0,1,gen_20260922_200_30
202203008,南苑分馆,3,二号自习区,15-03,2026-05-14 17:40:00,2026-05-14 21:40:00,1,1,gen_20260922_200_30
202201020,中心图书馆,3,二号自习区,10-06,2026-05-14 14:12:00,2026-05-14 17:34:00,1,1,gen_20260922_200_30
202402009,中心图书馆,2,静音研读间,27-19,2026-05-14 15:18:00,2026-05-14 16:59:00,0,1,gen_20260922_200_30
202402009,中心图书馆,4,电子阅览区,27-10,2026-05-14 17:40:00,2026-05-14 21:40:00,1,1,gen_20260922_200_30
202401007,专业资料室,1,三层开架区,10-23,2026-05-14 13:56:00,2026-05-14 15:33:00,0,1,gen_20260922_200_30
202202006,中心图书馆,4,报刊阅览室,06-05,2026-05-14 08:19:00,2026-05-14 08:49:00,0,1,gen_20260922_200_30
202304005,中心图书馆,5,报刊阅览室,23-21,2026-05-14 12:52:00,2026-05-14 15:42:00,0,1,gen_20260922_200_30
202304005,南苑分馆,1,一号自习区,24-23,2026-05-14 17:40:00,2026-05-14 19:24:00,0,1,gen_20260922_200_30
202408002,南苑分馆,2,静音研读间,10-07,2026-05-14 20:37:00,2026-05-14 22:29:00,0,1,gen_20260922_200_30
202306006,南苑分馆,2,二号自习区,25-24,2026-05-14 17:40:00,2026-05-14 19:05:00,0,1,gen_20260922_200_30
202306006,南苑分馆,5,电子阅览区,32-05,2026-05-14 21:02:00,2026-05-14 22:29:00,0,1,gen_20260922_200_30
202105002,中心图书馆,3,静音研读间,05-23,2026-05-14 18:59:00,2026-05-14 22:29:00,0,1,gen_20260922_200_30
202105002,南苑分馆,3,三层开架区,14-02,2026-05-14 21:55:00,2026-05-14 22:30:00,0,1,gen_20260922_200_30
202304006,专业资料室,4,三层开架区,22-08,2026-05-14 13:39:00,2026-05-14 14:09:00,0,1,gen_20260922_200_30
202201021,专业资料室,4,一号自习区,20-07,2026-05-14 15:22:00,2026-05-14 15:58:00,0,1,gen_20260922_200_30
202201021,中心图书馆,2,静音研读间,11-24,2026-05-14 17:40:00,2026-05-14 20:22:00,1,1,gen_20260922_200_30
202302007,专业资料室,1,二号自习区,28-03,2026-05-14 15:46:00,2026-05-14 16:44:00,0,1,gen_20260922_200_30
202302007,专业资料室,1,电子阅览区,16-20,2026-05-14 17:40:00,2026-05-14 19:32:00,0,1,gen_20260922_200_30
202406003,中心图书馆,2,电子阅览区,16-23,2026-05-14 17:40:00,2026-05-14 19:18:00,0,1,gen_20260922_200_30
202406003,南苑分馆,5,电子阅览区,32-04,2026-05-14 21:55:00,2026-05-14 22:30:00,0,1,gen_20260922_200_30
202303013,南苑分馆,2,报刊阅览室,30-03,2026-05-14 14:47:00,2026-05-14 17:03:00,0,1,gen_20260922_200_30
202303013,中心图书馆,2,电子阅览区,14-20,2026-05-14 17:40:00,2026-05-14 21:04:00,1,1,gen_20260922_200_30
202401008,南苑分馆,2,一号自习区,07-21,2026-05-14 14:08:00,2026-05-14 15:26:00,0,1,gen_20260922_200_30
202304007,专业资料室,5,报刊阅览室,11-06,2026-05-14 13:24:00,2026-05-14 16:47:00,0,1,gen_20260922_200_30
202406004,南苑分馆,1,一号自习区,21-20,2026-05-14 20:27:00,2026-05-14 22:29:00,0,1,gen_20260922_200_30
202406004,专业资料室,1,电子阅览区,10-10,2026-05-14 21:55:00,2026-05-14 22:30:00,0,1,gen_20260922_200_30
202204008,中心图书馆,4,二号自习区,29-12,2026-05-14 21:55:00,2026-05-14 22:30:00,0,1,gen_20260922_200_30
202206004,专业资料室,2,一号自习区,32-17,2026-05-14 16:53:00,2026-05-14 17:38:00,0,1,gen_20260922_200_30
202204009,南苑分馆,5,报刊阅览室,06-15,2026-05-14 14:33:00,2026-05-14 15:05:00,0,1,gen_20260922_200_30
202407004,南苑分馆,4,报刊阅览室,17-23,2026-05-14 13:23:00,2026-05-14 15:57:00,0,1,gen_20260922_200_30
202108004,中心图书馆,5,电子阅览区,10-12,2026-05-14 17:40:00,2026-05-14 19:32:00,0,1,gen_20260922_200_30
202108004,南苑分馆,5,电子阅览区,03-18,2026-05-14 19:47:00,2026-05-14 21:24:00,0,1,gen_20260922_200_30
202205007,南苑分馆,3,电子阅览区,30-03,2026-05-14 17:40:00,2026-05-14 19:46:00,1,1,gen_20260922_200_30
202205007,中心图书馆,3,电子阅览区,13-21,2026-05-14 21:43:00,2026-05-14 22:29:00,0,1,gen_20260922_200_30
202402010,南苑分馆,4,报刊阅览室,03-07,2026-05-14 19:30:00,2026-05-14 21:25:00,0,1,gen_20260922_200_30
202301010,专业资料室,5,三层开架区,07-01,2026-05-14 12:54:00,2026-05-14 14:24:00,0,1,gen_20260922_200_30
202301010,中心图书馆,2,静音研读间,22-24,2026-05-14 17:40:00,2026-05-14 19:51:00,1,1,gen_20260922_200_30
202306007,南苑分馆,3,报刊阅览室,24-14,2026-05-14 20:02:00,2026-05-14 22:24:00,0,1,gen_20260922_200_30
202306007,南苑分馆,2,二号自习区,27-19,2026-05-14 21:55:00,2026-05-14 22:30:00,0,1,gen_20260922_200_30
202402011,中心图书馆,2,三层开架区,17-01,2026-05-14 15:24:00,2026-05-14 16:28:00,0,1,gen_20260922_200_30
202402011,专业资料室,4,三层开架区,26-10,2026-05-14 21:09:00,2026-05-14 22:29:00,0,1,gen_20260922_200_30
202108005,南苑分馆,2,一号自习区,13-15,2026-05-14 19:08:00,2026-05-14 19:38:00,0,1,gen_20260922_200_30
202408003,专业资料室,4,二号自习区,03-07,2026-05-14 09:25:00,2026-05-14 10:15:00,0,1,gen_20260922_200_30
202401009,南苑分馆,4,电子阅览区,11-02,2026-05-14 14:51:00,2026-05-14 18:51:00,1,1,gen_20260922_200_30
202108006,专业资料室,5,三层开架区,32-16,2026-05-14 16:05:00,2026-05-14 17:43:00,0,1,gen_20260922_200_30
202203010,专业资料室,5,二号自习区,11-22,2026-05-14 18:45:00,2026-05-14 19:45:00,0,1,gen_20260922_200_30
202303014,南苑分馆,3,二号自习区,23-21,2026-05-14 13:41:00,2026-05-14 14:11:00,0,1,gen_20260922_200_30
202101006,中心图书馆,2,三层开架区,03-20,2026-05-14 20:03:00,2026-05-14 20:57:00,0,1,gen_20260922_200_30
202306008,中心图书馆,2,报刊阅览室,26-10,2026-05-14 19:35:00,2026-05-14 22:29:00,0,1,gen_20260922_200_30
202302008,中心图书馆,2,二号自习区,14-02,2026-05-14 09:18:00,2026-05-14 10:50:00,0,1,gen_20260922_200_30
202304010,南苑分馆,2,电子阅览区,26-10,2026-05-14 19:05:00,2026-05-14 20:54:00,0,1,gen_20260922_200_30
202107003,中心图书馆,5,电子阅览区,37-10,2026-05-14 19:11:00,2026-05-14 20:07:00,0,1,gen_20260922_200_30
202201022,专业资料室,5,三层开架区,28-03,2026-05-14 17:40:00,2026-05-14 21:40:00,1,1,gen_20260922_200_30
202201022,中心图书馆,4,静音研读间,08-01,2026-05-14 21:55:00,2026-05-14 22:30:00,0,1,gen_20260922_200_30
202201020,中心图书馆,3,二号自习区,10-06,2026-05-14 14:12:00,2026-05-14 12:45:00,1,0,gen_20260922_200_30
202204001,中心图书馆,2,一号自习区,32-18,2026-05-14 09:02:00,2026-05-17 17:21:00,0,0,gen_20260922_200_30
202306005,中心图书馆,1,二号自习区,26-02,2026-05-14 13:22:00,2026-05-17 12:55:00,0,0,gen_20260922_200_30
202205004,南苑分馆,4,二号自习区,37-13,2026-05-14 16:01:00,2026-05-14 14:56:00,0,0,gen_20260922_200_30
202205006,专业资料室,3,二号自习区,09-23,2026-05-14 18:38:00,2026-05-16 08:03:00,0,0,gen_20260922_200_30
202203001,专业资料室,3,报刊阅览室,02-07,2026-05-15 18:15:00,2026-05-15 20:19:00,1,1,gen_20260922_200_30
202301001,南苑分馆,2,静音研读间,39-01,2026-05-15 14:54:00,2026-05-15 18:19:00,1,1,gen_20260922_200_30
202308001,专业资料室,1,三层开架区,10-01,2026-05-15 14:26:00,2026-05-15 15:21:00,0,1,gen_20260922_200_30
202308001,中心图书馆,4,静音研读间,37-02,2026-05-15 17:40:00,2026-05-15 18:23:00,0,1,gen_20260922_200_30
202302001,南苑分馆,3,报刊阅览室,24-23,2026-05-15 19:56:00,2026-05-15 21:11:00,0,1,gen_20260922_200_30
202202001,南苑分馆,1,二号自习区,17-09,2026-05-15 19:25:00,2026-05-15 21:10:00,0,1,gen_20260922_200_30
202102001,专业资料室,1,静音研读间,06-07,2026-05-15 21:23:00,2026-05-15 22:29:00,0,1,gen_20260922_200_30
202102002,南苑分馆,3,三层开架区,19-20,2026-05-15 17:40:00,2026-05-15 19:51:00,1,1,gen_20260922_200_30
202102002,南苑分馆,1,静音研读间,22-07,2026-05-15 21:18:00,2026-05-15 22:29:00,0,1,gen_20260922_200_30
202104001,南苑分馆,3,三层开架区,01-04,2026-05-15 14:17:00,2026-05-15 15:07:00,0,1,gen_20260922_200_30
202302002,专业资料室,3,三层开架区,37-24,2026-05-15 18:50:00,2026-05-15 20:26:00,0,1,gen_20260922_200_30
202302002,中心图书馆,3,二号自习区,12-01,2026-05-15 21:18:00,2026-05-15 22:29:00,0,1,gen_20260922_200_30
202201002,中心图书馆,5,报刊阅览室,34-05,2026-05-15 15:23:00,2026-05-15 16:39:00,0,1,gen_20260922_200_30
202201002,南苑分馆,5,一号自习区,38-06,2026-05-15 17:40:00,2026-05-15 19:38:00,0,1,gen_20260922_200_30
202303001,南苑分馆,1,二号自习区,21-21,2026-05-15 20:38:00,2026-05-15 22:29:00,0,1,gen_20260922_200_30
202303001,专业资料室,1,三层开架区,23-22,2026-05-15 21:55:00,2026-05-15 22:30:00,0,1,gen_20260922_200_30
202304001,南苑分馆,2,二号自习区,03-13,2026-05-15 15:33:00,2026-05-15 19:27:00,1,1,gen_20260922_200_30
202401001,中心图书馆,4,报刊阅览室,31-01,2026-05-15 14:25:00,2026-05-15 16:23:00,0,1,gen_20260922_200_30
202407001,南苑分馆,5,电子阅览区,24-20,2026-05-15 16:16:00,2026-05-15 17:18:00,0,1,gen_20260922_200_30
202407001,中心图书馆,3,电子阅览区,17-01,2026-05-15 17:40:00,2026-05-15 21:40:00,1,1,gen_20260922_200_30
202303002,专业资料室,2,电子阅览区,31-10,2026-05-15 14:02:00,2026-05-15 15:23:00,0,1,gen_20260922_200_30
202303002,南苑分馆,4,一号自习区,01-16,2026-05-15 17:40:00,2026-05-15 18:19:00,0,1,gen_20260922_200_30
202401002,南苑分馆,2,一号自习区,03-06,2026-05-15 14:42:00,2026-05-15 15:14:00,0,1,gen_20260922_200_30
202201003,中心图书馆,3,一号自习区,12-14,2026-05-15 19:05:00,2026-05-15 22:29:00,0,1,gen_20260922_200_30
202201003,专业资料室,1,二号自习区,20-10,2026-05-15 21:55:00,2026-05-15 22:30:00,0,1,gen_20260922_200_30
202201004,中心图书馆,5,报刊阅览室,36-23,2026-05-15 19:14:00,2026-05-15 21:12:00,0,1,gen_20260922_200_30
202307001,专业资料室,4,二号自习区,01-22,2026-05-15 13:35:00,2026-05-15 16:51:00,0,1,gen_20260922_200_30
202307001,中心图书馆,4,报刊阅览室,38-17,2026-05-15 17:40:00,2026-05-15 20:32:00,1,1,gen_20260922_200_30
202402001,南苑分馆,3,报刊阅览室,31-16,2026-05-15 15:28:00,2026-05-15 18:54:00,1,1,gen_20260922_200_30
202402001,南苑分馆,2,报刊阅览室,05-10,2026-05-15 19:29:00,2026-05-15 21:09:00,0,1,gen_20260922_200_30
202306001,南苑分馆,4,电子阅览区,06-19,2026-05-15 13:17:00,2026-05-15 15:58:00,0,1,gen_20260922_200_30
202306001,南苑分馆,2,三层开架区,06-03,2026-05-15 21:03:00,2026-05-15 22:29:00,0,1,gen_20260922_200_30
202303003,中心图书馆,5,电子阅览区,11-24,2026-05-15 13:52:00,2026-05-15 17:52:00,1,1,gen_20260922_200_30
202303003,专业资料室,4,静音研读间,18-04,2026-05-15 18:24:00,2026-05-15 21:17:00,1,1,gen_20260922_200_30
202201005,中心图书馆,3,一号自习区,20-06,2026-05-15 17:40:00,2026-05-15 18:17:00,0,1,gen_20260922_200_30
202201005,中心图书馆,1,报刊阅览室,39-06,2026-05-15 21:16:00,2026-05-15 22:29:00,0,1,gen_20260922_200_30
202201006,南苑分馆,3,一号自习区,39-17,2026-05-15 14:27:00,2026-05-15 18:27:00,1,1,gen_20260922_200_30
202201006,中心图书馆,2,电子阅览区,06-09,2026-05-15 19:13:00,2026-05-15 19:56:00,0,1,gen_20260922_200_30
202303004,专业资料室,1,报刊阅览室,22-21,2026-05-15 13:48:00,2026-05-15 14:19:00,0,1,gen_20260922_200_30
202402002,南苑分馆,4,报刊阅览室,22-17,2026-05-15 14:54:00,2026-05-15 15:34:00,0,1,gen_20260922_200_30
202303005,中心图书馆,3,电子阅览区,21-16,2026-05-15 17:30:00,2026-05-15 21:30:00,1,1,gen_20260922_200_30
202303005,中心图书馆,1,二号自习区,28-07,2026-05-15 21:55:00,2026-05-15 22:30:00,0,1,gen_20260922_200_30
202301002,中心图书馆,1,一号自习区,08-05,2026-05-15 13:48:00,2026-05-15 14:48:00,0,1,gen_20260922_200_30
202301002,南苑分馆,5,三层开架区,28-21,2026-05-15 17:40:00,2026-05-15 20:35:00,1,1,gen_20260922_200_30
202404001,专业资料室,4,三层开架区,29-16,2026-05-15 18:45:00,2026-05-15 21:48:00,0,1,gen_20260922_200_30
202306002,专业资料室,5,一号自习区,06-10,2026-05-15 15:11:00,2026-05-15 16:15:00,0,1,gen_20260922_200_30
202308002,中心图书馆,2,静音研读间,23-21,2026-05-15 14:41:00,2026-05-15 15:11:00,0,1,gen_20260922_200_30
202302004,南苑分馆,1,一号自习区,02-16,2026-05-15 13:10:00,2026-05-15 17:10:00,0,1,gen_20260922_200_30
202302004,专业资料室,3,静音研读间,08-07,2026-05-15 17:40:00,2026-05-15 19:54:00,1,1,gen_20260922_200_30
202201008,南苑分馆,5,报刊阅览室,06-21,2026-05-15 09:05:00,2026-05-15 10:04:00,0,1,gen_20260922_200_30
202302005,中心图书馆,4,电子阅览区,09-09,2026-05-15 14:52:00,2026-05-15 15:51:00,0,1,gen_20260922_200_30
202206001,专业资料室,3,一号自习区,29-04,2026-05-15 19:57:00,2026-05-15 22:29:00,0,1,gen_20260922_200_30
202206001,专业资料室,3,三层开架区,39-08,2026-05-15 21:55:00,2026-05-15 22:30:00,0,1,gen_20260922_200_30
202302006,南苑分馆,4,电子阅览区,28-01,2026-05-15 13:20:00,2026-05-15 15:55:00,0,1,gen_20260922_200_30
202302006,中心图书馆,4,三层开架区,39-11,2026-05-15 17:40:00,2026-05-15 20:47:00,1,1,gen_20260922_200_30
202403001,专业资料室,2,三层开架区,37-06,2026-05-15 17:40:00,2026-05-15 21:36:00,1,1,gen_20260922_200_30
202403001,南苑分馆,5,三层开架区,25-16,2026-05-15 21:55:00,2026-05-15 22:30:00,0,1,gen_20260922_200_30
202204001,南苑分馆,5,一号自习区,22-01,2026-05-15 17:40:00,2026-05-15 18:42:00,0,1,gen_20260922_200_30
202204001,南苑分馆,2,一号自习区,29-11,2026-05-15 21:33:00,2026-05-15 22:29:00,0,1,gen_20260922_200_30
202403002,专业资料室,4,电子阅览区,33-08,2026-05-15 09:23:00,2026-05-15 11:00:00,0,1,gen_20260922_200_30
202401003,专业资料室,1,静音研读间,05-04,2026-05-15 13:39:00,2026-05-15 17:39:00,1,1,gen_20260922_200_30
202401003,南苑分馆,4,二号自习区,11-06,2026-05-15 20:13:00,2026-05-15 22:29:00,0,1,gen_20260922_200_30
202301003,专业资料室,1,一号自习区,39-11,2026-05-15 13:43:00,2026-05-15 16:53:00,0,1,gen_20260922_200_30
202301003,南苑分馆,1,静音研读间,28-05,2026-05-15 19:26:00,2026-05-15 21:01:00,0,1,gen_20260922_200_30
202201009,南苑分馆,5,三层开架区,10-09,2026-05-15 16:04:00,2026-05-15 17:57:00,0,1,gen_20260922_200_30
202201009,专业资料室,5,报刊阅览室,03-21,2026-05-15 18:17:00,2026-05-15 20:05:00,0,1,gen_20260922_200_30
202403003,中心图书馆,4,二号自习区,11-08,2026-05-15 17:53:00,2026-05-15 19:55:00,1,1,gen_20260922_200_30
202301004,南苑分馆,3,二号自习区,34-16,2026-05-15 20:20:00,2026-05-15 20:50:00,0,1,gen_20260922_200_30
202201010,南苑分馆,2,三层开架区,35-15,2026-05-15 15:00:00,2026-05-15 18:17:00,1,1,gen_20260922_200_30
202201010,中心图书馆,4,静音研读间,10-15,2026-05-15 19:03:00,2026-05-15 22:29:00,0,1,gen_20260922_200_30
202107001,南苑分馆,2,报刊阅览室,01-21,2026-05-15 15:22:00,2026-05-15 16:01:00,0,1,gen_20260922_200_30
202204002,专业资料室,5,静音研读间,31-17,2026-05-15 14:07:00,2026-05-15 15:50:00,0,1,gen_20260922_200_30
202307003,南苑分馆,2,电子阅览区,17-03,2026-05-15 14:04:00,2026-05-15 15:25:00,0,1,gen_20260922_200_30
202205001,专业资料室,2,一号自习区,33-08,2026-05-15 20:04:00,2026-05-15 20:56:00,0,1,gen_20260922_200_30
202303006,专业资料室,1,报刊阅览室,26-04,2026-05-15 18:46:00,2026-05-15 20:24:00,0,1,gen_20260922_200_30
202304002,中心图书馆,2,二号自习区,02-09,2026-05-15 15:09:00,2026-05-15 15:55:00,0,1,gen_20260922_200_30
202304002,南苑分馆,5,一号自习区,16-01,2026-05-15 19:46:00,2026-05-15 21:44:00,0,1,gen_20260922_200_30
202203002,中心图书馆,5,二号自习区,36-04,2026-05-15 14:13:00,2026-05-15 15:34:00,0,1,gen_20260922_200_30
202101001,南苑分馆,2,电子阅览区,08-09,2026-05-15 21:20:00,2026-05-15 22:29:00,0,1,gen_20260922_200_30
202207001,南苑分馆,4,报刊阅览室,27-03,2026-05-15 12:57:00,2026-05-15 14:19:00,0,1,gen_20260922_200_30
202207001,专业资料室,5,三层开架区,22-19,2026-05-15 17:40:00,2026-05-15 18:10:00,0,1,gen_20260922_200_30
202304003,中心图书馆,5,三层开架区,05-23,2026-05-15 15:35:00,2026-05-15 16:28:00,0,1,gen_20260922_200_30
202201011,南苑分馆,5,静音研读间,07-24,2026-05-15 16:23:00,2026-05-15 17:01:00,0,1,gen_20260922_200_30
202201011,专业资料室,1,二号自习区,17-13,2026-05-15 17:40:00,2026-05-15 21:40:00,1,1,gen_20260922_200_30
202306003,专业资料室,2,电子阅览区,12-11,2026-05-15 16:02:00,2026-05-15 19:06:00,1,1,gen_20260922_200_30
202306003,专业资料室,3,报刊阅览室,12-15,2026-05-15 19:31:00,2026-05-15 21:48:00,0,1,gen_20260922_200_30
202401004,南苑分馆,2,三层开架区,14-09,2026-05-15 21:08:00,2026-05-15 22:29:00,0,1,gen_20260922_200_30
202401004,南苑分馆,2,电子阅览区,33-22,2026-05-15 21:55:00,2026-05-15 22:30:00,0,1,gen_20260922_200_30
202201012,专业资料室,3,三层开架区,10-14,2026-05-15 20:14:00,2026-05-15 21:10:00,0,1,gen_20260922_200_30
202201012,中心图书馆,1,报刊阅览室,36-14,2026-05-15 21:50:00,2026-05-15 22:29:00,0,1,gen_20260922_200_30
202204003,专业资料室,3,报刊阅览室,11-15,2026-05-15 14:28:00,2026-05-15 16:40:00,0,1,gen_20260922_200_30
202204003,中心图书馆,2,报刊阅览室,25-21,2026-05-15 17:40:00,2026-05-15 19:10:00,0,1,gen_20260922_200_30
202205002,南苑分馆,2,电子阅览区,34-06,2026-05-15 17:40:00,2026-05-15 20:57:00,1,1,gen_20260922_200_30
202205002,南苑分馆,5,二号自习区,35-11,2026-05-15 21:22:00,2026-05-15 22:29:00,0,1,gen_20260922_200_30
202202002,南苑分馆,5,静音研读间,16-23,2026-05-15 10:44:00,2026-05-15 11:51:00,0,1,gen_20260922_200_30
202407003,中心图书馆,5,二号自习区,22-01,2026-05-15 15:38:00,2026-05-15 16:45:00,0,1,gen_20260922_200_30
202407003,专业资料室,5,一号自习区,36-21,2026-05-15 20:01:00,2026-05-15 21:09:00,0,1,gen_20260922_200_30
202301005,中心图书馆,3,静音研读间,12-05,2026-05-15 15:17:00,2026-05-15 16:25:00,0,1,gen_20260922_200_30
202301005,专业资料室,1,电子阅览区,17-16,2026-05-15 21:14:00,2026-05-15 22:29:00,0,1,gen_20260922_200_30
202101002,中心图书馆,4,二号自习区,13-24,2026-05-15 15:53:00,2026-05-15 19:28:00,1,1,gen_20260922_200_30
202101002,专业资料室,1,一号自习区,15-04,2026-05-15 20:08:00,2026-05-15 22:16:00,0,1,gen_20260922_200_30
202304004,中心图书馆,5,静音研读间,29-18,2026-05-15 13:29:00,2026-05-15 15:39:00,0,1,gen_20260922_200_30
202304004,专业资料室,3,三层开架区,04-20,2026-05-15 20:44:00,2026-05-15 22:29:00,0,1,gen_20260922_200_30
202108001,专业资料室,3,静音研读间,28-21,2026-05-15 17:40:00,2026-05-15 20:26:00,1,1,gen_20260922_200_30
202108001,专业资料室,5,一号自习区,39-12,2026-05-15 21:26:00,2026-05-15 22:29:00,0,1,gen_20260922_200_30
202301006,南苑分馆,2,电子阅览区,25-05,2026-05-15 17:40:00,2026-05-15 18:11:00,0,1,gen_20260922_200_30
202301006,专业资料室,3,报刊阅览室,38-07,2026-05-15 20:57:00,2026-05-15 22:29:00,0,1,gen_20260922_200_30
202303007,中心图书馆,2,报刊阅览室,14-10,2026-05-15 14:43:00,2026-05-15 18:43:00,1,1,gen_20260922_200_30
202303007,南苑分馆,4,电子阅览区,37-03,2026-05-15 19:10:00,2026-05-15 20:29:00,0,1,gen_20260922_200_30
202303008,专业资料室,2,报刊阅览室,19-08,2026-05-15 14:48:00,2026-05-15 15:39:00,0,1,gen_20260922_200_30
202201013,专业资料室,3,静音研读间,02-15,2026-05-15 17:40:00,2026-05-15 18:14:00,0,1,gen_20260922_200_30
202201013,南苑分馆,4,静音研读间,24-18,2026-05-15 20:32:00,2026-05-15 22:29:00,0,1,gen_20260922_200_30
202403005,中心图书馆,3,一号自习区,01-17,2026-05-15 14:44:00,2026-05-15 15:50:00,0,1,gen_20260922_200_30
202401005,南苑分馆,4,一号自习区,15-21,2026-05-15 15:16:00,2026-05-15 15:53:00,0,1,gen_20260922_200_30
202401005,南苑分馆,4,一号自习区,21-18,2026-05-15 17:40:00,2026-05-15 19:03:00,0,1,gen_20260922_200_30
202206002,中心图书馆,4,二号自习区,32-02,2026-05-15 08:15:00,2026-05-15 11:02:00,0,1,gen_20260922_200_30
202206002,南苑分馆,5,报刊阅览室,09-17,2026-05-15 17:40:00,2026-05-15 20:11:00,1,1,gen_20260922_200_30
202308003,专业资料室,1,静音研读间,27-09,2026-05-15 14:34:00,2026-05-15 17:05:00,0,1,gen_20260922_200_30
202203003,专业资料室,1,二号自习区,35-19,2026-05-15 15:10:00,2026-05-15 17:27:00,0,1,gen_20260922_200_30
202203003,专业资料室,4,二号自习区,17-01,2026-05-15 20:20:00,2026-05-15 22:29:00,0,1,gen_20260922_200_30
202201014,南苑分馆,3,二号自习区,19-01,2026-05-15 20:21:00,2026-05-15 21:46:00,0,1,gen_20260922_200_30
202202003,南苑分馆,4,三层开架区,20-01,2026-05-15 14:27:00,2026-05-15 16:47:00,0,1,gen_20260922_200_30
202203004,中心图书馆,2,电子阅览区,17-21,2026-05-15 19:21:00,2026-05-15 21:22:00,0,1,gen_20260922_200_30
202205003,专业资料室,1,三层开架区,03-24,2026-05-15 15:03:00,2026-05-15 16:21:00,0,1,gen_20260922_200_30
202401006,中心图书馆,3,电子阅览区,08-23,2026-05-15 14:43:00,2026-05-15 17:44:00,1,1,gen_20260922_200_30
202401006,中心图书馆,5,三层开架区,23-20,2026-05-15 18:43:00,2026-05-15 19:44:00,0,1,gen_20260922_200_30
202201015,南苑分馆,2,三层开架区,12-13,2026-05-15 14:44:00,2026-05-15 16:55:00,0,1,gen_20260922_200_30
202201015,专业资料室,5,一号自习区,27-09,2026-05-15 20:45:00,2026-05-15 21:32:00,0,1,gen_20260922_200_30
202307004,中心图书馆,1,电子阅览区,12-15,2026-05-15 20:47:00,2026-05-15 21:38:00,0,1,gen_20260922_200_30
202208002,专业资料室,4,一号自习区,09-19,2026-05-15 13:41:00,2026-05-15 14:38:00,0,1,gen_20260922_200_30
202208002,中心图书馆,1,三层开架区,37-02,2026-05-15 21:04:00,2026-05-15 21:34:00,0,1,gen_20260922_200_30
202406001,南苑分馆,2,报刊阅览室,23-02,2026-05-15 20:31:00,2026-05-15 21:46:00,0,1,gen_20260922_200_30
202106001,专业资料室,3,静音研读间,10-16,2026-05-15 19:24:00,2026-05-15 20:49:00,0,1,gen_20260922_200_30
202106001,南苑分馆,5,报刊阅览室,37-17,2026-05-15 21:42:00,2026-05-15 22:29:00,0,1,gen_20260922_200_30
202204004,专业资料室,4,报刊阅览室,28-16,2026-05-15 14:07:00,2026-05-15 15:28:00,0,1,gen_20260922_200_30
202204004,专业资料室,4,三层开架区,32-05,2026-05-15 17:40:00,2026-05-15 19:20:00,0,1,gen_20260922_200_30
202406002,中心图书馆,3,报刊阅览室,04-09,2026-05-15 14:01:00,2026-05-15 15:05:00,0,1,gen_20260922_200_30
202406002,中心图书馆,5,静音研读间,25-01,2026-05-15 19:00:00,2026-05-15 20:40:00,0,1,gen_20260922_200_30
202101003,南苑分馆,1,二号自习区,22-01,2026-05-15 17:24:00,2026-05-15 20:18:00,1,1,gen_20260922_200_30
202101003,专业资料室,1,二号自习区,38-06,2026-05-15 21:09:00,2026-05-15 22:29:00,0,1,gen_20260922_200_30
202101004,中心图书馆,4,二号自习区,19-14,2026-05-15 19:54:00,2026-05-15 20:27:00,0,1,gen_20260922_200_30
202403006,中心图书馆,5,电子阅览区,11-05,2026-05-15 13:39:00,2026-05-15 16:37:00,0,1,gen_20260922_200_30
202403006,中心图书馆,1,一号自习区,29-20,2026-05-15 17:40:00,2026-05-15 21:40:00,1,1,gen_20260922_200_30
202103001,南苑分馆,4,电子阅览区,16-19,2026-05-15 09:10:00,2026-05-15 09:59:00,0,1,gen_20260922_200_30
202103001,专业资料室,5,一号自习区,08-04,2026-05-15 17:40:00,2026-05-15 19:42:00,1,1,gen_20260922_200_30
202303009,中心图书馆,2,三层开架区,11-15,2026-05-15 15:25:00,2026-05-15 19:25:00,1,1,gen_20260922_200_30
202303009,南苑分馆,3,静音研读间,38-22,2026-05-15 19:45:00,2026-05-15 21:48:00,0,1,gen_20260922_200_30
202108002,南苑分馆,2,三层开架区,19-20,2026-05-15 15:16:00,2026-05-15 16:09:00,0,1,gen_20260922_200_30
202403007,南苑分馆,3,一号自习区,01-16,2026-05-15 14:53:00,2026-05-15 15:45:00,0,1,gen_20260922_200_30
202203005,专业资料室,1,静音研读间,16-21,2026-05-15 18:23:00,2026-05-15 20:49:00,1,1,gen_20260922_200_30
202203005,中心图书馆,5,一号自习区,14-12,2026-05-15 21:22:00,2026-05-15 22:29:00,0,1,gen_20260922_200_30
202305001,中心图书馆,4,一号自习区,22-04,2026-05-15 15:38:00,2026-05-15 17:36:00,0,1,gen_20260922_200_30
202303010,专业资料室,3,三层开架区,06-08,2026-05-15 16:38:00,2026-05-15 17:24:00,0,1,gen_20260922_200_30
202303010,专业资料室,4,报刊阅览室,29-22,2026-05-15 21:26:00,2026-05-15 22:29:00,0,1,gen_20260922_200_30
202105001,专业资料室,1,三层开架区,29-12,2026-05-15 16:55:00,2026-05-15 18:41:00,0,1,gen_20260922_200_30
202105001,南苑分馆,4,一号自习区,17-15,2026-05-15 18:47:00,,0,1,gen_20260922_200_30
202205004,专业资料室,5,三层开架区,23-10,2026-05-15 17:40:00,2026-05-15 19:19:00,0,1,gen_20260922_200_30
202205004,专业资料室,1,一号自习区,39-24,2026-05-15 19:51:00,2026-05-15 22:29:00,0,1,gen_20260922_200_30
202201016,专业资料室,5,三层开架区,11-10,2026-05-15 17:40:00,2026-05-15 19:17:00,0,1,gen_20260922_200_30
202201016,中心图书馆,5,静音研读间,06-05,2026-05-15 19:45:00,2026-05-15 22:29:00,0,1,gen_20260922_200_30
202206003,中心图书馆,5,报刊阅览室,27-24,2026-05-15 13:59:00,2026-05-15 17:59:00,1,1,gen_20260922_200_30
202206003,中心图书馆,1,静音研读间,35-19,2026-05-15 18:56:00,2026-05-15 21:46:00,0,1,gen_20260922_200_30
202107002,南苑分馆,2,报刊阅览室,19-11,2026-05-15 15:23:00,2026-05-15 17:03:00,0,1,gen_20260922_200_30
202107002,南苑分馆,2,二号自习区,23-14,2026-05-15 17:40:00,2026-05-15 19:11:00,0,1,gen_20260922_200_30
202404002,中心图书馆,5,二号自习区,18-06,2026-05-15 14:37:00,2026-05-15 17:50:00,1,1,gen_20260922_200_30
202404002,专业资料室,5,二号自习区,11-23,2026-05-15 18:42:00,2026-05-15 19:41:00,0,1,gen_20260922_200_30
202303011,中心图书馆,5,报刊阅览室,17-13,2026-05-15 15:59:00,2026-05-15 17:11:00,0,1,gen_20260922_200_30
202303011,南苑分馆,4,三层开架区,06-08,2026-05-15 21:54:00,2026-05-15 22:29:00,0,1,gen_20260922_200_30
202402003,南苑分馆,2,报刊阅览室,34-10,2026-05-15 17:40:00,2026-05-15 18:32:00,0,1,gen_20260922_200_30
202402003,专业资料室,1,电子阅览区,07-01,2026-05-15 21:22:00,2026-05-15 22:29:00,0,1,gen_20260922_200_30
202204005,专业资料室,3,电子阅览区,16-19,2026-05-15 15:56:00,2026-05-15 18:08:00,1,1,gen_20260922_200_30
202204005,南苑分馆,3,报刊阅览室,09-15,2026-05-15 20:12:00,2026-05-15 22:29:00,0,1,gen_20260922_200_30
202102003,南苑分馆,4,静音研读间,11-23,2026-05-15 17:40:00,2026-05-15 19:00:00,0,1,gen_20260922_200_30
202102003,中心图书馆,3,静音研读间,37-19,2026-05-15 20:15:00,2026-05-15 22:29:00,0,1,gen_20260922_200_30
202104003,专业资料室,3,静音研读间,25-05,2026-05-15 19:10:00,2026-05-15 20:50:00,0,1,gen_20260922_200_30
202301007,专业资料室,1,静音研读间,03-15,2026-05-15 17:40:00,2026-05-15 18:53:00,0,1,gen_20260922_200_30
202301007,专业资料室,1,报刊阅览室,35-08,2026-05-15 20:15:00,2026-05-15 22:29:00,0,1,gen_20260922_200_30
202303012,专业资料室,4,电子阅览区,10-17,2026-05-15 13:29:00,2026-05-15 14:06:00,0,1,gen_20260922_200_30
202102004,南苑分馆,5,电子阅览区,26-08,2026-05-15 14:03:00,2026-05-15 14:39:00,0,1,gen_20260922_200_30
202402004,中心图书馆,5,三层开架区,28-06,2026-05-15 17:40:00,2026-05-15 21:02:00,1,1,gen_20260922_200_30
202402004,中心图书馆,5,电子阅览区,29-22,2026-05-15 21:21:00,2026-05-15 22:29:00,0,1,gen_20260922_200_30
202203006,专业资料室,1,静音研读间,33-18,2026-05-15 16:00:00,2026-05-15 17:30:00,0,1,gen_20260922_200_30
202201017,中心图书馆,5,静音研读间,39-04,2026-05-15 15:08:00,2026-05-15 17:25:00,0,1,gen_20260922_200_30
202201017,中心图书馆,5,电子阅览区,06-03,2026-05-15 17:40:00,2026-05-15 18:47:00,0,1,gen_20260922_200_30
202205006,专业资料室,4,报刊阅览室,35-21,2026-05-15 15:40:00,2026-05-15 16:27:00,0,1,gen_20260922_200_30
202205006,南苑分馆,3,报刊阅览室,11-19,2026-05-15 17:40:00,2026-05-15 18:36:00,0,1,gen_20260922_200_30
202402005,中心图书馆,2,二号自习区,16-20,2026-05-15 17:40:00,2026-05-15 19:04:00,0,1,gen_20260922_200_30
202402005,专业资料室,5,静音研读间,35-02,2026-05-15 19:53:00,2026-05-15 22:29:00,0,1,gen_20260922_200_30
202306005,专业资料室,2,二号自习区,04-11,2026-05-15 15:24:00,2026-05-15 17:41:00,1,1,gen_20260922_200_30
202306005,中心图书馆,1,二号自习区,03-06,2026-05-15 18:38:00,2026-05-15 22:29:00,1,1,gen_20260922_200_30
202402006,中心图书馆,2,静音研读间,04-07,2026-05-15 17:40:00,2026-05-15 18:54:00,0,1,gen_20260922_200_30
202402006,专业资料室,4,二号自习区,38-12,2026-05-15 20:57:00,2026-05-15 22:29:00,0,1,gen_20260922_200_30
202405002,南苑分馆,5,电子阅览区,18-13,2026-05-15 15:47:00,2026-05-15 18:41:00,1,1,gen_20260922_200_30
202405002,南苑分馆,1,三层开架区,15-03,2026-05-15 19:33:00,2026-05-15 21:57:00,0,1,gen_20260922_200_30
202403008,南苑分馆,5,一号自习区,11-05,2026-05-15 15:41:00,2026-05-15 16:11:00,0,1,gen_20260922_200_30
202301008,中心图书馆,1,一号自习区,01-16,2026-05-15 17:40:00,2026-05-15 19:16:00,0,1,gen_20260922_200_30
202301008,中心图书馆,1,一号自习区,39-20,2026-05-15 20:34:00,2026-05-15 22:29:00,0,1,gen_20260922_200_30
202106002,中心图书馆,4,三层开架区,09-04,2026-05-15 19:48:00,2026-05-15 21:32:00,0,1,gen_20260922_200_30
202201018,专业资料室,5,三层开架区,29-06,2026-05-15 18:28:00,2026-05-15 19:34:00,0,1,gen_20260922_200_30
202203007,中心图书馆,2,电子阅览区,37-05,2026-05-15 14:41:00,2026-05-15 15:15:00,0,1,gen_20260922_200_30
202203007,中心图书馆,4,三层开架区,21-08,2026-05-15 17:40:00,2026-05-15 18:53:00,0,1,gen_20260922_200_30
202204006,南苑分馆,3,电子阅览区,35-19,2026-05-15 16:48:00,2026-05-15 18:40:00,0,1,gen_20260922_200_30
202204006,专业资料室,4,一号自习区,34-09,2026-05-15 18:58:00,2026-05-15 19:54:00,0,1,gen_20260922_200_30
202202005,专业资料室,4,三层开架区,31-16,2026-05-15 15:15:00,2026-05-15 18:06:00,1,1,gen_20260922_200_30
202202005,南苑分馆,1,报刊阅览室,37-01,2026-05-15 18:39:00,2026-05-15 22:29:00,1,1,gen_20260922_200_30
202305003,中心图书馆,2,电子阅览区,34-13,2026-05-15 15:16:00,2026-05-15 16:23:00,0,1,gen_20260922_200_30
202108003,中心图书馆,5,三层开架区,03-16,2026-05-15 19:54:00,2026-05-15 20:51:00,0,1,gen_20260922_200_30
202402008,专业资料室,3,静音研读间,22-22,2026-05-15 14:57:00,2026-05-15 15:27:00,0,1,gen_20260922_200_30
202402008,南苑分馆,5,三层开架区,33-20,2026-05-15 17:40:00,2026-05-15 18:28:00,0,1,gen_20260922_200_30
202403010,专业资料室,1,静音研读间,25-16,2026-05-15 15:42:00,2026-05-15 18:55:00,1,1,gen_20260922_200_30
202403011,南苑分馆,3,静音研读间,19-04,2026-05-15 14:59:00,2026-05-15 18:59:00,1,1,gen_20260922_200_30
202403011,南苑分馆,2,二号自习区,31-06,2026-05-15 19:46:00,2026-05-15 20:47:00,0,1,gen_20260922_200_30
202403012,专业资料室,2,二号自习区,13-21,2026-05-15 15:54:00,2026-05-15 16:50:00,0,1,gen_20260922_200_30
202301009,南苑分馆,1,电子阅览区,24-08,2026-05-15 12:55:00,2026-05-15 14:58:00,0,1,gen_20260922_200_30
202301009,专业资料室,1,电子阅览区,35-13,2026-05-15 17:40:00,2026-05-15 20:04:00,1,1,gen_20260922_200_30
202204007,专业资料室,2,三层开架区,32-05,2026-05-15 15:08:00,2026-05-15 18:09:00,1,1,gen_20260922_200_30
202204007,南苑分馆,3,三层开架区,08-09,2026-05-15 18:47:00,2026-05-15 22:29:00,0,1,gen_20260922_200_30
202207002,中心图书馆,3,三层开架区,25-14,2026-05-15 14:31:00,2026-05-15 15:29:00,0,1,gen_20260922_200_30
202207002,专业资料室,3,三层开架区,32-15,2026-05-15 17:40:00,2026-05-15 20:03:00,1,1,gen_20260922_200_30
202207003,专业资料室,4,三层开架区,06-09,2026-05-15 17:40:00,2026-05-15 21:40:00,1,1,gen_20260922_200_30
202207003,中心图书馆,1,静音研读间,16-11,2026-05-15 21:55:00,2026-05-15 22:30:00,0,1,gen_20260922_200_30
202201019,中心图书馆,5,报刊阅览室,27-01,2026-05-15 14:27:00,2026-05-15 16:44:00,0,1,gen_20260922_200_30
202201019,专业资料室,5,静音研读间,33-05,2026-05-15 17:40:00,2026-05-15 21:33:00,1,1,gen_20260922_200_30
202203008,南苑分馆,4,二号自习区,32-06,2026-05-15 14:31:00,2026-05-15 16:25:00,0,1,gen_20260922_200_30
202201020,南苑分馆,4,一号自习区,29-09,2026-05-15 17:40:00,2026-05-15 19:12:00,0,1,gen_20260922_200_30
202201020,专业资料室,2,二号自习区,08-21,2026-05-15 20:05:00,2026-05-15 22:29:00,0,1,gen_20260922_200_30
202402009,南苑分馆,1,二号自习区,14-15,2026-05-15 15:14:00,2026-05-15 19:14:00,1,1,gen_20260922_200_30
202202006,中心图书馆,1,电子阅览区,39-03,2026-05-15 15:29:00,2026-05-15 16:28:00,0,1,gen_20260922_200_30
202304005,南苑分馆,2,电子阅览区,01-21,2026-05-15 19:30:00,2026-05-15 22:23:00,0,1,gen_20260922_200_30
202304005,南苑分馆,5,一号自习区,37-24,2026-05-15 21:55:00,2026-05-15 22:30:00,0,1,gen_20260922_200_30
202306006,专业资料室,2,一号自习区,08-17,2026-05-15 09:44:00,2026-05-15 10:58:00,0,1,gen_20260922_200_30
202105002,南苑分馆,2,一号自习区,19-06,2026-05-15 14:37:00,2026-05-15 16:19:00,0,1,gen_20260922_200_30
202105002,专业资料室,5,一号自习区,30-24,2026-05-15 20:38:00,2026-05-15 22:29:00,0,1,gen_20260922_200_30
202201021,专业资料室,1,二号自习区,08-16,2026-05-15 14:33:00,2026-05-15 16:52:00,0,1,gen_20260922_200_30
202302007,中心图书馆,3,一号自习区,22-20,2026-05-15 15:03:00,2026-05-15 15:42:00,0,1,gen_20260922_200_30
202302007,南苑分馆,3,电子阅览区,14-22,2026-05-15 17:40:00,2026-05-15 18:15:00,0,1,gen_20260922_200_30
202406003,南苑分馆,4,报刊阅览室,22-05,2026-05-15 17:40:00,2026-05-15 19:16:00,0,1,gen_20260922_200_30
202406003,南苑分馆,5,报刊阅览室,14-17,2026-05-15 19:42:00,2026-05-15 22:29:00,0,1,gen_20260922_200_30
202303013,南苑分馆,2,二号自习区,12-07,2026-05-15 18:03:00,2026-05-15 19:32:00,0,1,gen_20260922_200_30
202303013,专业资料室,5,静音研读间,05-12,2026-05-15 20:54:00,2026-05-15 22:29:00,0,1,gen_20260922_200_30
202401008,专业资料室,4,三层开架区,22-11,2026-05-15 17:42:00,2026-05-15 18:18:00,0,1,gen_20260922_200_30
202401008,南苑分馆,5,报刊阅览室,21-17,2026-05-15 20:39:00,2026-05-15 22:29:00,0,1,gen_20260922_200_30
202304007,中心图书馆,1,电子阅览区,32-14,2026-05-15 18:42:00,2026-05-15 20:22:00,0,1,gen_20260922_200_30
202304007,南苑分馆,3,报刊阅览室,02-10,2026-05-15 20:31:00,2026-05-15 21:20:00,0,1,gen_20260922_200_30
202304008,南苑分馆,4,三层开架区,34-11,2026-05-15 18:40:00,2026-05-15 19:16:00,0,1,gen_20260922_200_30
202406004,专业资料室,2,报刊阅览室,30-02,2026-05-15 17:40:00,2026-05-15 19:41:00,1,1,gen_20260922_200_30
202406004,南苑分馆,5,三层开架区,08-19,2026-05-15 19:49:00,2026-05-15 21:57:00,0,1,gen_20260922_200_30
202204008,中心图书馆,1,电子阅览区,39-15,2026-05-15 16:37:00,2026-05-15 18:24:00,0,1,gen_20260922_200_30
202204008,专业资料室,5,三层开架区,09-22,2026-05-15 19:30:00,2026-05-15 20:41:00,0,1,gen_20260922_200_30
202206004,专业资料室,3,二号自习区,21-03,2026-05-15 20:30:00,2026-05-15 21:21:00,0,1,gen_20260922_200_30
202407004,专业资料室,2,电子阅览区,38-02,2026-05-15 15:40:00,2026-05-15 17:01:00,0,1,gen_20260922_200_30
202407004,专业资料室,5,二号自习区,06-05,2026-05-15 20:01:00,2026-05-15 21:42:00,0,1,gen_20260922_200_30
202108004,专业资料室,3,一号自习区,29-06,2026-05-15 20:58:00,2026-05-15 22:29:00,0,1,gen_20260922_200_30
202108004,中心图书馆,4,三层开架区,30-03,2026-05-15 21:55:00,2026-05-15 22:30:00,0,1,gen_20260922_200_30
202205007,专业资料室,3,静音研读间,06-15,2026-05-15 14:12:00,2026-05-15 18:12:00,1,1,gen_20260922_200_30
202205007,专业资料室,4,一号自习区,26-03,2026-05-15 21:55:00,2026-05-15 22:30:00,0,1,gen_20260922_200_30
202402010,专业资料室,1,静音研读间,35-08,2026-05-15 15:00:00,2026-05-15 18:46:00,1,1,gen_20260922_200_30
202402010,中心图书馆,4,电子阅览区,14-22,2026-05-15 19:12:00,2026-05-15 21:22:00,0,1,gen_20260922_200_30
202301010,南苑分馆,3,二号自习区,18-07,2026-05-15 16:22:00,2026-05-15 17:09:00,0,1,gen_20260922_200_30
202306007,中心图书馆,1,二号自习区,22-22,2026-05-15 16:24:00,2026-05-15 17:56:00,0,1,gen_20260922_200_30
202306007,专业资料室,5,三层开架区,23-17,2026-05-15 18:51:00,2026-05-15 20:41:00,0,1,gen_20260922_200_30
202402011,专业资料室,5,三层开架区,30-09,2026-05-15 14:09:00,2026-05-15 16:19:00,0,1,gen_20260922_200_30
202402011,中心图书馆,2,电子阅览区,38-10,2026-05-15 19:07:00,2026-05-15 20:43:00,0,1,gen_20260922_200_30
202108005,南苑分馆,1,静音研读间,34-06,2026-05-15 13:10:00,2026-05-15 13:40:00,0,1,gen_20260922_200_30
202108005,专业资料室,2,一号自习区,32-22,2026-05-15 17:40:00,2026-05-15 18:47:00,0,1,gen_20260922_200_30
202408003,中心图书馆,3,一号自习区,30-16,2026-05-15 14:59:00,2026-05-15 16:17:00,0,1,gen_20260922_200_30
202408003,南苑分馆,5,报刊阅览室,33-12,2026-05-15 20:36:00,2026-05-15 21:10:00,0,1,gen_20260922_200_30
202304009,中心图书馆,3,二号自习区,21-07,2026-05-15 08:48:00,2026-05-15 10:23:00,0,1,gen_20260922_200_30
202401009,中心图书馆,1,二号自习区,33-06,2026-05-15 15:28:00,2026-05-15 16:16:00,0,1,gen_20260922_200_30
202401009,南苑分馆,4,静音研读间,30-24,2026-05-15 20:59:00,2026-05-15 22:29:00,0,1,gen_20260922_200_30
202108006,专业资料室,1,三层开架区,20-24,2026-05-15 20:09:00,2026-05-15 21:30:00,0,1,gen_20260922_200_30
202108006,中心图书馆,5,静音研读间,01-23,2026-05-15 21:55:00,2026-05-15 22:30:00,0,1,gen_20260922_200_30
202203010,南苑分馆,2,静音研读间,27-01,2026-05-15 15:49:00,2026-05-15 18:16:00,1,1,gen_20260922_200_30
202203010,专业资料室,3,一号自习区,39-20,2026-05-15 18:31:00,2026-05-15 19:37:00,0,1,gen_20260922_200_30
202306008,专业资料室,1,电子阅览区,23-16,2026-05-15 15:51:00,2026-05-15 17:09:00,0,1,gen_20260922_200_30
202306008,南苑分馆,5,电子阅览区,08-05,2026-05-15 17:40:00,2026-05-15 19:04:00,0,1,gen_20260922_200_30
202302008,专业资料室,2,报刊阅览室,11-07,2026-05-15 16:00:00,2026-05-15 17:31:00,0,1,gen_20260922_200_30
202302008,南苑分馆,1,二号自习区,36-17,2026-05-15 17:40:00,2026-05-15 18:44:00,0,1,gen_20260922_200_30
202304010,中心图书馆,2,电子阅览区,16-03,2026-05-15 17:26:00,2026-05-15 18:53:00,0,1,gen_20260922_200_30
202304010,南苑分馆,2,报刊阅览室,37-01,2026-05-15 19:51:00,2026-05-15 22:29:00,0,1,gen_20260922_200_30
202203011,南苑分馆,5,静音研读间,11-06,2026-05-15 14:04:00,2026-05-15 15:56:00,0,1,gen_20260922_200_30
202201022,专业资料室,3,三层开架区,34-24,2026-05-15 17:40:00,2026-05-15 21:40:00,1,1,gen_20260922_200_30
202201022,南苑分馆,4,报刊阅览室,18-04,2026-05-15 21:55:00,2026-05-15 22:30:00,0,1,gen_20260922_200_30
202407001,南苑分馆,5,电子阅览区,24-20,2026-05-15 16:16:00,2026-05-15 15:55:00,0,0,gen_20260922_200_30
202205001,专业资料室,2,一号自习区,33-08,2026-05-15 20:04:00,2026-05-17 11:46:00,0,0,gen_20260922_200_30
202201003,专业资料室,1,二号自习区,20-10,2026-05-15 21:55:00,2026-05-19 05:23:00,0,0,gen_20260922_200_30
202106001,南苑分馆,5,报刊阅览室,37-17,2026-05-15 21:42:00,2026-05-15 20:40:00,0,0,gen_20260922_200_30
202302007,南苑分馆,3,电子阅览区,14-22,2026-05-15 17:40:00,2026-05-18 13:47:00,0,0,gen_20260922_200_30
202203001,南苑分馆,4,三层开架区,08-15,2026-05-16 20:39:00,2026-05-16 21:36:00,0,1,gen_20260922_200_30
202301001,南苑分馆,2,二号自习区,32-17,2026-05-16 16:27:00,2026-05-16 17:18:00,0,1,gen_20260922_200_30
202302001,中心图书馆,2,一号自习区,32-01,2026-05-16 16:33:00,2026-05-16 18:01:00,0,1,gen_20260922_200_30
202102001,南苑分馆,5,电子阅览区,35-03,2026-05-16 15:38:00,2026-05-16 16:58:00,0,1,gen_20260922_200_30
202102001,专业资料室,3,报刊阅览室,28-13,2026-05-16 19:54:00,2026-05-16 21:26:00,0,1,gen_20260922_200_30
202102002,专业资料室,4,静音研读间,25-20,2026-05-16 17:40:00,2026-05-16 18:55:00,0,1,gen_20260922_200_30
202102002,中心图书馆,4,三层开架区,13-14,2026-05-16 21:52:00,2026-05-16 22:29:00,0,1,gen_20260922_200_30
202201002,专业资料室,2,三层开架区,33-08,2026-05-16 20:57:00,2026-05-16 22:29:00,0,1,gen_20260922_200_30
202304001,专业资料室,2,静音研读间,28-12,2026-05-16 20:32:00,2026-05-16 22:29:00,0,1,gen_20260922_200_30
202401001,南苑分馆,3,电子阅览区,09-12,2026-05-16 14:56:00,2026-05-16 15:43:00,0,1,gen_20260922_200_30
202407001,南苑分馆,2,电子阅览区,25-01,2026-05-16 08:52:00,2026-05-16 11:25:00,0,1,gen_20260922_200_30
202303002,南苑分馆,5,二号自习区,17-10,2026-05-16 20:06:00,2026-05-16 22:29:00,0,1,gen_20260922_200_30
202401002,南苑分馆,2,一号自习区,29-06,2026-05-16 19:48:00,2026-05-16 22:09:00,0,1,gen_20260922_200_30
202201003,专业资料室,3,电子阅览区,13-01,2026-05-16 16:01:00,2026-05-16 17:23:00,0,1,gen_20260922_200_30
202201004,南苑分馆,3,二号自习区,18-01,2026-05-16 16:03:00,2026-05-16 18:06:00,1,1,gen_20260922_200_30
202104002,专业资料室,5,二号自习区,29-05,2026-05-16 14:29:00,2026-05-16 15:10:00,0,1,gen_20260922_200_30
202307001,南苑分馆,4,静音研读间,20-03,2026-05-16 13:19:00,2026-05-16 15:57:00,0,1,gen_20260922_200_30
202307001,中心图书馆,4,三层开架区,01-10,2026-05-16 17:40:00,2026-05-16 20:36:00,1,1,gen_20260922_200_30
202306001,专业资料室,5,二号自习区,25-09,2026-05-16 19:13:00,2026-05-16 19:45:00,0,1,gen_20260922_200_30
202303003,南苑分馆,4,一号自习区,21-06,2026-05-16 14:20:00,2026-05-16 17:58:00,1,1,gen_20260922_200_30
202201005,南苑分馆,3,二号自习区,38-20,2026-05-16 20:30:00,2026-05-16 22:29:00,0,1,gen_20260922_200_30
202302003,南苑分馆,1,电子阅览区,39-17,2026-05-16 15:49:00,2026-05-16 16:43:00,0,1,gen_20260922_200_30
202402002,专业资料室,2,报刊阅览室,23-19,2026-05-16 20:38:00,2026-05-16 22:20:00,0,1,gen_20260922_200_30
202303005,中心图书馆,5,一号自习区,16-05,2026-05-16 15:38:00,2026-05-16 17:05:00,0,1,gen_20260922_200_30
202303005,南苑分馆,2,一号自习区,33-12,2026-05-16 17:40:00,2026-05-16 18:46:00,0,1,gen_20260922_200_30
202201007,南苑分馆,2,报刊阅览室,25-04,2026-05-16 16:49:00,2026-05-16 19:14:00,1,1,gen_20260922_200_30
202306002,专业资料室,1,静音研读间,01-24,2026-05-16 09:37:00,2026-05-16 11:23:00,0,1,gen_20260922_200_30
202302004,中心图书馆,2,静音研读间,02-02,2026-05-16 20:05:00,2026-05-16 22:29:00,0,1,gen_20260922_200_30
202201008,中心图书馆,5,静音研读间,21-10,2026-05-16 19:32:00,2026-05-16 22:29:00,0,1,gen_20260922_200_30
202206001,专业资料室,3,三层开架区,16-07,2026-05-16 18:09:00,2026-05-16 19:54:00,0,1,gen_20260922_200_30
202307002,中心图书馆,2,静音研读间,36-08,2026-05-16 15:36:00,2026-05-16 16:34:00,0,1,gen_20260922_200_30
202302006,专业资料室,4,电子阅览区,24-19,2026-05-16 13:25:00,2026-05-16 15:27:00,0,1,gen_20260922_200_30
202302006,中心图书馆,5,报刊阅览室,29-20,2026-05-16 17:40:00,2026-05-16 21:40:00,1,1,gen_20260922_200_30
202403001,南苑分馆,3,电子阅览区,08-04,2026-05-16 15:03:00,2026-05-16 15:58:00,0,1,gen_20260922_200_30
202204001,南苑分馆,3,报刊阅览室,24-09,2026-05-16 14:39:00,2026-05-16 16:43:00,0,1,gen_20260922_200_30
202401003,专业资料室,3,电子阅览区,18-08,2026-05-16 19:41:00,2026-05-16 21:52:00,0,1,gen_20260922_200_30
202301003,中心图书馆,5,报刊阅览室,19-10,2026-05-16 17:40:00,2026-05-16 18:58:00,0,1,gen_20260922_200_30
202301003,专业资料室,1,一号自习区,13-01,2026-05-16 21:30:00,2026-05-16 22:29:00,0,1,gen_20260922_200_30
202201010,中心图书馆,3,二号自习区,08-10,2026-05-16 13:53:00,2026-05-16 17:53:00,1,1,gen_20260922_200_30
202201010,中心图书馆,3,报刊阅览室,35-08,2026-05-16 21:23:00,2026-05-16 22:29:00,0,1,gen_20260922_200_30
202204002,南苑分馆,4,报刊阅览室,17-03,2026-05-16 20:56:00,2026-05-16 22:22:00,0,1,gen_20260922_200_30
202205001,专业资料室,5,电子阅览区,30-09,2026-05-16 16:16:00,2026-05-16 17:29:00,0,1,gen_20260922_200_30
202205001,南苑分馆,5,一号自习区,31-20,2026-05-16 17:40:00,2026-05-16 18:56:00,0,1,gen_20260922_200_30
202203002,南苑分馆,2,报刊阅览室,12-06,2026-05-16 20:15:00,2026-05-16 22:29:00,0,1,gen_20260922_200_30
202304003,中心图书馆,2,静音研读间,20-17,2026-05-16 20:05:00,2026-05-16 21:29:00,0,1,gen_20260922_200_30
202205002,南苑分馆,5,电子阅览区,22-16,2026-05-16 13:57:00,2026-05-16 16:19:00,0,1,gen_20260922_200_30
202205002,南苑分馆,3,三层开架区,11-22,2026-05-16 19:49:00,2026-05-16 22:29:00,0,1,gen_20260922_200_30
202407003,专业资料室,5,一号自习区,24-16,2026-05-16 19:39:00,2026-05-16 22:29:00,0,1,gen_20260922_200_30
202301005,中心图书馆,1,静音研读间,28-20,2026-05-16 09:37:00,2026-05-16 11:34:00,0,1,gen_20260922_200_30
202101002,南苑分馆,2,静音研读间,06-20,2026-05-16 16:23:00,2026-05-16 20:23:00,1,1,gen_20260922_200_30
202108001,专业资料室,1,静音研读间,04-16,2026-05-16 15:20:00,2026-05-16 15:56:00,0,1,gen_20260922_200_30
202301006,专业资料室,5,电子阅览区,22-05,2026-05-16 19:27:00,2026-05-16 22:29:00,0,1,gen_20260922_200_30
202303007,中心图书馆,3,报刊阅览室,09-20,2026-05-16 10:12:00,2026-05-16 12:39:00,1,1,gen_20260922_200_30
202303007,中心图书馆,4,报刊阅览室,30-16,2026-05-16 19:26:00,2026-05-16 22:29:00,0,1,gen_20260922_200_30
202303008,专业资料室,5,一号自习区,16-23,2026-05-16 13:54:00,2026-05-16 14:37:00,0,1,gen_20260922_200_30
202201013,专业资料室,2,电子阅览区,35-03,2026-05-16 15:30:00,2026-05-16 19:30:00,1,1,gen_20260922_200_30
202403005,中心图书馆,3,静音研读间,16-22,2026-05-16 17:28:00,2026-05-16 19:00:00,0,1,gen_20260922_200_30
202401005,南苑分馆,3,报刊阅览室,24-17,2026-05-16 14:39:00,2026-05-16 15:42:00,0,1,gen_20260922_200_30
202206002,中心图书馆,5,二号自习区,24-17,2026-05-16 20:41:00,2026-05-16 22:14:00,0,1,gen_20260922_200_30
202203003,中心图书馆,4,报刊阅览室,36-14,2026-05-16 16:28:00,2026-05-16 18:34:00,1,1,gen_20260922_200_30
202202003,南苑分馆,5,报刊阅览室,25-13,2026-05-16 17:40:00,2026-05-16 20:01:00,1,1,gen_20260922_200_30
202202003,中心图书馆,1,电子阅览区,31-02,2026-05-16 20:46:00,2026-05-16 22:29:00,0,1,gen_20260922_200_30
202203004,中心图书馆,2,电子阅览区,16-20,2026-05-16 16:23:00,2026-05-16 16:53:00,0,1,gen_20260922_200_30
202203004,中心图书馆,5,二号自习区,14-06,2026-05-16 17:40:00,2026-05-16 18:46:00,0,1,gen_20260922_200_30
202205003,专业资料室,2,报刊阅览室,16-19,2026-05-16 16:58:00,2026-05-16 19:03:00,1,1,gen_20260922_200_30
202401006,南苑分馆,5,一号自习区,22-01,2026-05-16 15:38:00,2026-05-16 17:48:00,1,1,gen_20260922_200_30
202401006,南苑分馆,4,二号自习区,24-12,2026-05-16 19:59:00,2026-05-16 21:31:00,0,1,gen_20260922_200_30
202201015,南苑分馆,5,三层开架区,07-15,2026-05-16 14:27:00,2026-05-16 16:58:00,0,1,gen_20260922_200_30
202307004,专业资料室,3,静音研读间,31-08,2026-05-16 18:45:00,2026-05-16 20:00:00,0,1,gen_20260922_200_30
202307004,南苑分馆,1,三层开架区,29-14,2026-05-16 20:57:00,2026-05-16 22:29:00,0,1,gen_20260922_200_30
202208002,专业资料室,5,二号自习区,18-23,2026-05-16 09:07:00,2026-05-16 10:17:00,0,1,gen_20260922_200_30
202106001,专业资料室,2,报刊阅览室,36-06,2026-05-16 14:57:00,2026-05-16 18:40:00,1,1,gen_20260922_200_30
202204004,专业资料室,1,二号自习区,02-20,2026-05-16 20:02:00,2026-05-16 21:25:00,0,1,gen_20260922_200_30
202406002,南苑分馆,4,静音研读间,15-08,2026-05-16 21:08:00,2026-05-16 21:43:00,0,1,gen_20260922_200_30
202403006,中心图书馆,4,二号自习区,31-18,2026-05-16 15:59:00,2026-05-16 19:59:00,1,1,gen_20260922_200_30
202103001,专业资料室,1,一号自习区,28-13,2026-05-16 15:09:00,2026-05-16 16:45:00,0,1,gen_20260922_200_30
202303009,专业资料室,1,二号自习区,27-08,2026-05-16 13:50:00,2026-05-16 15:47:00,0,1,gen_20260922_200_30
202303009,南苑分馆,3,一号自习区,13-23,2026-05-16 17:40:00,2026-05-16 21:01:00,1,1,gen_20260922_200_30
202403007,专业资料室,4,一号自习区,29-06,2026-05-16 16:21:00,2026-05-16 18:58:00,1,1,gen_20260922_200_30
202403007,专业资料室,4,三层开架区,10-15,2026-05-16 19:55:00,2026-05-16 22:29:00,0,1,gen_20260922_200_30
202203005,专业资料室,3,电子阅览区,04-13,2026-05-16 12:46:00,2026-05-16 15:07:00,0,1,gen_20260922_200_30
202105001,中心图书馆,2,电子阅览区,22-24,2026-05-16 15:51:00,2026-05-16 18:06:00,1,1,gen_20260922_200_30
202205004,专业资料室,4,一号自习区,05-22,2026-05-16 14:50:00,2026-05-16 18:50:00,1,1,gen_20260922_200_30
202205005,南苑分馆,1,三层开架区,36-18,2026-05-16 13:01:00,2026-05-16 15:25:00,0,1,gen_20260922_200_30
202201016,专业资料室,1,电子阅览区,34-01,2026-05-16 13:46:00,2026-05-16 17:46:00,1,1,gen_20260922_200_30
202206003,专业资料室,3,三层开架区,26-19,2026-05-16 15:12:00,2026-05-16 19:12:00,1,1,gen_20260922_200_30
202107002,中心图书馆,3,报刊阅览室,12-10,2026-05-16 20:20:00,2026-05-16 21:31:00,0,1,gen_20260922_200_30
202404002,中心图书馆,5,报刊阅览室,01-11,2026-05-16 20:06:00,2026-05-16 20:48:00,0,1,gen_20260922_200_30
202404002,中心图书馆,5,三层开架区,15-01,2026-05-16 20:56:00,2026-05-16 22:29:00,0,1,gen_20260922_200_30
202303011,南苑分馆,4,二号自习区,26-09,2026-05-16 20:15:00,2026-05-16 20:45:00,0,1,gen_20260922_200_30
202402003,专业资料室,4,静音研读间,05-13,2026-05-16 21:07:00,2026-05-16 22:29:00,0,1,gen_20260922_200_30
202102004,专业资料室,3,电子阅览区,07-04,2026-05-16 19:04:00,2026-05-16 20:08:00,0,1,gen_20260922_200_30
202102004,南苑分馆,1,电子阅览区,36-19,2026-05-16 21:55:00,2026-05-16 22:30:00,0,1,gen_20260922_200_30
202402004,中心图书馆,1,报刊阅览室,12-11,2026-05-16 13:32:00,2026-05-16 15:16:00,0,1,gen_20260922_200_30
202205006,专业资料室,3,报刊阅览室,21-20,2026-05-16 15:37:00,2026-05-16 16:07:00,0,1,gen_20260922_200_30
202402005,专业资料室,5,报刊阅览室,39-21,2026-05-16 19:08:00,2026-05-16 19:59:00,0,1,gen_20260922_200_30
202306005,南苑分馆,5,二号自习区,25-06,2026-05-16 15:01:00,2026-05-16 17:21:00,0,1,gen_20260922_200_30
202402006,专业资料室,4,一号自习区,12-17,2026-05-16 16:13:00,2026-05-16 17:59:00,0,1,gen_20260922_200_30
202402006,南苑分馆,1,静音研读间,37-11,2026-05-16 18:26:00,2026-05-16 19:26:00,0,1,gen_20260922_200_30
202301008,中心图书馆,5,二号自习区,02-21,2026-05-16 08:38:00,2026-05-16 09:53:00,0,1,gen_20260922_200_30
202106002,专业资料室,5,三层开架区,19-05,2026-05-16 14:27:00,2026-05-16 16:37:00,0,1,gen_20260922_200_30
202402007,中心图书馆,1,三层开架区,31-10,2026-05-16 15:39:00,2026-05-16 18:52:00,1,1,gen_20260922_200_30
202202005,中心图书馆,4,电子阅览区,02-22,2026-05-16 15:02:00,2026-05-16 18:07:00,1,1,gen_20260922_200_30
202402008,南苑分馆,5,电子阅览区,01-02,2026-05-16 20:14:00,2026-05-16 20:52:00,0,1,gen_20260922_200_30
202403010,专业资料室,4,二号自习区,18-09,2026-05-16 14:47:00,2026-05-16 18:47:00,1,1,gen_20260922_200_30
202403010,南苑分馆,4,电子阅览区,01-18,2026-05-16 18:59:00,2026-05-16 20:46:00,0,1,gen_20260922_200_30
202403012,专业资料室,4,报刊阅览室,15-05,2026-05-16 16:44:00,2026-05-16 17:19:00,0,1,gen_20260922_200_30
202204007,南苑分馆,3,报刊阅览室,39-23,2026-05-16 14:46:00,2026-05-16 16:43:00,0,1,gen_20260922_200_30
202204007,南苑分馆,5,静音研读间,17-13,2026-05-16 18:21:00,2026-05-16 22:21:00,1,1,gen_20260922_200_30
202201019,专业资料室,3,静音研读间,14-06,2026-05-16 14:13:00,2026-05-16 18:13:00,1,1,gen_20260922_200_30
202203008,南苑分馆,3,报刊阅览室,24-15,2026-05-16 18:52:00,2026-05-16 21:04:00,0,1,gen_20260922_200_30
202201020,专业资料室,2,电子阅览区,37-10,2026-05-16 19:21:00,2026-05-16 21:46:00,0,1,gen_20260922_200_30
202201020,南苑分馆,3,二号自习区,11-20,2026-05-16 21:55:00,2026-05-16 22:30:00,0,1,gen_20260922_200_30
202304005,南苑分馆,5,静音研读间,03-08,2026-05-16 14:28:00,2026-05-16 18:28:00,1,1,gen_20260922_200_30
202304005,南苑分馆,4,电子阅览区,15-04,2026-05-16 18:56:00,2026-05-16 19:33:00,0,1,gen_20260922_200_30
202408002,中心图书馆,4,静音研读间,08-19,2026-05-16 15:56:00,2026-05-16 16:46:00,0,1,gen_20260922_200_30
202306006,中心图书馆,3,二号自习区,04-10,2026-05-16 14:16:00,2026-05-16 17:13:00,0,1,gen_20260922_200_30
202105002,中心图书馆,2,一号自习区,09-03,2026-05-16 15:55:00,2026-05-16 19:55:00,1,1,gen_20260922_200_30
202304006,中心图书馆,4,一号自习区,08-20,2026-05-16 13:25:00,2026-05-16 13:55:00,0,1,gen_20260922_200_30
202302007,南苑分馆,3,二号自习区,03-23,2026-05-16 19:21:00,2026-05-16 21:37:00,0,1,gen_20260922_200_30
202406003,中心图书馆,5,一号自习区,22-23,2026-05-16 19:15:00,2026-05-16 20:20:00,0,1,gen_20260922_200_30
202303013,专业资料室,2,报刊阅览室,33-21,2026-05-16 19:53:00,2026-05-16 21:41:00,0,1,gen_20260922_200_30
202401008,南苑分馆,4,三层开架区,38-11,2026-05-16 15:55:00,2026-05-16 16:43:00,0,1,gen_20260922_200_30
202304007,专业资料室,1,报刊阅览室,23-13,2026-05-16 13:15:00,2026-05-16 15:16:00,0,1,gen_20260922_200_30
202304007,中心图书馆,3,一号自习区,28-02,2026-05-16 17:40:00,2026-05-16 19:51:00,1,1,gen_20260922_200_30
202304008,南苑分馆,1,电子阅览区,30-12,2026-05-16 13:36:00,2026-05-16 14:29:00,0,1,gen_20260922_200_30
202406004,专业资料室,4,三层开架区,34-18,2026-05-16 20:07:00,2026-05-16 22:29:00,0,1,gen_20260922_200_30
202204008,专业资料室,2,静音研读间,17-19,2026-05-16 15:06:00,2026-05-16 16:41:00,0,1,gen_20260922_200_30
202206004,专业资料室,3,电子阅览区,25-08,2026-05-16 15:07:00,2026-05-16 18:04:00,1,1,gen_20260922_200_30
202204009,专业资料室,1,电子阅览区,33-18,2026-05-16 20:23:00,2026-05-16 21:26:00,0,1,gen_20260922_200_30
202407004,南苑分馆,4,电子阅览区,34-19,2026-05-16 17:40:00,2026-05-16 18:54:00,0,1,gen_20260922_200_30
202407004,南苑分馆,3,三层开架区,26-24,2026-05-16 20:26:00,2026-05-16 22:29:00,0,1,gen_20260922_200_30
202301010,专业资料室,4,电子阅览区,33-21,2026-05-16 15:21:00,2026-05-16 17:56:00,1,1,gen_20260922_200_30
202402011,中心图书馆,2,一号自习区,22-18,2026-05-16 14:45:00,2026-05-16 18:06:00,1,1,gen_20260922_200_30
202108005,中心图书馆,4,三层开架区,11-23,2026-05-16 13:35:00,2026-05-16 14:44:00,0,1,gen_20260922_200_30
202203010,中心图书馆,1,一号自习区,28-12,2026-05-16 17:40:00,2026-05-16 19:41:00,1,1,gen_20260922_200_30
202203010,南苑分馆,4,静音研读间,04-15,2026-05-16 19:55:00,2026-05-16 21:42:00,0,1,gen_20260922_200_30
202101006,南苑分馆,5,静音研读间,31-11,2026-05-16 16:01:00,2026-05-16 16:31:00,0,1,gen_20260922_200_30
202406005,中心图书馆,3,二号自习区,13-14,2026-05-16 18:34:00,2026-05-16 19:31:00,0,1,gen_20260922_200_30
202302008,中心图书馆,2,报刊阅览室,06-09,2026-05-16 08:41:00,2026-05-16 12:27:00,1,1,gen_20260922_200_30
202302008,南苑分馆,2,电子阅览区,05-23,2026-05-16 19:33:00,2026-05-16 20:37:00,0,1,gen_20260922_200_30
202304010,中心图书馆,5,一号自习区,12-09,2026-05-16 18:01:00,2026-05-16 20:56:00,1,1,gen_20260922_200_30
202203011,专业资料室,2,二号自习区,29-22,2026-05-16 15:03:00,2026-05-16 16:04:00,0,1,gen_20260922_200_30
202203011,南苑分馆,3,报刊阅览室,23-03,2026-05-16 21:10:00,2026-05-16 22:11:00,0,1,gen_20260922_200_30
202201022,专业资料室,2,静音研读间,24-14,2026-05-16 19:41:00,2026-05-16 20:53:00,0,1,gen_20260922_200_30
202201022,专业资料室,2,静音研读间,23-24,2026-05-16 21:19:00,2026-05-16 22:29:00,0,1,gen_20260922_200_30
202206003,专业资料室,3,三层开架区,26-19,2026-05-16 15:12:00,2026-05-16 14:29:00,1,0,gen_20260922_200_30
202304007,中心图书馆,3,一号自习区,28-02,2026-05-16 17:40:00,2026-05-19 05:16:00,1,0,gen_20260922_200_30
202203001,南苑分馆,5,报刊阅览室,28-05,2026-05-17 19:19:00,2026-05-17 22:14:00,0,1,gen_20260922_200_30
202203001,专业资料室,5,二号自习区,31-01,2026-05-17 21:55:00,2026-05-17 22:30:00,0,1,gen_20260922_200_30
202301001,南苑分馆,5,三层开架区,08-05,2026-05-17 19:31:00,2026-05-17 20:26:00,0,1,gen_20260922_200_30
202308001,中心图书馆,1,电子阅览区,36-15,2026-05-17 17:40:00,2026-05-17 19:02:00,0,1,gen_20260922_200_30
202308001,中心图书馆,5,静音研读间,15-18,2026-05-17 20:02:00,2026-05-17 20:32:00,0,1,gen_20260922_200_30
202202001,专业资料室,2,静音研读间,08-12,2026-05-17 08:59:00,2026-05-17 12:25:00,1,1,gen_20260922_200_30
202102002,中心图书馆,3,二号自习区,28-10,2026-05-17 14:59:00,2026-05-17 18:59:00,1,1,gen_20260922_200_30
202201001,中心图书馆,4,一号自习区,02-02,2026-05-17 14:48:00,2026-05-17 15:34:00,0,1,gen_20260922_200_30
202201002,南苑分馆,2,二号自习区,06-10,2026-05-17 20:03:00,2026-05-17 20:33:00,0,1,gen_20260922_200_30
202303001,南苑分馆,3,静音研读间,15-08,2026-05-17 15:44:00,2026-05-17 16:47:00,0,1,gen_20260922_200_30
202303001,专业资料室,3,一号自习区,26-19,2026-05-17 17:40:00,2026-05-17 21:40:00,1,1,gen_20260922_200_30
202401001,中心图书馆,3,二号自习区,23-23,2026-05-17 16:52:00,2026-05-17 18:11:00,0,1,gen_20260922_200_30
202407001,中心图书馆,2,三层开架区,33-24,2026-05-17 20:51:00,2026-05-17 22:29:00,0,1,gen_20260922_200_30
202407001,南苑分馆,2,三层开架区,07-04,2026-05-17 21:55:00,2026-05-17 22:30:00,0,1,gen_20260922_200_30
202401002,南苑分馆,1,静音研读间,30-04,2026-05-17 20:10:00,2026-05-17 22:29:00,0,1,gen_20260922_200_30
202307001,南苑分馆,5,报刊阅览室,08-23,2026-05-17 15:35:00,2026-05-17 18:34:00,1,1,gen_20260922_200_30
202307001,南苑分馆,2,静音研读间,20-03,2026-05-17 19:21:00,2026-05-17 21:17:00,0,1,gen_20260922_200_30
202402001,专业资料室,1,报刊阅览室,06-10,2026-05-17 15:28:00,2026-05-17 18:13:00,1,1,gen_20260922_200_30
202306001,中心图书馆,5,三层开架区,37-02,2026-05-17 15:14:00,2026-05-17 17:06:00,0,1,gen_20260922_200_30
202306001,南苑分馆,4,报刊阅览室,13-06,2026-05-17 17:40:00,2026-05-17 19:04:00,0,1,gen_20260922_200_30
202303003,中心图书馆,2,静音研读间,27-01,2026-05-17 20:38:00,2026-05-17 22:13:00,0,1,gen_20260922_200_30
202208001,专业资料室,1,三层开架区,32-24,2026-05-17 15:46:00,2026-05-17 16:42:00,0,1,gen_20260922_200_30
202201005,南苑分馆,1,三层开架区,28-10,2026-05-17 17:40:00,2026-05-17 18:51:00,0,1,gen_20260922_200_30
202201005,南苑分馆,3,三层开架区,08-11,2026-05-17 19:56:00,2026-05-17 21:19:00,0,1,gen_20260922_200_30
202302003,专业资料室,4,报刊阅览室,03-14,2026-05-17 14:02:00,2026-05-17 14:32:00,0,1,gen_20260922_200_30
202201006,中心图书馆,3,三层开架区,11-09,2026-05-17 17:40:00,2026-05-17 20:21:00,1,1,gen_20260922_200_30
202201006,专业资料室,4,三层开架区,10-09,2026-05-17 21:35:00,2026-05-17 22:29:00,0,1,gen_20260922_200_30
202303004,南苑分馆,4,二号自习区,37-04,2026-05-17 13:59:00,2026-05-17 14:59:00,0,1,gen_20260922_200_30
202402002,南苑分馆,4,报刊阅览室,03-03,2026-05-17 14:19:00,2026-05-17 15:50:00,0,1,gen_20260922_200_30
202402002,中心图书馆,4,报刊阅览室,03-06,2026-05-17 17:40:00,2026-05-17 20:58:00,1,1,gen_20260922_200_30
202303005,专业资料室,5,三层开架区,27-22,2026-05-17 15:36:00,2026-05-17 17:18:00,0,1,gen_20260922_200_30
202303005,南苑分馆,1,报刊阅览室,10-23,2026-05-17 17:40:00,2026-05-17 21:40:00,1,1,gen_20260922_200_30
202301002,中心图书馆,4,二号自习区,36-20,2026-05-17 15:48:00,2026-05-17 17:52:00,1,1,gen_20260922_200_30
202404001,专业资料室,3,电子阅览区,11-20,2026-05-17 16:33:00,2026-05-17 17:16:00,0,1,gen_20260922_200_30
202302004,专业资料室,4,静音研读间,24-21,2026-05-17 17:05:00,2026-05-17 21:05:00,1,1,gen_20260922_200_30
202302004,南苑分馆,2,三层开架区,38-24,2026-05-17 21:27:00,2026-05-17 22:29:00,0,1,gen_20260922_200_30
202201008,专业资料室,2,二号自习区,39-23,2026-05-17 17:40:00,2026-05-17 18:27:00,0,1,gen_20260922_200_30
202201008,中心图书馆,3,一号自习区,16-15,2026-05-17 20:11:00,2026-05-17 21:54:00,0,1,gen_20260922_200_30
202302005,中心图书馆,5,一号自习区,24-05,2026-05-17 15:14:00,2026-05-17 16:33:00,0,1,gen_20260922_200_30
202206001,南苑分馆,2,报刊阅览室,20-11,2026-05-17 14:11:00,2026-05-17 15:46:00,0,1,gen_20260922_200_30
202302006,中心图书馆,3,报刊阅览室,09-10,2026-05-17 15:23:00,2026-05-17 19:23:00,1,1,gen_20260922_200_30
202204001,南苑分馆,2,电子阅览区,21-18,2026-05-17 12:50:00,2026-05-17 15:06:00,0,1,gen_20260922_200_30
202401003,南苑分馆,3,三层开架区,35-18,2026-05-17 21:55:00,2026-05-17 22:30:00,0,1,gen_20260922_200_30
202201009,南苑分馆,3,电子阅览区,32-15,2026-05-17 20:33:00,2026-05-17 22:29:00,0,1,gen_20260922_200_30
202301004,专业资料室,1,二号自习区,26-02,2026-05-17 07:30:00,2026-05-17 08:12:00,0,1,gen_20260922_200_30
202204002,南苑分馆,1,二号自习区,30-15,2026-05-17 20:46:00,2026-05-17 22:07:00,0,1,gen_20260922_200_30
202303006,中心图书馆,2,报刊阅览室,09-11,2026-05-17 15:24:00,2026-05-17 18:53:00,1,1,gen_20260922_200_30
202303006,南苑分馆,2,报刊阅览室,37-17,2026-05-17 19:23:00,2026-05-17 20:53:00,0,1,gen_20260922_200_30
202203002,专业资料室,4,静音研读间,23-01,2026-05-17 13:11:00,2026-05-17 14:01:00,0,1,gen_20260922_200_30
202101001,专业资料室,4,一号自习区,05-14,2026-05-17 19:20:00,2026-05-17 20:05:00,0,1,gen_20260922_200_30
202401004,南苑分馆,5,报刊阅览室,11-14,2026-05-17 21:55:00,2026-05-17 22:30:00,0,1,gen_20260922_200_30
202205002,南苑分馆,4,二号自习区,21-07,2026-05-17 20:42:00,2026-05-17 22:29:00,0,1,gen_20260922_200_30
202407003,专业资料室,4,二号自习区,26-06,2026-05-17 14:23:00,2026-05-17 16:05:00,0,1,gen_20260922_200_30
202407003,中心图书馆,2,三层开架区,21-21,2026-05-17 21:55:00,2026-05-17 22:30:00,0,1,gen_20260922_200_30
202101002,专业资料室,2,三层开架区,09-19,2026-05-17 15:43:00,2026-05-17 19:43:00,1,1,gen_20260922_200_30
202101002,南苑分馆,1,静音研读间,02-14,2026-05-17 19:59:00,2026-05-17 22:29:00,0,1,gen_20260922_200_30
202304004,南苑分馆,5,静音研读间,14-07,2026-05-17 20:08:00,2026-05-17 22:29:00,0,1,gen_20260922_200_30
202108001,中心图书馆,5,静音研读间,20-10,2026-05-17 19:23:00,2026-05-17 20:04:00,0,1,gen_20260922_200_30
202301006,专业资料室,3,三层开架区,24-20,2026-05-17 14:42:00,2026-05-17 15:48:00,0,1,gen_20260922_200_30
202303007,中心图书馆,3,二号自习区,34-23,2026-05-17 15:22:00,2026-05-17 17:51:00,1,1,gen_20260922_200_30
202303007,中心图书馆,4,静音研读间,04-19,2026-05-17 18:45:00,2026-05-17 22:29:00,0,1,gen_20260922_200_30
202201013,中心图书馆,1,静音研读间,34-19,2026-05-17 16:13:00,2026-05-17 17:13:00,0,1,gen_20260922_200_30
202201013,南苑分馆,1,二号自习区,17-23,2026-05-17 19:57:00,2026-05-17 21:22:00,0,1,gen_20260922_200_30
202403005,中心图书馆,4,报刊阅览室,26-03,2026-05-17 13:45:00,2026-05-17 14:56:00,0,1,gen_20260922_200_30
202206002,中心图书馆,5,报刊阅览室,19-16,2026-05-17 19:12:00,2026-05-17 21:15:00,0,1,gen_20260922_200_30
202308003,专业资料室,3,静音研读间,22-03,2026-05-17 15:26:00,2026-05-17 16:03:00,0,1,gen_20260922_200_30
202203003,中心图书馆,3,报刊阅览室,13-09,2026-05-17 13:52:00,2026-05-17 17:31:00,1,1,gen_20260922_200_30
202203003,南苑分馆,3,静音研读间,36-09,2026-05-17 19:26:00,2026-05-17 20:57:00,0,1,gen_20260922_200_30
202202003,专业资料室,4,报刊阅览室,18-03,2026-05-17 13:50:00,2026-05-17 16:46:00,0,1,gen_20260922_200_30
202202003,中心图书馆,2,报刊阅览室,26-14,2026-05-17 17:40:00,2026-05-17 20:28:00,1,1,gen_20260922_200_30
202205003,南苑分馆,3,三层开架区,12-08,2026-05-17 15:52:00,2026-05-17 17:05:00,0,1,gen_20260922_200_30
202201015,南苑分馆,5,三层开架区,39-01,2026-05-17 20:49:00,2026-05-17 22:29:00,0,1,gen_20260922_200_30
202406001,中心图书馆,1,电子阅览区,09-20,2026-05-17 15:40:00,2026-05-17 16:30:00,0,1,gen_20260922_200_30
202406002,专业资料室,4,报刊阅览室,39-21,2026-05-17 17:40:00,2026-05-17 19:18:00,0,1,gen_20260922_200_30
202406002,南苑分馆,1,电子阅览区,08-19,2026-05-17 21:26:00,2026-05-17 22:29:00,0,1,gen_20260922_200_30
202101003,专业资料室,5,报刊阅览室,06-24,2026-05-17 21:01:00,2026-05-17 22:29:00,0,1,gen_20260922_200_30
202101003,中心图书馆,1,二号自习区,01-02,2026-05-17 21:55:00,2026-05-17 22:30:00,0,1,gen_20260922_200_30
202101004,专业资料室,1,电子阅览区,27-12,2026-05-17 20:50:00,2026-05-17 21:29:00,0,1,gen_20260922_200_30
202303009,南苑分馆,4,报刊阅览室,13-05,2026-05-17 18:06:00,2026-05-17 22:06:00,1,1,gen_20260922_200_30
202303009,专业资料室,5,二号自习区,38-18,2026-05-17 21:55:00,2026-05-17 22:30:00,0,1,gen_20260922_200_30
202403007,专业资料室,2,二号自习区,25-17,2026-05-17 14:05:00,2026-05-17 15:20:00,0,1,gen_20260922_200_30
202403007,专业资料室,2,二号自习区,33-05,2026-05-17 17:40:00,2026-05-17 18:10:00,0,1,gen_20260922_200_30
202203005,南苑分馆,3,二号自习区,31-06,2026-05-17 15:31:00,2026-05-17 16:31:00,0,1,gen_20260922_200_30
202203005,中心图书馆,5,电子阅览区,13-21,2026-05-17 19:06:00,2026-05-17 20:35:00,0,1,gen_20260922_200_30
202303010,中心图书馆,5,三层开架区,22-13,2026-05-17 15:56:00,2026-05-17 18:37:00,1,1,gen_20260922_200_30
202105001,专业资料室,3,静音研读间,32-02,2026-05-17 14:36:00,2026-05-17 18:29:00,1,1,gen_20260922_200_30
202205004,南苑分馆,2,一号自习区,16-19,2026-05-17 20:59:00,2026-05-17 22:29:00,0,1,gen_20260922_200_30
202201016,南苑分馆,5,电子阅览区,26-21,2026-05-17 14:13:00,2026-05-17 18:08:00,1,1,gen_20260922_200_30
202206003,中心图书馆,5,报刊阅览室,23-17,2026-05-17 15:11:00,2026-05-17 19:11:00,1,1,gen_20260922_200_30
202206003,专业资料室,5,静音研读间,18-04,2026-05-17 19:36:00,2026-05-17 22:29:00,0,1,gen_20260922_200_30
202107002,专业资料室,5,三层开架区,18-21,2026-05-17 20:55:00,2026-05-17 22:29:00,0,1,gen_20260922_200_30
202308004,中心图书馆,2,一号自习区,11-02,2026-05-17 18:57:00,2026-05-17 19:50:00,0,1,gen_20260922_200_30
202308004,专业资料室,1,静音研读间,12-13,2026-05-17 20:24:00,2026-05-17 20:54:00,0,1,gen_20260922_200_30
202402003,南苑分馆,3,报刊阅览室,36-03,2026-05-17 15:34:00,2026-05-17 19:28:00,1,1,gen_20260922_200_30
202204005,专业资料室,3,三层开架区,38-10,2026-05-17 15:29:00,2026-05-17 17:36:00,1,1,gen_20260922_200_30
202301007,专业资料室,5,三层开架区,09-04,2026-05-17 14:53:00,2026-05-17 16:34:00,0,1,gen_20260922_200_30
202303012,中心图书馆,5,报刊阅览室,17-18,2026-05-17 19:39:00,2026-05-17 21:24:00,0,1,gen_20260922_200_30
202402004,中心图书馆,3,静音研读间,35-16,2026-05-17 17:40:00,2026-05-17 19:15:00,0,1,gen_20260922_200_30
202402004,专业资料室,5,报刊阅览室,33-04,2026-05-17 21:47:00,2026-05-17 22:29:00,0,1,gen_20260922_200_30
202201017,专业资料室,3,二号自习区,22-23,2026-05-17 14:06:00,2026-05-17 18:06:00,1,1,gen_20260922_200_30
202205006,中心图书馆,3,电子阅览区,24-20,2026-05-17 16:55:00,2026-05-17 17:53:00,0,1,gen_20260922_200_30
202402005,专业资料室,3,一号自习区,06-24,2026-05-17 17:40:00,2026-05-17 19:21:00,0,1,gen_20260922_200_30
202402005,中心图书馆,3,电子阅览区,25-13,2026-05-17 19:42:00,2026-05-17 22:29:00,0,1,gen_20260922_200_30
202306005,南苑分馆,4,电子阅览区,01-10,2026-05-17 18:42:00,2026-05-17 19:36:00,0,1,gen_20260922_200_30
202405002,南苑分馆,5,电子阅览区,18-02,2026-05-17 19:32:00,2026-05-17 21:56:00,0,1,gen_20260922_200_30
202301008,中心图书馆,2,二号自习区,02-21,2026-05-17 17:40:00,2026-05-17 21:40:00,1,1,gen_20260922_200_30
202301008,中心图书馆,3,报刊阅览室,27-22,2026-05-17 21:55:00,2026-05-17 22:30:00,0,1,gen_20260922_200_30
202106002,南苑分馆,3,电子阅览区,18-10,2026-05-17 14:00:00,2026-05-17 16:54:00,0,1,gen_20260922_200_30
202204006,南苑分馆,4,二号自习区,09-07,2026-05-17 15:32:00,2026-05-17 16:09:00,0,1,gen_20260922_200_30
202204006,专业资料室,1,电子阅览区,34-02,2026-05-17 20:42:00,2026-05-17 21:12:00,0,1,gen_20260922_200_30
202305003,中心图书馆,3,三层开架区,05-03,2026-05-17 14:22:00,2026-05-17 14:57:00,0,1,gen_20260922_200_30
202403010,南苑分馆,3,电子阅览区,32-12,2026-05-17 13:52:00,2026-05-17 15:48:00,0,1,gen_20260922_200_30
202403010,南苑分馆,5,电子阅览区,22-08,2026-05-17 17:40:00,2026-05-17 19:51:00,1,1,gen_20260922_200_30
202403011,专业资料室,3,静音研读间,22-23,2026-05-17 14:53:00,2026-05-17 15:23:00,0,1,gen_20260922_200_30
202204007,南苑分馆,1,静音研读间,15-09,2026-05-17 08:14:00,2026-05-17 12:14:00,1,1,gen_20260922_200_30
202201019,专业资料室,3,报刊阅览室,39-19,2026-05-17 19:03:00,2026-05-17 20:21:00,0,1,gen_20260922_200_30
202201019,南苑分馆,3,一号自习区,14-06,2026-05-17 20:36:00,2026-05-17 21:18:00,0,1,gen_20260922_200_30
202101005,专业资料室,4,报刊阅览室,19-22,2026-05-17 16:26:00,2026-05-17 17:14:00,0,1,gen_20260922_200_30
202201020,专业资料室,2,静音研读间,03-22,2026-05-17 17:40:00,2026-05-17 19:29:00,0,1,gen_20260922_200_30
202201020,中心图书馆,2,三层开架区,35-15,2026-05-17 21:31:00,2026-05-17 22:29:00,0,1,gen_20260922_200_30
202402009,中心图书馆,3,一号自习区,23-11,2026-05-17 19:19:00,2026-05-17 22:29:00,0,1,gen_20260922_200_30
202402009,专业资料室,2,一号自习区,24-03,2026-05-17 21:55:00,2026-05-17 22:30:00,0,1,gen_20260922_200_30
202202006,中心图书馆,2,一号自习区,02-15,2026-05-17 18:56:00,2026-05-17 19:54:00,0,1,gen_20260922_200_30
202304005,南苑分馆,1,电子阅览区,08-08,2026-05-17 20:28:00,2026-05-17 22:29:00,0,1,gen_20260922_200_30
202304005,南苑分馆,4,一号自习区,28-23,2026-05-17 21:55:00,2026-05-17 22:30:00,0,1,gen_20260922_200_30
202408002,中心图书馆,4,报刊阅览室,32-05,2026-05-17 13:56:00,2026-05-17 14:41:00,0,1,gen_20260922_200_30
202201021,专业资料室,4,二号自习区,02-02,2026-05-17 13:50:00,2026-05-17 16:20:00,0,1,gen_20260922_200_30
202201021,中心图书馆,3,电子阅览区,02-02,2026-05-17 17:40:00,2026-05-17 19:51:00,1,1,gen_20260922_200_30
202302007,中心图书馆,2,三层开架区,38-11,2026-05-17 19:22:00,2026-05-17 20:02:00,0,1,gen_20260922_200_30
202302007,南苑分馆,3,三层开架区,14-07,2026-05-17 20:30:00,2026-05-17 21:30:00,0,1,gen_20260922_200_30
202406003,专业资料室,2,三层开架区,17-08,2026-05-17 21:06:00,2026-05-17 22:29:00,0,1,gen_20260922_200_30
202303013,南苑分馆,3,一号自习区,17-12,2026-05-17 19:27:00,2026-05-17 22:29:00,0,1,gen_20260922_200_30
202401008,中心图书馆,3,报刊阅览室,12-03,2026-05-17 16:38:00,2026-05-17 20:27:00,1,1,gen_20260922_200_30
202304007,中心图书馆,4,一号自习区,22-10,2026-05-17 14:31:00,2026-05-17 17:44:00,1,1,gen_20260922_200_30
202406004,中心图书馆,4,二号自习区,09-20,2026-05-17 07:41:00,2026-05-17 08:49:00,0,1,gen_20260922_200_30
202406004,中心图书馆,1,一号自习区,30-08,2026-05-17 19:56:00,2026-05-17 22:29:00,0,1,gen_20260922_200_30
202204008,专业资料室,4,二号自习区,32-09,2026-05-17 15:29:00,2026-05-17 18:09:00,1,1,gen_20260922_200_30
202206004,中心图书馆,4,三层开架区,23-06,2026-05-17 14:52:00,2026-05-17 16:22:00,0,1,gen_20260922_200_30
202206004,专业资料室,1,报刊阅览室,16-13,2026-05-17 21:21:00,2026-05-17 22:29:00,0,1,gen_20260922_200_30
202407004,南苑分馆,5,一号自习区,31-10,2026-05-17 16:23:00,2026-05-17 18:42:00,1,1,gen_20260922_200_30
202108004,南苑分馆,3,静音研读间,11-03,2026-05-17 14:20:00,2026-05-17 16:00:00,0,1,gen_20260922_200_30
202205007,中心图书馆,1,二号自习区,17-01,2026-05-17 16:25:00,2026-05-17 17:43:00,0,1,gen_20260922_200_30
202402010,专业资料室,5,电子阅览区,15-08,2026-05-17 17:40:00,2026-05-17 19:13:00,0,1,gen_20260922_200_30
202402010,南苑分馆,4,三层开架区,04-24,2026-05-17 20:32:00,2026-05-17 21:32:00,0,1,gen_20260922_200_30
202301010,南苑分馆,3,静音研读间,14-03,2026-05-17 13:19:00,2026-05-17 13:56:00,0,1,gen_20260922_200_30
202306007,专业资料室,2,三层开架区,36-13,2026-05-17 19:07:00,2026-05-17 22:29:00,0,1,gen_20260922_200_30
202402011,中心图书馆,1,电子阅览区,23-02,2026-05-17 16:52:00,2026-05-17 20:52:00,1,1,gen_20260922_200_30
202408003,南苑分馆,1,三层开架区,02-05,2026-05-17 15:16:00,2026-05-17 17:45:00,1,1,gen_20260922_200_30
202408003,南苑分馆,5,静音研读间,18-15,2026-05-17 18:01:00,2026-05-17 18:31:00,0,1,gen_20260922_200_30
202304009,南苑分馆,3,电子阅览区,03-03,2026-05-17 17:40:00,2026-05-17 18:10:00,0,1,gen_20260922_200_30
202304009,专业资料室,4,报刊阅览室,31-18,2026-05-17 21:01:00,2026-05-17 22:29:00,0,1,gen_20260922_200_30
202401009,南苑分馆,3,静音研读间,09-10,2026-05-17 14:07:00,2026-05-17 17:22:00,0,1,gen_20260922_200_30
202401009,南苑分馆,1,三层开架区,32-11,2026-05-17 17:40:00,2026-05-17 20:48:00,1,1,gen_20260922_200_30
202203009,中心图书馆,1,三层开架区,16-13,2026-05-17 09:15:00,2026-05-17 09:56:00,0,1,gen_20260922_200_30
202108006,中心图书馆,2,报刊阅览室,11-05,2026-05-17 15:34:00,2026-05-17 18:17:00,1,1,gen_20260922_200_30
202306008,南苑分馆,1,电子阅览区,11-20,2026-05-17 14:47:00,2026-05-17 18:20:00,1,1,gen_20260922_200_30
202302008,中心图书馆,4,一号自习区,23-01,2026-05-17 16:14:00,2026-05-17 16:50:00,0,1,gen_20260922_200_30
202304010,南苑分馆,5,二号自习区,02-07,2026-05-17 14:50:00,2026-05-17 18:10:00,1,1,gen_20260922_200_30
202107003,专业资料室,3,静音研读间,15-15,2026-05-17 15:07:00,2026-05-17 17:51:00,1,1,gen_20260922_200_30
202201022,中心图书馆,3,电子阅览区,07-24,2026-05-17 16:35:00,2026-05-17 19:22:00,1,1,gen_20260922_200_30
202201022,南苑分馆,2,二号自习区,25-03,2026-05-17 19:47:00,2026-05-17 22:29:00,0,1,gen_20260922_200_30
202408002,中心图书馆,4,报刊阅览室,32-05,2026-05-17 13:56:00,2026-05-17 12:14:00,0,0,gen_20260922_200_30
202401009,南苑分馆,1,三层开架区,32-11,2026-05-17 17:40:00,2026-05-20 11:40:00,1,0,gen_20260922_200_30
202302007,南苑分馆,3,三层开架区,14-07,2026-05-17 20:30:00,2026-05-19 13:35:00,0,0,gen_20260922_200_30
202301001,专业资料室,3,报刊阅览室,23-02,2026-05-18 07:56:00,2026-05-18 09:20:00,0,1,gen_20260922_200_30
202308001,中心图书馆,1,一号自习区,03-11,2026-05-18 10:11:00,2026-05-18 11:56:00,0,1,gen_20260922_200_30
202302001,南苑分馆,1,报刊阅览室,20-08,2026-05-18 13:18:00,2026-05-18 13:48:00,0,1,gen_20260922_200_30
202202001,中心图书馆,2,三层开架区,15-19,2026-05-18 10:22:00,2026-05-18 11:31:00,0,1,gen_20260922_200_30
202102001,南苑分馆,2,三层开架区,07-04,2026-05-18 13:37:00,2026-05-18 16:03:00,0,1,gen_20260922_200_30
202102001,南苑分馆,2,三层开架区,28-15,2026-05-18 21:34:00,2026-05-18 22:29:00,0,1,gen_20260922_200_30
202102002,南苑分馆,4,静音研读间,26-09,2026-05-18 14:39:00,2026-05-18 17:01:00,0,1,gen_20260922_200_30
202102002,专业资料室,1,三层开架区,39-16,2026-05-18 19:26:00,2026-05-18 21:07:00,0,1,gen_20260922_200_30
202302002,中心图书馆,1,电子阅览区,22-20,2026-05-18 09:17:00,2026-05-18 09:47:00,0,1,gen_20260922_200_30
202302002,南苑分馆,3,电子阅览区,04-22,2026-05-18 17:40:00,2026-05-18 20:23:00,1,1,gen_20260922_200_30
202201001,南苑分馆,3,报刊阅览室,24-09,2026-05-18 18:32:00,2026-05-18 20:32:00,1,1,gen_20260922_200_30
202201002,南苑分馆,2,电子阅览区,26-07,2026-05-18 19:24:00,2026-05-18 20:18:00,0,1,gen_20260922_200_30
202201002,专业资料室,4,报刊阅览室,05-11,2026-05-18 20:51:00,2026-05-18 22:29:00,0,1,gen_20260922_200_30
202303001,南苑分馆,4,一号自习区,07-09,2026-05-18 17:40:00,2026-05-18 19:23:00,0,1,gen_20260922_200_30
202303001,专业资料室,1,静音研读间,15-04,2026-05-18 19:48:00,2026-05-18 20:53:00,0,1,gen_20260922_200_30
202304001,南苑分馆,4,三层开架区,34-22,2026-05-18 19:22:00,2026-05-18 20:25:00,0,1,gen_20260922_200_30
202401001,中心图书馆,5,一号自习区,13-16,2026-05-18 20:03:00,2026-05-18 22:29:00,0,1,gen_20260922_200_30
202407001,专业资料室,4,一号自习区,05-24,2026-05-18 16:05:00,2026-05-18 19:08:00,1,1,gen_20260922_200_30
202407001,南苑分馆,1,电子阅览区,29-06,2026-05-18 20:05:00,2026-05-18 22:29:00,0,1,gen_20260922_200_30
202303002,南苑分馆,5,电子阅览区,16-05,2026-05-18 14:58:00,2026-05-18 16:09:00,0,1,gen_20260922_200_30
202303002,专业资料室,5,电子阅览区,08-02,2026-05-18 20:30:00,2026-05-18 22:29:00,0,1,gen_20260922_200_30
202401002,中心图书馆,1,电子阅览区,02-12,2026-05-18 18:27:00,2026-05-18 22:27:00,1,1,gen_20260922_200_30
202201003,南苑分馆,4,报刊阅览室,23-05,2026-05-18 16:26:00,2026-05-18 17:59:00,0,1,gen_20260922_200_30
202201003,专业资料室,3,一号自习区,23-05,2026-05-18 18:20:00,2026-05-18 22:20:00,1,1,gen_20260922_200_30
202201004,南苑分馆,4,二号自习区,32-14,2026-05-18 19:39:00,2026-05-18 21:44:00,0,1,gen_20260922_200_30
202201004,中心图书馆,2,二号自习区,11-12,2026-05-18 21:55:00,2026-05-18 22:30:00,0,1,gen_20260922_200_30
202307001,专业资料室,3,三层开架区,26-19,2026-05-18 17:40:00,2026-05-18 20:07:00,1,1,gen_20260922_200_30
202307001,专业资料室,3,二号自习区,28-19,2026-05-18 21:01:00,2026-05-18 22:29:00,0,1,gen_20260922_200_30
202402001,专业资料室,4,电子阅览区,21-03,2026-05-18 17:40:00,2026-05-18 19:45:00,1,1,gen_20260922_200_30
202402001,南苑分馆,4,报刊阅览室,27-03,2026-05-18 20:43:00,2026-05-18 21:49:00,0,1,gen_20260922_200_30
202306001,专业资料室,3,报刊阅览室,06-11,2026-05-18 15:01:00,2026-05-18 15:53:00,0,1,gen_20260922_200_30
202306001,南苑分馆,5,三层开架区,36-05,2026-05-18 17:40:00,2026-05-18 20:13:00,1,1,gen_20260922_200_30
202303003,中心图书馆,5,一号自习区,31-01,2026-05-18 13:20:00,2026-05-18 14:43:00,0,1,gen_20260922_200_30
202303003,专业资料室,5,静音研读间,29-15,2026-05-18 17:40:00,2026-05-18 19:05:00,0,1,gen_20260922_200_30
202201005,南苑分馆,3,静音研读间,33-02,2026-05-18 20:47:00,2026-05-18 22:29:00,0,1,gen_20260922_200_30
202201005,专业资料室,4,静音研读间,36-03,2026-05-18 21:55:00,2026-05-18 22:30:00,0,1,gen_20260922_200_30
202201006,专业资料室,5,报刊阅览室,38-13,2026-05-18 17:57:00,2026-05-18 21:57:00,1,1,gen_20260922_200_30
202201006,中心图书馆,4,电子阅览区,01-04,2026-05-18 21:55:00,2026-05-18 22:30:00,0,1,gen_20260922_200_30
202303004,南苑分馆,5,三层开架区,32-13,2026-05-18 17:53:00,2026-05-18 19:50:00,0,1,gen_20260922_200_30
202402002,南苑分馆,2,一号自习区,06-22,2026-05-18 15:40:00,2026-05-18 16:57:00,0,1,gen_20260922_200_30
202303005,南苑分馆,2,二号自习区,25-21,2026-05-18 15:00:00,2026-05-18 17:55:00,1,1,gen_20260922_200_30
202303005,中心图书馆,1,电子阅览区,36-15,2026-05-18 18:37:00,2026-05-18 19:41:00,0,1,gen_20260922_200_30
202301002,南苑分馆,5,三层开架区,19-04,2026-05-18 14:15:00,2026-05-18 15:43:00,0,1,gen_20260922_200_30
202301002,南苑分馆,5,三层开架区,11-18,2026-05-18 19:25:00,2026-05-18 20:07:00,0,1,gen_20260922_200_30
202404001,中心图书馆,5,二号自习区,20-17,2026-05-18 14:54:00,2026-05-18 17:31:00,1,1,gen_20260922_200_30
202407002,中心图书馆,3,静音研读间,21-06,2026-05-18 15:30:00,2026-05-18 16:27:00,0,1,gen_20260922_200_30
202407002,南苑分馆,5,一号自习区,09-15,2026-05-18 17:40:00,2026-05-18 18:19:00,0,1,gen_20260922_200_30
202201007,专业资料室,3,电子阅览区,08-14,2026-05-18 16:01:00,2026-05-18 17:13:00,0,1,gen_20260922_200_30
202201007,中心图书馆,2,静音研读间,01-12,2026-05-18 21:34:00,2026-05-18 22:16:00,0,1,gen_20260922_200_30
202306002,中心图书馆,4,二号自习区,10-06,2026-05-18 08:39:00,2026-05-18 10:28:00,0,1,gen_20260922_200_30
202308002,南苑分馆,4,一号自习区,31-21,2026-05-18 17:55:00,2026-05-18 18:40:00,0,1,gen_20260922_200_30
202302004,专业资料室,1,电子阅览区,28-19,2026-05-18 14:55:00,2026-05-18 18:33:00,1,1,gen_20260922_200_30
202302004,南苑分馆,4,静音研读间,03-22,2026-05-18 19:16:00,2026-05-18 20:58:00,0,1,gen_20260922_200_30
202206001,专业资料室,5,静音研读间,34-12,2026-05-18 14:37:00,2026-05-18 17:47:00,1,1,gen_20260922_200_30
202206001,专业资料室,3,二号自习区,03-05,2026-05-18 18:41:00,2026-05-18 22:29:00,0,1,gen_20260922_200_30
202307002,南苑分馆,4,静音研读间,21-08,2026-05-18 16:24:00,2026-05-18 17:46:00,0,1,gen_20260922_200_30
202307002,南苑分馆,1,电子阅览区,33-17,2026-05-18 18:29:00,2026-05-18 19:51:00,0,1,gen_20260922_200_30
202302006,南苑分馆,4,报刊阅览室,27-21,2026-05-18 19:22:00,2026-05-18 22:29:00,0,1,gen_20260922_200_30
202302006,专业资料室,3,二号自习区,34-09,2026-05-18 21:55:00,2026-05-18 22:30:00,0,1,gen_20260922_200_30
202403001,中心图书馆,1,一号自习区,01-01,2026-05-18 15:32:00,2026-05-18 17:33:00,1,1,gen_20260922_200_30
202403001,专业资料室,3,二号自习区,15-14,2026-05-18 17:40:00,2026-05-18 20:42:00,1,1,gen_20260922_200_30
202204001,专业资料室,5,报刊阅览室,37-03,2026-05-18 14:17:00,2026-05-18 17:50:00,1,1,gen_20260922_200_30
202204001,中心图书馆,5,报刊阅览室,02-07,2026-05-18 18:23:00,2026-05-18 21:31:00,1,1,gen_20260922_200_30
202403002,专业资料室,3,一号自习区,20-13,2026-05-18 18:47:00,2026-05-18 22:29:00,0,1,gen_20260922_200_30
202403002,中心图书馆,2,静音研读间,11-09,2026-05-18 21:55:00,2026-05-18 22:30:00,0,1,gen_20260922_200_30
202401003,南苑分馆,4,二号自习区,08-02,2026-05-18 15:43:00,2026-05-18 19:43:00,1,1,gen_20260922_200_30
202401003,中心图书馆,1,三层开架区,17-01,2026-05-18 20:23:00,2026-05-18 22:29:00,0,1,gen_20260922_200_30
202301003,南苑分馆,3,静音研读间,12-24,2026-05-18 17:40:00,2026-05-18 21:40:00,1,1,gen_20260922_200_30
202301003,专业资料室,3,静音研读间,36-05,2026-05-18 21:55:00,2026-05-18 22:30:00,0,1,gen_20260922_200_30
202201009,专业资料室,3,一号自习区,34-10,2026-05-18 15:39:00,2026-05-18 16:28:00,0,1,gen_20260922_200_30
202201009,南苑分馆,3,报刊阅览室,25-01,2026-05-18 19:04:00,2026-05-18 20:33:00,0,1,gen_20260922_200_30
202403003,南苑分馆,4,电子阅览区,24-15,2026-05-18 15:04:00,2026-05-18 18:41:00,1,1,gen_20260922_200_30
202403003,中心图书馆,1,一号自习区,26-20,2026-05-18 19:25:00,2026-05-18 21:33:00,0,1,gen_20260922_200_30
202301004,专业资料室,4,电子阅览区,32-15,2026-05-18 14:24:00,2026-05-18 15:47:00,0,1,gen_20260922_200_30
202201010,中心图书馆,1,二号自习区,17-06,2026-05-18 15:09:00,2026-05-18 18:29:00,1,1,gen_20260922_200_30
202201010,中心图书馆,4,三层开架区,04-06,2026-05-18 19:09:00,2026-05-18 20:53:00,0,1,gen_20260922_200_30
202107001,中心图书馆,4,一号自习区,33-19,2026-05-18 15:50:00,2026-05-18 16:45:00,0,1,gen_20260922_200_30
202107001,中心图书馆,1,一号自习区,13-11,2026-05-18 17:40:00,2026-05-18 19:32:00,0,1,gen_20260922_200_30
202204002,南苑分馆,5,三层开架区,20-08,2026-05-18 13:25:00,2026-05-18 15:01:00,0,1,gen_20260922_200_30
202307003,中心图书馆,5,三层开架区,27-07,2026-05-18 20:23:00,2026-05-18 21:59:00,0,1,gen_20260922_200_30
202205001,南苑分馆,1,二号自习区,05-19,2026-05-18 13:34:00,2026-05-18 14:04:00,0,1,gen_20260922_200_30
202303006,中心图书馆,5,电子阅览区,31-11,2026-05-18 20:41:00,2026-05-18 21:56:00,0,1,gen_20260922_200_30
202304002,中心图书馆,3,二号自习区,26-06,2026-05-18 17:40:00,2026-05-18 18:48:00,0,1,gen_20260922_200_30
202304002,中心图书馆,4,一号自习区,30-19,2026-05-18 20:29:00,2026-05-18 21:42:00,0,1,gen_20260922_200_30
202203002,专业资料室,4,二号自习区,38-09,2026-05-18 15:50:00,2026-05-18 16:47:00,0,1,gen_20260922_200_30
202207001,中心图书馆,5,静音研读间,07-01,2026-05-18 19:22:00,2026-05-18 19:57:00,0,1,gen_20260922_200_30
202207001,专业资料室,1,静音研读间,39-15,2026-05-18 20:46:00,2026-05-18 21:29:00,0,1,gen_20260922_200_30
202304003,南苑分馆,5,静音研读间,21-04,2026-05-18 14:44:00,2026-05-18 17:31:00,1,1,gen_20260922_200_30
202201011,中心图书馆,1,报刊阅览室,11-13,2026-05-18 16:33:00,2026-05-18 17:49:00,0,1,gen_20260922_200_30
202201011,南苑分馆,2,电子阅览区,24-07,2026-05-18 18:08:00,2026-05-18 20:34:00,1,1,gen_20260922_200_30
202306003,专业资料室,2,静音研读间,06-04,2026-05-18 17:40:00,2026-05-18 19:41:00,1,1,gen_20260922_200_30
202306003,专业资料室,3,报刊阅览室,02-19,2026-05-18 20:54:00,2026-05-18 22:29:00,0,1,gen_20260922_200_30
202401004,南苑分馆,1,二号自习区,02-08,2026-05-18 21:11:00,2026-05-18 22:29:00,0,1,gen_20260922_200_30
202408001,中心图书馆,3,报刊阅览室,01-14,2026-05-18 19:02:00,2026-05-18 20:03:00,0,1,gen_20260922_200_30
202201012,中心图书馆,3,二号自习区,04-07,2026-05-18 14:45:00,2026-05-18 15:26:00,0,1,gen_20260922_200_30
202204003,中心图书馆,3,静音研读间,01-11,2026-05-18 15:28:00,2026-05-18 16:47:00,0,1,gen_20260922_200_30
202204003,中心图书馆,2,二号自习区,30-16,2026-05-18 17:40:00,2026-05-18 20:07:00,1,1,gen_20260922_200_30
202205002,中心图书馆,5,静音研读间,29-13,2026-05-18 17:40:00,2026-05-18 20:58:00,1,1,gen_20260922_200_30
202205002,中心图书馆,4,报刊阅览室,01-07,2026-05-18 21:55:00,2026-05-18 22:30:00,0,1,gen_20260922_200_30
202202002,中心图书馆,5,报刊阅览室,09-05,2026-05-18 14:19:00,2026-05-18 15:40:00,0,1,gen_20260922_200_30
202407003,专业资料室,1,二号自习区,12-22,2026-05-18 16:07:00,2026-05-18 17:07:00,0,1,gen_20260922_200_30
202407003,南苑分馆,3,静音研读间,19-23,2026-05-18 17:40:00,2026-05-18 19:36:00,0,1,gen_20260922_200_30
202301005,中心图书馆,1,静音研读间,19-15,2026-05-18 17:40:00,2026-05-18 19:13:00,0,1,gen_20260922_200_30
202301005,中心图书馆,5,二号自习区,02-14,2026-05-18 20:18:00,2026-05-18 22:00:00,0,1,gen_20260922_200_30
202101002,专业资料室,2,二号自习区,20-21,2026-05-18 14:16:00,2026-05-18 15:51:00,0,1,gen_20260922_200_30
202101002,专业资料室,3,三层开架区,07-02,2026-05-18 17:40:00,2026-05-18 21:07:00,1,1,gen_20260922_200_30
202304004,南苑分馆,2,二号自习区,28-21,2026-05-18 14:44:00,2026-05-18 15:36:00,0,1,gen_20260922_200_30
202301006,南苑分馆,3,三层开架区,17-19,2026-05-18 15:01:00,2026-05-18 16:04:00,0,1,gen_20260922_200_30
202301006,中心图书馆,1,电子阅览区,09-24,2026-05-18 17:40:00,2026-05-18 18:12:00,0,1,gen_20260922_200_30
202303007,中心图书馆,5,一号自习区,17-17,2026-05-18 13:00:00,2026-05-18 16:59:00,0,1,gen_20260922_200_30
202303007,中心图书馆,5,三层开架区,32-17,2026-05-18 17:40:00,2026-05-18 20:22:00,1,1,gen_20260922_200_30
202303008,中心图书馆,1,静音研读间,15-06,2026-05-18 21:24:00,2026-05-18 22:29:00,0,1,gen_20260922_200_30
202201013,中心图书馆,4,电子阅览区,10-08,2026-05-18 09:11:00,2026-05-18 10:34:00,0,1,gen_20260922_200_30
202201013,南苑分馆,5,二号自习区,19-04,2026-05-18 17:40:00,2026-05-18 19:57:00,1,1,gen_20260922_200_30
202403004,南苑分馆,1,静音研读间,27-23,2026-05-18 15:24:00,2026-05-18 16:40:00,0,1,gen_20260922_200_30
202403004,专业资料室,1,二号自习区,09-05,2026-05-18 19:16:00,2026-05-18 19:46:00,0,1,gen_20260922_200_30
202403005,中心图书馆,2,静音研读间,33-03,2026-05-18 20:07:00,2026-05-18 22:29:00,0,1,gen_20260922_200_30
202206002,专业资料室,1,一号自习区,15-17,2026-05-18 14:52:00,2026-05-18 18:52:00,1,1,gen_20260922_200_30
202206002,南苑分馆,1,三层开架区,10-22,2026-05-18 19:51:00,2026-05-18 22:10:00,0,1,gen_20260922_200_30
202203003,专业资料室,1,二号自习区,07-21,2026-05-18 14:46:00,2026-05-18 16:06:00,0,1,gen_20260922_200_30
202203003,中心图书馆,1,电子阅览区,18-07,2026-05-18 19:14:00,2026-05-18 21:44:00,0,1,gen_20260922_200_30
202405001,南苑分馆,4,一号自习区,09-22,2026-05-18 14:43:00,2026-05-18 16:12:00,0,1,gen_20260922_200_30
202202003,南苑分馆,4,三层开架区,38-12,2026-05-18 17:40:00,2026-05-18 21:40:00,1,1,gen_20260922_200_30
202202003,专业资料室,3,一号自习区,19-06,2026-05-18 21:55:00,2026-05-18 22:30:00,0,1,gen_20260922_200_30
202203004,南苑分馆,1,静音研读间,10-07,2026-05-18 15:58:00,2026-05-18 16:34:00,0,1,gen_20260922_200_30
202205003,南苑分馆,4,三层开架区,26-16,2026-05-18 17:30:00,2026-05-18 19:08:00,0,1,gen_20260922_200_30
202205003,中心图书馆,4,一号自习区,10-13,2026-05-18 19:49:00,2026-05-18 22:29:00,0,1,gen_20260922_200_30
202401006,专业资料室,5,一号自习区,14-04,2026-05-18 18:56:00,2026-05-18 21:08:00,0,1,gen_20260922_200_30
202401006,南苑分馆,1,电子阅览区,33-21,2026-05-18 21:55:00,2026-05-18 22:30:00,0,1,gen_20260922_200_30
202201015,专业资料室,4,二号自习区,09-13,2026-05-18 08:22:00,2026-05-18 10:03:00,0,1,gen_20260922_200_30
202201015,南苑分馆,1,一号自习区,11-05,2026-05-18 17:40:00,2026-05-18 19:23:00,0,1,gen_20260922_200_30
202307004,南苑分馆,3,静音研读间,22-14,2026-05-18 17:40:00,2026-05-18 18:13:00,0,1,gen_20260922_200_30
202307004,南苑分馆,1,一号自习区,14-19,2026-05-18 19:11:00,2026-05-18 22:29:00,0,1,gen_20260922_200_30
202208002,中心图书馆,3,电子阅览区,39-21,2026-05-18 14:36:00,2026-05-18 15:27:00,0,1,gen_20260922_200_30
202406001,专业资料室,5,三层开架区,04-04,2026-05-18 16:28:00,2026-05-18 17:56:00,0,1,gen_20260922_200_30
202106001,南苑分馆,4,静音研读间,15-03,2026-05-18 14:02:00,2026-05-18 18:02:00,1,1,gen_20260922_200_30
202106001,专业资料室,2,一号自习区,11-22,2026-05-18 18:17:00,2026-05-18 20:23:00,1,1,gen_20260922_200_30
202204004,南苑分馆,4,三层开架区,01-02,2026-05-18 14:37:00,2026-05-18 16:04:00,0,1,gen_20260922_200_30
202204004,南苑分馆,1,三层开架区,04-24,2026-05-18 17:40:00,2026-05-18 19:06:00,0,1,gen_20260922_200_30
202406002,南苑分馆,3,静音研读间,15-20,2026-05-18 13:08:00,2026-05-18 14:43:00,0,1,gen_20260922_200_30
202406002,专业资料室,5,电子阅览区,10-15,2026-05-18 19:56:00,2026-05-18 21:24:00,0,1,gen_20260922_200_30
202101003,南苑分馆,4,三层开架区,09-13,2026-05-18 17:40:00,2026-05-18 20:26:00,1,1,gen_20260922_200_30
202101003,专业资料室,5,静音研读间,29-02,2026-05-18 20:26:00,2026-05-18 21:31:00,0,1,gen_20260922_200_30
202403006,南苑分馆,3,二号自习区,08-22,2026-05-18 17:40:00,2026-05-18 20:05:00,1,1,gen_20260922_200_30
202403006,专业资料室,2,一号自习区,10-21,2026-05-18 20:33:00,2026-05-18 22:29:00,0,1,gen_20260922_200_30
202103001,中心图书馆,2,电子阅览区,36-12,2026-05-18 17:17:00,2026-05-18 20:52:00,1,1,gen_20260922_200_30
202303009,南苑分馆,2,一号自习区,16-23,2026-05-18 15:27:00,2026-05-18 19:27:00,1,1,gen_20260922_200_30
202303009,中心图书馆,2,静音研读间,06-20,2026-05-18 19:36:00,2026-05-18 22:22:00,0,1,gen_20260922_200_30
202108002,中心图书馆,2,一号自习区,16-11,2026-05-18 21:40:00,2026-05-18 22:29:00,0,1,gen_20260922_200_30
202403007,中心图书馆,3,一号自习区,20-17,2026-05-18 14:33:00,2026-05-18 16:12:00,0,1,gen_20260922_200_30
202203005,专业资料室,2,报刊阅览室,17-07,2026-05-18 12:29:00,2026-05-18 15:32:00,0,1,gen_20260922_200_30
202203005,南苑分馆,2,一号自习区,10-17,2026-05-18 17:40:00,2026-05-18 21:40:00,1,1,gen_20260922_200_30
202303010,专业资料室,2,电子阅览区,06-15,2026-05-18 19:17:00,2026-05-18 21:21:00,0,1,gen_20260922_200_30
202303010,中心图书馆,5,三层开架区,24-04,2026-05-18 21:55:00,2026-05-18 22:30:00,0,1,gen_20260922_200_30
202105001,专业资料室,4,一号自习区,34-21,2026-05-18 15:16:00,2026-05-18 17:11:00,0,1,gen_20260922_200_30
202105001,专业资料室,5,报刊阅览室,10-17,2026-05-18 20:08:00,2026-05-18 22:29:00,0,1,gen_20260922_200_30
202205004,专业资料室,2,三层开架区,37-23,2026-05-18 15:36:00,2026-05-18 17:45:00,1,1,gen_20260922_200_30
202205005,专业资料室,2,三层开架区,18-16,2026-05-18 13:01:00,2026-05-18 15:15:00,0,1,gen_20260922_200_30
202205005,专业资料室,5,报刊阅览室,13-20,2026-05-18 17:40:00,2026-05-18 20:59:00,1,1,gen_20260922_200_30
202201016,中心图书馆,4,三层开架区,24-05,2026-05-18 17:40:00,2026-05-18 20:46:00,1,1,gen_20260922_200_30
202201016,南苑分馆,4,一号自习区,18-18,2026-05-18 21:16:00,2026-05-18 22:29:00,0,1,gen_20260922_200_30
202206003,专业资料室,1,报刊阅览室,21-01,2026-05-18 15:21:00,2026-05-18 18:49:00,1,1,gen_20260922_200_30
202206003,南苑分馆,1,电子阅览区,26-11,2026-05-18 19:46:00,2026-05-18 22:29:00,0,1,gen_20260922_200_30
202107002,南苑分馆,5,二号自习区,24-15,2026-05-18 09:28:00,2026-05-18 12:21:00,1,1,gen_20260922_200_30
202107002,中心图书馆,4,报刊阅览室,32-14,2026-05-18 17:40:00,2026-05-18 21:40:00,1,1,gen_20260922_200_30
202404002,南苑分馆,1,静音研读间,13-10,2026-05-18 19:01:00,2026-05-18 20:31:00,0,1,gen_20260922_200_30
202404002,南苑分馆,3,一号自习区,35-06,2026-05-18 20:50:00,2026-05-18 22:29:00,0,1,gen_20260922_200_30
202308004,专业资料室,3,报刊阅览室,22-19,2026-05-18 14:20:00,2026-05-18 14:50:00,0,1,gen_20260922_200_30
202303011,专业资料室,3,静音研读间,11-22,2026-05-18 18:53:00,2026-05-18 19:58:00,0,1,gen_20260922_200_30
202402003,中心图书馆,2,三层开架区,31-15,2026-05-18 14:21:00,2026-05-18 16:30:00,0,1,gen_20260922_200_30
202402003,南苑分馆,1,二号自习区,24-20,2026-05-18 17:40:00,2026-05-18 21:02:00,1,1,gen_20260922_200_30
202202004,中心图书馆,5,三层开架区,04-17,2026-05-18 16:14:00,2026-05-18 16:48:00,0,1,gen_20260922_200_30
202204005,专业资料室,3,一号自习区,19-17,2026-05-18 16:26:00,2026-05-18 17:56:00,0,1,gen_20260922_200_30
202204005,专业资料室,1,三层开架区,30-08,2026-05-18 20:42:00,2026-05-18 22:29:00,0,1,gen_20260922_200_30
202102003,中心图书馆,4,二号自习区,39-11,2026-05-18 14:55:00,2026-05-18 16:22:00,0,1,gen_20260922_200_30
202102003,南苑分馆,1,一号自习区,28-17,2026-05-18 17:40:00,2026-05-18 18:46:00,0,1,gen_20260922_200_30
202301007,中心图书馆,1,二号自习区,19-14,2026-05-18 20:46:00,2026-05-18 22:29:00,0,1,gen_20260922_200_30
202305002,南苑分馆,5,三层开架区,27-15,2026-05-18 19:55:00,2026-05-18 20:25:00,0,1,gen_20260922_200_30
202102004,南苑分馆,2,三层开架区,23-04,2026-05-18 14:29:00,2026-05-18 17:16:00,0,1,gen_20260922_200_30
202402004,南苑分馆,1,电子阅览区,14-02,2026-05-18 14:00:00,2026-05-18 18:00:00,1,1,gen_20260922_200_30
202402004,专业资料室,4,三层开架区,33-07,2026-05-18 18:16:00,2026-05-18 22:16:00,1,1,gen_20260922_200_30
202203006,中心图书馆,3,一号自习区,09-08,2026-05-18 09:34:00,2026-05-18 11:29:00,0,1,gen_20260922_200_30
202203006,专业资料室,2,静音研读间,39-07,2026-05-18 17:40:00,2026-05-18 21:05:00,1,1,gen_20260922_200_30
202201017,南苑分馆,5,二号自习区,22-10,2026-05-18 19:36:00,2026-05-18 21:04:00,0,1,gen_20260922_200_30
202205006,专业资料室,2,静音研读间,38-21,2026-05-18 16:48:00,2026-05-18 18:10:00,0,1,gen_20260922_200_30
202402005,专业资料室,4,报刊阅览室,04-17,2026-05-18 17:40:00,2026-05-18 18:42:00,0,1,gen_20260922_200_30
202402005,南苑分馆,1,一号自习区,39-02,2026-05-18 19:24:00,2026-05-18 20:13:00,0,1,gen_20260922_200_30
202306005,专业资料室,4,三层开架区,16-14,2026-05-18 14:04:00,2026-05-18 18:04:00,1,1,gen_20260922_200_30
202306005,专业资料室,3,一号自习区,16-11,2026-05-18 18:59:00,2026-05-18 21:55:00,0,1,gen_20260922_200_30
202402006,中心图书馆,1,电子阅览区,06-10,2026-05-18 17:40:00,2026-05-18 18:43:00,0,1,gen_20260922_200_30
202402006,专业资料室,1,三层开架区,31-17,2026-05-18 19:07:00,2026-05-18 21:05:00,0,1,gen_20260922_200_30
202405002,中心图书馆,3,三层开架区,20-12,2026-05-18 14:23:00,2026-05-18 17:23:00,0,1,gen_20260922_200_30
202405002,专业资料室,4,静音研读间,02-24,2026-05-18 17:40:00,2026-05-18 21:40:00,1,1,gen_20260922_200_30
202403008,中心图书馆,4,一号自习区,39-09,2026-05-18 19:48:00,2026-05-18 21:14:00,0,1,gen_20260922_200_30
202301008,专业资料室,1,一号自习区,31-15,2026-05-18 20:24:00,2026-05-18 21:46:00,0,1,gen_20260922_200_30
202301008,中心图书馆,4,三层开架区,17-10,2026-05-18 21:55:00,2026-05-18 22:30:00,0,1,gen_20260922_200_30
202106002,南苑分馆,4,静音研读间,29-06,2026-05-18 13:46:00,2026-05-18 16:21:00,0,1,gen_20260922_200_30
202106002,中心图书馆,4,静音研读间,02-12,2026-05-18 17:40:00,2026-05-18 18:22:00,0,1,gen_20260922_200_30
202201018,南苑分馆,2,电子阅览区,35-14,2026-05-18 17:40:00,2026-05-18 19:01:00,0,1,gen_20260922_200_30
202201018,南苑分馆,1,静音研读间,25-22,2026-05-18 19:46:00,2026-05-18 22:29:00,0,1,gen_20260922_200_30
202203007,南苑分馆,1,报刊阅览室,12-14,2026-05-18 16:25:00,2026-05-18 17:24:00,0,1,gen_20260922_200_30
202204006,专业资料室,2,三层开架区,05-23,2026-05-18 17:40:00,2026-05-18 20:55:00,1,1,gen_20260922_200_30
202204006,中心图书馆,1,三层开架区,28-09,2026-05-18 21:35:00,2026-05-18 22:29:00,0,1,gen_20260922_200_30
202403009,南苑分馆,1,报刊阅览室,39-18,2026-05-18 15:57:00,2026-05-18 16:40:00,0,1,gen_20260922_200_30
202403009,中心图书馆,3,电子阅览区,34-01,2026-05-18 17:40:00,2026-05-18 18:57:00,0,1,gen_20260922_200_30
202202005,南苑分馆,4,报刊阅览室,33-16,2026-05-18 17:51:00,2026-05-18 20:14:00,1,1,gen_20260922_200_30
202202005,南苑分馆,5,电子阅览区,01-22,2026-05-18 20:42:00,2026-05-18 22:29:00,0,1,gen_20260922_200_30
202108003,南苑分馆,2,三层开架区,03-04,2026-05-18 20:17:00,2026-05-18 21:12:00,0,1,gen_20260922_200_30
202108003,专业资料室,4,三层开架区,13-18,2026-05-18 21:44:00,2026-05-18 22:29:00,0,1,gen_20260922_200_30
202402008,南苑分馆,1,二号自习区,19-20,2026-05-18 21:20:00,2026-05-18 22:00:00,0,1,gen_20260922_200_30
202403010,专业资料室,2,报刊阅览室,19-16,2026-05-18 15:53:00,2026-05-18 19:03:00,1,1,gen_20260922_200_30
202403011,专业资料室,4,静音研读间,34-17,2026-05-18 20:17:00,2026-05-18 21:00:00,0,1,gen_20260922_200_30
202403012,中心图书馆,3,静音研读间,12-02,2026-05-18 14:03:00,2026-05-18 15:01:00,0,1,gen_20260922_200_30
202403012,南苑分馆,5,静音研读间,33-16,2026-05-18 17:40:00,2026-05-18 18:45:00,0,1,gen_20260922_200_30
202301009,南苑分馆,3,电子阅览区,35-11,2026-05-18 19:46:00,2026-05-18 20:44:00,0,1,gen_20260922_200_30
202301009,专业资料室,4,二号自习区,19-06,2026-05-18 21:35:00,2026-05-18 22:29:00,0,1,gen_20260922_200_30
202204007,中心图书馆,5,静音研读间,27-17,2026-05-18 19:22:00,2026-05-18 22:04:00,0,1,gen_20260922_200_30
202204007,南苑分馆,2,三层开架区,11-23,2026-05-18 21:55:00,2026-05-18 22:30:00,0,1,gen_20260922_200_30
202207002,中心图书馆,2,电子阅览区,37-10,2026-05-18 14:32:00,2026-05-18 15:31:00,0,1,gen_20260922_200_30
202207003,南苑分馆,1,三层开架区,17-16,2026-05-18 13:21:00,2026-05-18 15:11:00,0,1,gen_20260922_200_30
202207003,专业资料室,5,电子阅览区,30-11,2026-05-18 17:40:00,2026-05-18 21:38:00,1,1,gen_20260922_200_30
202201019,南苑分馆,2,一号自习区,25-17,2026-05-18 15:01:00,2026-05-18 17:26:00,0,1,gen_20260922_200_30
202201019,中心图书馆,2,一号自习区,30-20,2026-05-18 17:40:00,2026-05-18 20:01:00,1,1,gen_20260922_200_30
202203008,南苑分馆,2,静音研读间,24-04,2026-05-18 17:40:00,2026-05-18 20:35:00,1,1,gen_20260922_200_30
202203008,南苑分馆,2,静音研读间,29-22,2026-05-18 21:46:00,2026-05-18 22:29:00,0,1,gen_20260922_200_30
202101005,南苑分馆,2,静音研读间,31-03,2026-05-18 19:02:00,2026-05-18 20:37:00,0,1,gen_20260922_200_30
202201020,南苑分馆,1,报刊阅览室,01-06,2026-05-18 14:53:00,2026-05-18 16:36:00,0,1,gen_20260922_200_30
202201020,专业资料室,1,电子阅览区,13-18,2026-05-18 17:40:00,2026-05-18 20:48:00,1,1,gen_20260922_200_30
202402009,南苑分馆,1,报刊阅览室,21-01,2026-05-18 14:18:00,2026-05-18 15:41:00,0,1,gen_20260922_200_30
202402009,专业资料室,4,一号自习区,21-09,2026-05-18 20:03:00,2026-05-18 22:21:00,0,1,gen_20260922_200_30
202401007,南苑分馆,1,报刊阅览室,14-12,2026-05-18 16:22:00,2026-05-18 17:07:00,0,1,gen_20260922_200_30
202401007,南苑分馆,4,三层开架区,30-03,2026-05-18 17:40:00,2026-05-18 18:26:00,0,1,gen_20260922_200_30
202304005,南苑分馆,2,三层开架区,04-14,2026-05-18 09:53:00,2026-05-18 13:53:00,1,1,gen_20260922_200_30
202408002,专业资料室,1,一号自习区,01-02,2026-05-18 21:14:00,2026-05-18 22:29:00,0,1,gen_20260922_200_30
202306006,中心图书馆,5,静音研读间,34-11,2026-05-18 20:22:00,2026-05-18 22:17:00,0,1,gen_20260922_200_30
202105002,南苑分馆,1,报刊阅览室,20-03,2026-05-18 09:42:00,2026-05-18 13:38:00,1,1,gen_20260922_200_30
202105002,中心图书馆,2,静音研读间,22-03,2026-05-18 17:40:00,2026-05-18 21:40:00,1,1,gen_20260922_200_30
202304006,南苑分馆,1,三层开架区,07-13,2026-05-18 14:23:00,2026-05-18 15:00:00,0,1,gen_20260922_200_30
202304006,专业资料室,3,静音研读间,13-15,2026-05-18 18:29:00,2026-05-18 19:04:00,0,1,gen_20260922_200_30
202201021,中心图书馆,1,报刊阅览室,08-12,2026-05-18 17:40:00,2026-05-18 21:40:00,1,1,gen_20260922_200_30
202201021,南苑分馆,2,二号自习区,10-15,2026-05-18 21:55:00,2026-05-18 22:30:00,0,1,gen_20260922_200_30
202302007,专业资料室,2,电子阅览区,33-17,2026-05-18 15:28:00,2026-05-18 15:58:00,0,1,gen_20260922_200_30
202406003,专业资料室,5,静音研读间,36-21,2026-05-18 09:50:00,2026-05-18 11:23:00,0,1,gen_20260922_200_30
202406003,专业资料室,2,一号自习区,14-23,2026-05-18 20:31:00,2026-05-18 22:29:00,0,1,gen_20260922_200_30
202303013,中心图书馆,1,静音研读间,03-03,2026-05-18 17:40:00,2026-05-18 19:19:00,0,1,gen_20260922_200_30
202303013,中心图书馆,2,二号自习区,12-14,2026-05-18 19:52:00,2026-05-18 21:05:00,0,1,gen_20260922_200_30
202401008,专业资料室,4,静音研读间,20-06,2026-05-18 16:21:00,2026-05-18 17:49:00,0,1,gen_20260922_200_30
202401008,南苑分馆,1,静音研读间,35-06,2026-05-18 18:36:00,2026-05-18 21:42:00,1,1,gen_20260922_200_30
202304007,南苑分馆,2,电子阅览区,10-15,2026-05-18 14:37:00,2026-05-18 15:43:00,0,1,gen_20260922_200_30
202304007,专业资料室,5,电子阅览区,38-14,2026-05-18 17:40:00,2026-05-18 18:21:00,0,1,gen_20260922_200_30
202304008,南苑分馆,3,静音研读间,27-21,2026-05-18 14:11:00,2026-05-18 15:42:00,0,1,gen_20260922_200_30
202406004,专业资料室,2,二号自习区,12-01,2026-05-18 20:38:00,2026-05-18 22:29:00,0,1,gen_20260922_200_30
202204008,中心图书馆,3,二号自习区,36-06,2026-05-18 13:20:00,2026-05-18 14:32:00,0,1,gen_20260922_200_30
202204008,南苑分馆,1,二号自习区,18-24,2026-05-18 17:40:00,2026-05-18 18:46:00,0,1,gen_20260922_200_30
202206004,南苑分馆,2,电子阅览区,28-04,2026-05-18 20:24:00,2026-05-18 21:53:00,0,1,gen_20260922_200_30
202206004,专业资料室,1,一号自习区,07-17,2026-05-18 21:55:00,2026-05-18 22:30:00,0,1,gen_20260922_200_30
202204009,中心图书馆,1,三层开架区,26-10,2026-05-18 08:38:00,2026-05-18 09:20:00,0,1,gen_20260922_200_30
202407004,专业资料室,4,静音研读间,27-17,2026-05-18 20:11:00,2026-05-18 22:12:00,0,1,gen_20260922_200_30
202407004,南苑分馆,5,报刊阅览室,24-04,2026-05-18 21:55:00,2026-05-18 22:30:00,0,1,gen_20260922_200_30
202108004,中心图书馆,1,一号自习区,23-14,2026-05-18 17:40:00,2026-05-18 19:17:00,0,1,gen_20260922_200_30
202108004,专业资料室,1,电子阅览区,17-03,2026-05-18 19:52:00,2026-05-18 20:22:00,0,1,gen_20260922_200_30
202205007,专业资料室,4,静音研读间,32-10,2026-05-18 13:32:00,2026-05-18 14:51:00,0,1,gen_20260922_200_30
202205007,南苑分馆,3,电子阅览区,32-19,2026-05-18 19:11:00,2026-05-18 22:12:00,0,1,gen_20260922_200_30
202402010,南苑分馆,3,一号自习区,26-03,2026-05-18 14:03:00,2026-05-18 17:04:00,0,1,gen_20260922_200_30
202402010,专业资料室,1,一号自习区,34-04,2026-05-18 20:06:00,2026-05-18 22:29:00,0,1,gen_20260922_200_30
202301010,中心图书馆,2,三层开架区,19-14,2026-05-18 14:14:00,2026-05-18 17:23:00,0,1,gen_20260922_200_30
202301010,南苑分馆,3,三层开架区,19-11,2026-05-18 17:40:00,2026-05-18 19:07:00,0,1,gen_20260922_200_30
202306007,南苑分馆,5,静音研读间,04-16,2026-05-18 14:07:00,2026-05-18 15:04:00,0,1,gen_20260922_200_30
202402011,南苑分馆,5,一号自习区,33-08,2026-05-18 17:40:00,2026-05-18 19:56:00,1,1,gen_20260922_200_30
202402011,专业资料室,3,一号自习区,19-04,2026-05-18 20:49:00,2026-05-18 22:08:00,0,1,gen_20260922_200_30
202408003,中心图书馆,3,一号自习区,22-24,2026-05-18 17:40:00,2026-05-18 19:23:00,0,1,gen_20260922_200_30
202408003,专业资料室,2,电子阅览区,20-04,2026-05-18 21:10:00,2026-05-18 22:29:00,0,1,gen_20260922_200_30
202203009,专业资料室,3,报刊阅览室,09-06,2026-05-18 13:48:00,2026-05-18 14:18:00,0,1,gen_20260922_200_30
202108006,专业资料室,2,静音研读间,36-18,2026-05-18 07:30:00,2026-05-18 11:30:00,0,1,gen_20260922_200_30
202108006,南苑分馆,4,报刊阅览室,30-23,2026-05-18 17:40:00,2026-05-18 18:53:00,0,1,gen_20260922_200_30
202203010,中心图书馆,2,二号自习区,26-21,2026-05-18 16:33:00,2026-05-18 17:41:00,0,1,gen_20260922_200_30
202203010,专业资料室,4,电子阅览区,12-11,2026-05-18 20:27:00,2026-05-18 22:29:00,0,1,gen_20260922_200_30
202303014,专业资料室,2,二号自习区,24-08,2026-05-18 19:24:00,2026-05-18 19:54:00,0,1,gen_20260922_200_30
202306008,中心图书馆,3,报刊阅览室,29-18,2026-05-18 16:08:00,2026-05-18 17:41:00,0,1,gen_20260922_200_30
202306008,专业资料室,4,一号自习区,38-18,2026-05-18 18:11:00,2026-05-18 21:10:00,1,1,gen_20260922_200_30
202406005,南苑分馆,2,静音研读间,39-04,2026-05-18 17:40:00,2026-05-18 19:11:00,0,1,gen_20260922_200_30
202406005,专业资料室,4,报刊阅览室,27-23,2026-05-18 21:28:00,2026-05-18 22:29:00,0,1,gen_20260922_200_30
202302008,中心图书馆,3,静音研读间,38-14,2026-05-18 14:07:00,2026-05-18 14:55:00,0,1,gen_20260922_200_30
202304010,专业资料室,5,电子阅览区,38-22,2026-05-18 14:07:00,2026-05-18 15:58:00,0,1,gen_20260922_200_30
202304010,中心图书馆,2,一号自习区,08-21,2026-05-18 17:40:00,2026-05-18 18:11:00,0,1,gen_20260922_200_30
202107003,中心图书馆,4,静音研读间,04-06,2026-05-18 16:16:00,2026-05-18 17:05:00,0,1,gen_20260922_200_30
202107003,南苑分馆,1,报刊阅览室,27-04,2026-05-18 21:09:00,2026-05-18 22:29:00,0,1,gen_20260922_200_30
202201022,中心图书馆,3,报刊阅览室,30-22,2026-05-18 13:45:00,2026-05-18 15:55:00,0,1,gen_20260922_200_30
202201022,中心图书馆,5,三层开架区,32-20,2026-05-18 17:40:00,2026-05-18 19:19:00,0,1,gen_20260922_200_30
202302001,南苑分馆,1,报刊阅览室,20-08,2026-05-18 13:18:00,2026-05-18 12:30:00,0,0,gen_20260922_200_30
202108003,专业资料室,4,三层开架区,13-18,2026-05-18 21:44:00,2026-05-22 05:56:00,0,0,gen_20260922_200_30
202307002,南苑分馆,1,电子阅览区,33-17,2026-05-18 18:29:00,2026-05-21 18:08:00,0,0,gen_20260922_200_30
202206001,专业资料室,3,二号自习区,03-05,2026-05-18 18:41:00,2026-05-18 17:05:00,0,0,gen_20260922_200_30
202303002,专业资料室,5,电子阅览区,08-02,2026-05-18 20:30:00,2026-05-20 16:22:00,0,0,gen_20260922_200_30
202203001,专业资料室,3,一号自习区,08-20,2026-05-19 14:32:00,2026-05-19 16:48:00,0,1,gen_20260922_200_30
202203001,中心图书馆,1,一号自习区,27-17,2026-05-19 17:40:00,2026-05-19 18:10:00,0,1,gen_20260922_200_30
202301001,专业资料室,2,电子阅览区,18-02,2026-05-19 21:07:00,2026-05-19 22:29:00,0,1,gen_20260922_200_30
202202001,专业资料室,4,报刊阅览室,38-24,2026-05-19 14:29:00,2026-05-19 15:23:00,0,1,gen_20260922_200_30
202102001,南苑分馆,2,二号自习区,29-10,2026-05-19 14:21:00,2026-05-19 17:04:00,0,1,gen_20260922_200_30
202102001,南苑分馆,5,三层开架区,24-11,2026-05-19 17:40:00,2026-05-19 19:49:00,1,1,gen_20260922_200_30
202102002,专业资料室,2,三层开架区,23-11,2026-05-19 09:16:00,2026-05-19 10:11:00,0,1,gen_20260922_200_30
202102002,专业资料室,1,一号自习区,32-19,2026-05-19 17:40:00,2026-05-19 21:40:00,1,1,gen_20260922_200_30
202302002,中心图书馆,2,一号自习区,21-24,2026-05-19 21:02:00,2026-05-19 22:27:00,0,1,gen_20260922_200_30
202201002,专业资料室,5,二号自习区,14-02,2026-05-19 15:44:00,2026-05-19 16:38:00,0,1,gen_20260922_200_30
202201002,南苑分馆,3,三层开架区,32-14,2026-05-19 17:40:00,2026-05-19 19:16:00,0,1,gen_20260922_200_30
202303001,专业资料室,3,一号自习区,15-19,2026-05-19 15:01:00,2026-05-19 17:47:00,1,1,gen_20260922_200_30
202304001,专业资料室,5,报刊阅览室,21-14,2026-05-19 14:01:00,2026-05-19 14:47:00,0,1,gen_20260922_200_30
202407001,中心图书馆,1,三层开架区,11-14,2026-05-19 15:22:00,2026-05-19 17:52:00,1,1,gen_20260922_200_30
202407001,中心图书馆,5,电子阅览区,18-17,2026-05-19 18:40:00,2026-05-19 21:31:00,0,1,gen_20260922_200_30
202303002,南苑分馆,4,二号自习区,32-12,2026-05-19 17:12:00,2026-05-19 19:47:00,1,1,gen_20260922_200_30
202303002,中心图书馆,1,静音研读间,35-12,2026-05-19 20:41:00,2026-05-19 21:47:00,0,1,gen_20260922_200_30
202401002,中心图书馆,2,一号自习区,26-10,2026-05-19 15:13:00,2026-05-19 19:13:00,1,1,gen_20260922_200_30
202401002,南苑分馆,5,报刊阅览室,17-01,2026-05-19 19:29:00,2026-05-19 20:58:00,0,1,gen_20260922_200_30
202201003,南苑分馆,4,报刊阅览室,26-16,2026-05-19 15:37:00,2026-05-19 18:19:00,1,1,gen_20260922_200_30
202201003,中心图书馆,3,一号自习区,03-10,2026-05-19 20:53:00,2026-05-19 21:50:00,0,1,gen_20260922_200_30
202201004,中心图书馆,4,静音研读间,27-09,2026-05-19 14:51:00,2026-05-19 15:35:00,0,1,gen_20260922_200_30
202201004,南苑分馆,2,电子阅览区,01-13,2026-05-19 21:53:00,2026-05-19 22:29:00,0,1,gen_20260922_200_30
202104002,南苑分馆,2,二号自习区,34-15,2026-05-19 12:14:00,2026-05-19 14:34:00,0,1,gen_20260922_200_30
202104002,南苑分馆,4,一号自习区,36-08,2026-05-19 17:40:00,2026-05-19 20:39:00,1,1,gen_20260922_200_30
202307001,中心图书馆,2,电子阅览区,01-11,2026-05-19 14:49:00,2026-05-19 16:25:00,0,1,gen_20260922_200_30
202402001,专业资料室,4,三层开架区,28-06,2026-05-19 15:12:00,2026-05-19 17:15:00,0,1,gen_20260922_200_30
202402001,中心图书馆,4,静音研读间,37-04,2026-05-19 17:40:00,2026-05-19 21:40:00,1,1,gen_20260922_200_30
202306001,专业资料室,4,二号自习区,24-20,2026-05-19 17:40:00,2026-05-19 18:43:00,0,1,gen_20260922_200_30
202306001,中心图书馆,2,三层开架区,28-22,2026-05-19 19:30:00,2026-05-19 22:29:00,0,1,gen_20260922_200_30
202303003,专业资料室,3,二号自习区,01-17,2026-05-19 15:06:00,2026-05-19 16:08:00,0,1,gen_20260922_200_30
202303003,南苑分馆,3,一号自习区,15-17,2026-05-19 17:40:00,2026-05-19 19:47:00,1,1,gen_20260922_200_30
202208001,专业资料室,4,电子阅览区,34-09,2026-05-19 14:25:00,2026-05-19 14:55:00,0,1,gen_20260922_200_30
202201005,专业资料室,5,三层开架区,38-03,2026-05-19 17:40:00,2026-05-19 19:36:00,0,1,gen_20260922_200_30
202201005,中心图书馆,4,三层开架区,23-06,2026-05-19 20:25:00,2026-05-19 21:48:00,0,1,gen_20260922_200_30
202302003,中心图书馆,3,电子阅览区,02-14,2026-05-19 17:48:00,2026-05-19 19:52:00,1,1,gen_20260922_200_30
202201006,南苑分馆,1,三层开架区,03-11,2026-05-19 19:24:00,2026-05-19 22:29:00,0,1,gen_20260922_200_30
202303004,专业资料室,3,电子阅览区,32-22,2026-05-19 18:42:00,2026-05-19 19:31:00,0,1,gen_20260922_200_30
202303004,专业资料室,4,三层开架区,07-21,2026-05-19 20:03:00,2026-05-19 21:33:00,0,1,gen_20260922_200_30
202402002,南苑分馆,1,电子阅览区,21-17,2026-05-19 15:45:00,2026-05-19 16:23:00,0,1,gen_20260922_200_30
202303005,专业资料室,2,一号自习区,10-20,2026-05-19 17:40:00,2026-05-19 18:38:00,0,1,gen_20260922_200_30
202303005,南苑分馆,4,静音研读间,21-11,2026-05-19 20:24:00,2026-05-19 22:28:00,0,1,gen_20260922_200_30
202301002,中心图书馆,1,一号自习区,25-11,2026-05-19 15:35:00,2026-05-19 17:26:00,0,1,gen_20260922_200_30
202404001,中心图书馆,2,报刊阅览室,16-11,2026-05-19 16:21:00,2026-05-19 18:45:00,1,1,gen_20260922_200_30
202404001,南苑分馆,1,报刊阅览室,04-18,2026-05-19 20:47:00,2026-05-19 22:29:00,0,1,gen_20260922_200_30
202407002,专业资料室,1,二号自习区,18-22,2026-05-19 11:25:00,2026-05-19 12:01:00,0,1,gen_20260922_200_30
202407002,南苑分馆,1,一号自习区,11-18,2026-05-19 21:00:00,2026-05-19 22:29:00,0,1,gen_20260922_200_30
202201007,南苑分馆,2,报刊阅览室,03-08,2026-05-19 15:10:00,2026-05-19 15:40:00,0,1,gen_20260922_200_30
202306002,中心图书馆,5,二号自习区,37-07,2026-05-19 19:54:00,2026-05-19 22:29:00,0,1,gen_20260922_200_30
202306002,专业资料室,5,三层开架区,22-09,2026-05-19 21:55:00,2026-05-19 22:30:00,0,1,gen_20260922_200_30
202308002,专业资料室,4,报刊阅览室,04-15,2026-05-19 16:28:00,2026-05-19 16:58:00,0,1,gen_20260922_200_30
202302004,中心图书馆,1,二号自习区,18-10,2026-05-19 15:48:00,2026-05-19 19:48:00,1,1,gen_20260922_200_30
202302004,南苑分馆,2,静音研读间,33-20,2026-05-19 20:27:00,2026-05-19 22:29:00,0,1,gen_20260922_200_30
202201008,专业资料室,4,三层开架区,39-15,2026-05-19 19:53:00,2026-05-19 21:43:00,0,1,gen_20260922_200_30
202302005,南苑分馆,2,静音研读间,02-21,2026-05-19 19:05:00,2026-05-19 20:30:00,0,1,gen_20260922_200_30
202206001,专业资料室,1,一号自习区,05-06,2026-05-19 15:59:00,2026-05-19 18:07:00,1,1,gen_20260922_200_30
202206001,中心图书馆,5,静音研读间,07-04,2026-05-19 18:46:00,2026-05-19 21:27:00,0,1,gen_20260922_200_30
202307002,专业资料室,1,静音研读间,05-18,2026-05-19 09:26:00,2026-05-19 10:18:00,0,1,gen_20260922_200_30
202307002,南苑分馆,4,三层开架区,31-21,2026-05-19 17:40:00,2026-05-19 19:40:00,1,1,gen_20260922_200_30
202302006,专业资料室,1,三层开架区,18-16,2026-05-19 17:40:00,2026-05-19 19:21:00,0,1,gen_20260922_200_30
202302006,南苑分馆,5,二号自习区,38-10,2026-05-19 19:22:00,2026-05-19 21:38:00,0,1,gen_20260922_200_30
202403001,专业资料室,2,三层开架区,09-02,2026-05-19 17:40:00,2026-05-19 19:31:00,0,1,gen_20260922_200_30
202403001,专业资料室,1,一号自习区,03-12,2026-05-19 19:46:00,2026-05-19 22:06:00,0,1,gen_20260922_200_30
202204001,中心图书馆,4,三层开架区,27-01,2026-05-19 18:42:00,2026-05-19 20:38:00,0,1,gen_20260922_200_30
202204001,中心图书馆,5,静音研读间,05-15,2026-05-19 21:15:00,2026-05-19 22:29:00,0,1,gen_20260922_200_30
202403002,专业资料室,5,静音研读间,33-15,2026-05-19 17:40:00,2026-05-19 19:57:00,1,1,gen_20260922_200_30
202403002,中心图书馆,4,二号自习区,06-09,2026-05-19 20:17:00,2026-05-19 22:09:00,0,1,gen_20260922_200_30
202401003,中心图书馆,5,电子阅览区,03-14,2026-05-19 16:01:00,2026-05-19 17:47:00,0,1,gen_20260922_200_30
202401003,专业资料室,1,三层开架区,15-12,2026-05-19 18:46:00,2026-05-19 21:47:00,0,1,gen_20260922_200_30
202301003,专业资料室,4,一号自习区,28-01,2026-05-19 16:13:00,2026-05-19 20:13:00,1,1,gen_20260922_200_30
202301003,专业资料室,4,一号自习区,36-06,2026-05-19 20:57:00,2026-05-19 22:29:00,0,1,gen_20260922_200_30
202201009,南苑分馆,1,电子阅览区,11-02,2026-05-19 17:40:00,2026-05-19 19:57:00,1,1,gen_20260922_200_30
202201009,专业资料室,2,二号自习区,13-03,2026-05-19 20:46:00,2026-05-19 22:25:00,0,1,gen_20260922_200_30
202403003,中心图书馆,3,报刊阅览室,20-06,2026-05-19 14:32:00,2026-05-19 16:10:00,0,1,gen_20260922_200_30
202403003,专业资料室,3,二号自习区,27-01,2026-05-19 17:40:00,2026-05-19 20:22:00,1,1,gen_20260922_200_30
202301004,南苑分馆,5,电子阅览区,28-13,2026-05-19 16:34:00,2026-05-19 18:01:00,0,1,gen_20260922_200_30
202201010,专业资料室,3,二号自习区,02-23,2026-05-19 19:11:00,2026-05-19 20:39:00,0,1,gen_20260922_200_30
202107001,专业资料室,5,报刊阅览室,09-16,2026-05-19 16:22:00,2026-05-19 17:16:00,0,1,gen_20260922_200_30
202204002,专业资料室,5,电子阅览区,33-07,2026-05-19 09:05:00,2026-05-19 13:05:00,1,1,gen_20260922_200_30
202307003,中心图书馆,1,电子阅览区,25-22,2026-05-19 10:02:00,2026-05-19 11:52:00,0,1,gen_20260922_200_30
202307003,南苑分馆,2,一号自习区,17-23,2026-05-19 17:40:00,2026-05-19 18:27:00,0,1,gen_20260922_200_30
202205001,专业资料室,2,二号自习区,09-10,2026-05-19 14:14:00,2026-05-19 16:28:00,0,1,gen_20260922_200_30
202303006,专业资料室,4,报刊阅览室,04-23,2026-05-19 14:53:00,2026-05-19 18:32:00,1,1,gen_20260922_200_30
202203002,中心图书馆,5,报刊阅览室,12-11,2026-05-19 19:51:00,2026-05-19 21:36:00,0,1,gen_20260922_200_30
202101001,中心图书馆,5,一号自习区,21-06,2026-05-19 15:28:00,2026-05-19 16:03:00,0,1,gen_20260922_200_30
202101001,南苑分馆,2,二号自习区,23-01,2026-05-19 21:05:00,2026-05-19 21:35:00,0,1,gen_20260922_200_30
202207001,专业资料室,5,二号自习区,38-10,2026-05-19 18:47:00,2026-05-19 20:36:00,0,1,gen_20260922_200_30
202304003,南苑分馆,4,静音研读间,06-19,2026-05-19 15:19:00,2026-05-19 17:06:00,0,1,gen_20260922_200_30
202201011,南苑分馆,2,二号自习区,23-22,2026-05-19 15:48:00,2026-05-19 18:05:00,1,1,gen_20260922_200_30
202201011,南苑分馆,3,一号自习区,39-22,2026-05-19 18:38:00,2026-05-19 22:29:00,1,1,gen_20260922_200_30
202306003,南苑分馆,5,一号自习区,34-24,2026-05-19 15:56:00,2026-05-19 19:02:00,1,1,gen_20260922_200_30
202306003,南苑分馆,5,二号自习区,33-09,2026-05-19 19:31:00,2026-05-19 20:09:00,0,1,gen_20260922_200_30
202408001,中心图书馆,2,静音研读间,13-15,2026-05-19 14:00:00,2026-05-19 15:52:00,0,1,gen_20260922_200_30
202201012,南苑分馆,4,报刊阅览室,04-21,2026-05-19 14:13:00,2026-05-19 15:24:00,0,1,gen_20260922_200_30
202201012,中心图书馆,3,报刊阅览室,17-21,2026-05-19 17:40:00,2026-05-19 20:13:00,1,1,gen_20260922_200_30
202204003,中心图书馆,3,二号自习区,21-20,2026-05-19 17:55:00,2026-05-19 18:59:00,0,1,gen_20260922_200_30
202205002,中心图书馆,5,报刊阅览室,27-16,2026-05-19 16:27:00,2026-05-19 19:55:00,1,1,gen_20260922_200_30
202205002,南苑分馆,5,电子阅览区,21-23,2026-05-19 20:51:00,2026-05-19 21:55:00,0,1,gen_20260922_200_30
202202002,中心图书馆,5,一号自习区,28-12,2026-05-19 15:59:00,2026-05-19 18:16:00,1,1,gen_20260922_200_30
202202002,中心图书馆,3,电子阅览区,20-03,2026-05-19 18:47:00,2026-05-19 21:10:00,0,1,gen_20260922_200_30
202407003,专业资料室,5,静音研读间,34-09,2026-05-19 17:40:00,2026-05-19 18:26:00,0,1,gen_20260922_200_30
202407003,南苑分馆,4,三层开架区,18-14,2026-05-19 20:10:00,2026-05-19 22:29:00,0,1,gen_20260922_200_30
202301005,中心图书馆,5,电子阅览区,38-01,2026-05-19 15:29:00,2026-05-19 16:50:00,0,1,gen_20260922_200_30
202301005,南苑分馆,1,一号自习区,29-05,2026-05-19 17:40:00,2026-05-19 20:23:00,1,1,gen_20260922_200_30
202101002,中心图书馆,1,电子阅览区,37-16,2026-05-19 17:40:00,2026-05-19 19:17:00,0,1,gen_20260922_200_30
202101002,中心图书馆,2,三层开架区,21-06,2026-05-19 19:46:00,2026-05-19 22:29:00,0,1,gen_20260922_200_30
202304004,中心图书馆,4,报刊阅览室,15-06,2026-05-19 15:34:00,2026-05-19 18:50:00,1,1,gen_20260922_200_30
202108001,中心图书馆,3,静音研读间,37-11,2026-05-19 20:35:00,2026-05-19 22:09:00,0,1,gen_20260922_200_30
202301006,专业资料室,3,报刊阅览室,10-21,2026-05-19 15:59:00,2026-05-19 18:26:00,1,1,gen_20260922_200_30
202303007,南苑分馆,4,二号自习区,10-07,2026-05-19 08:10:00,2026-05-19 11:35:00,0,1,gen_20260922_200_30
202303007,专业资料室,2,电子阅览区,35-08,2026-05-19 19:16:00,2026-05-19 21:08:00,0,1,gen_20260922_200_30
202303008,中心图书馆,2,二号自习区,37-05,2026-05-19 17:31:00,2026-05-19 19:48:00,1,1,gen_20260922_200_30
202303008,中心图书馆,4,二号自习区,38-13,2026-05-19 20:09:00,2026-05-19 21:26:00,0,1,gen_20260922_200_30
202403005,中心图书馆,4,报刊阅览室,11-13,2026-05-19 13:46:00,2026-05-19 15:02:00,0,1,gen_20260922_200_30
202403005,中心图书馆,4,静音研读间,18-03,2026-05-19 17:40:00,2026-05-19 19:23:00,0,1,gen_20260922_200_30
202401005,南苑分馆,5,二号自习区,20-23,2026-05-19 15:35:00,2026-05-19 17:06:00,0,1,gen_20260922_200_30
202206002,中心图书馆,3,静音研读间,21-14,2026-05-19 17:40:00,2026-05-19 18:24:00,0,1,gen_20260922_200_30
202206002,南苑分馆,5,二号自习区,32-21,2026-05-19 20:03:00,2026-05-19 22:29:00,0,1,gen_20260922_200_30
202308003,中心图书馆,4,静音研读间,16-24,2026-05-19 16:10:00,2026-05-19 18:36:00,1,1,gen_20260922_200_30
202203003,中心图书馆,1,二号自习区,37-19,2026-05-19 18:38:00,2026-05-19 20:00:00,0,1,gen_20260922_200_30
202203003,南苑分馆,4,报刊阅览室,29-03,2026-05-19 21:55:00,2026-05-19 22:30:00,0,1,gen_20260922_200_30
202201014,南苑分馆,3,一号自习区,30-03,2026-05-19 14:55:00,2026-05-19 15:33:00,0,1,gen_20260922_200_30
202405001,南苑分馆,3,电子阅览区,10-08,2026-05-19 15:21:00,2026-05-19 15:58:00,0,1,gen_20260922_200_30
202405001,专业资料室,3,报刊阅览室,31-08,2026-05-19 19:01:00,2026-05-19 19:31:00,0,1,gen_20260922_200_30
202202003,中心图书馆,4,静音研读间,16-05,2026-05-19 17:40:00,2026-05-19 18:35:00,0,1,gen_20260922_200_30
202202003,中心图书馆,5,三层开架区,01-19,2026-05-19 19:14:00,2026-05-19 19:44:00,0,1,gen_20260922_200_30
202203004,南苑分馆,5,报刊阅览室,01-24,2026-05-19 20:05:00,2026-05-19 22:29:00,0,1,gen_20260922_200_30
202205003,专业资料室,2,电子阅览区,32-23,2026-05-19 14:26:00,2026-05-19 16:27:00,0,1,gen_20260922_200_30
202205003,南苑分馆,1,三层开架区,34-14,2026-05-19 17:40:00,2026-05-19 20:37:00,1,1,gen_20260922_200_30
202401006,专业资料室,4,二号自习区,23-04,2026-05-19 09:34:00,2026-05-19 11:08:00,0,1,gen_20260922_200_30
202401006,南苑分馆,2,报刊阅览室,26-15,2026-05-19 17:40:00,2026-05-19 18:38:00,0,1,gen_20260922_200_30
202201015,南苑分馆,3,一号自习区,25-13,2026-05-19 16:06:00,2026-05-19 17:23:00,0,1,gen_20260922_200_30
202307004,南苑分馆,2,二号自习区,27-05,2026-05-19 14:01:00,2026-05-19 16:19:00,0,1,gen_20260922_200_30
202406001,专业资料室,3,报刊阅览室,03-16,2026-05-19 13:35:00,2026-05-19 14:38:00,0,1,gen_20260922_200_30
202106001,南苑分馆,2,电子阅览区,35-21,2026-05-19 18:23:00,2026-05-19 19:12:00,0,1,gen_20260922_200_30
202204004,南苑分馆,2,三层开架区,36-05,2026-05-19 14:31:00,2026-05-19 17:00:00,0,1,gen_20260922_200_30
202204004,南苑分馆,4,静音研读间,07-02,2026-05-19 20:33:00,2026-05-19 22:29:00,0,1,gen_20260922_200_30
202406002,专业资料室,2,二号自习区,08-06,2026-05-19 18:45:00,2026-05-19 21:25:00,0,1,gen_20260922_200_30
202101003,中心图书馆,1,一号自习区,03-04,2026-05-19 13:45:00,2026-05-19 15:14:00,0,1,gen_20260922_200_30
202101003,南苑分馆,3,一号自习区,06-02,2026-05-19 17:40:00,2026-05-19 21:40:00,1,1,gen_20260922_200_30
202403006,专业资料室,1,一号自习区,11-16,2026-05-19 17:40:00,2026-05-19 19:32:00,0,1,gen_20260922_200_30
202403006,中心图书馆,5,电子阅览区,23-13,2026-05-19 19:56:00,2026-05-19 22:27:00,0,1,gen_20260922_200_30
202103001,中心图书馆,2,三层开架区,12-10,2026-05-19 17:40:00,2026-05-19 18:25:00,0,1,gen_20260922_200_30
202103001,专业资料室,1,电子阅览区,04-20,2026-05-19 20:33:00,2026-05-19 22:29:00,0,1,gen_20260922_200_30
202303009,专业资料室,5,静音研读间,39-05,2026-05-19 19:40:00,2026-05-19 22:29:00,0,1,gen_20260922_200_30
202303009,中心图书馆,2,报刊阅览室,13-06,2026-05-19 21:55:00,2026-05-19 22:30:00,0,1,gen_20260922_200_30
202108002,南苑分馆,4,静音研读间,26-02,2026-05-19 20:29:00,2026-05-19 21:19:00,0,1,gen_20260922_200_30
202203005,中心图书馆,2,电子阅览区,02-20,2026-05-19 17:40:00,2026-05-19 21:28:00,1,1,gen_20260922_200_30
202203005,专业资料室,4,三层开架区,06-14,2026-05-19 21:43:00,2026-05-19 22:29:00,0,1,gen_20260922_200_30
202303010,南苑分馆,1,三层开架区,22-07,2026-05-19 15:24:00,2026-05-19 19:24:00,1,1,gen_20260922_200_30
202105001,中心图书馆,2,电子阅览区,01-01,2026-05-19 17:40:00,2026-05-19 19:14:00,0,1,gen_20260922_200_30
202105001,中心图书馆,4,三层开架区,15-15,2026-05-19 19:39:00,2026-05-19 20:29:00,0,1,gen_20260922_200_30
202205004,南苑分馆,5,报刊阅览室,11-09,2026-05-19 15:23:00,2026-05-19 16:21:00,0,1,gen_20260922_200_30
202205005,中心图书馆,5,电子阅览区,36-17,2026-05-19 13:46:00,2026-05-19 14:38:00,0,1,gen_20260922_200_30
202201016,中心图书馆,5,静音研读间,38-04,2026-05-19 16:59:00,2026-05-19 19:02:00,1,1,gen_20260922_200_30
202201016,中心图书馆,1,一号自习区,28-07,2026-05-19 20:04:00,2026-05-19 22:00:00,0,1,gen_20260922_200_30
202206003,中心图书馆,4,电子阅览区,35-24,2026-05-19 13:24:00,2026-05-19 15:14:00,0,1,gen_20260922_200_30
202206003,专业资料室,1,三层开架区,29-10,2026-05-19 17:40:00,2026-05-19 20:12:00,1,1,gen_20260922_200_30
202107002,南苑分馆,2,报刊阅览室,32-17,2026-05-19 08:29:00,2026-05-19 09:45:00,0,1,gen_20260922_200_30
202107002,中心图书馆,1,电子阅览区,01-15,2026-05-19 20:07:00,2026-05-19 21:50:00,0,1,gen_20260922_200_30
202404002,南苑分馆,1,静音研读间,24-08,2026-05-19 15:25:00,2026-05-19 17:17:00,0,1,gen_20260922_200_30
202308004,中心图书馆,4,二号自习区,30-18,2026-05-19 15:31:00,2026-05-19 17:55:00,1,1,gen_20260922_200_30
202308004,中心图书馆,5,报刊阅览室,28-08,2026-05-19 21:42:00,2026-05-19 22:29:00,0,1,gen_20260922_200_30
202303011,中心图书馆,2,电子阅览区,13-10,2026-05-19 17:18:00,2026-05-19 17:59:00,0,1,gen_20260922_200_30
202303011,南苑分馆,1,电子阅览区,11-12,2026-05-19 20:35:00,2026-05-19 22:29:00,0,1,gen_20260922_200_30
202402003,专业资料室,3,静音研读间,26-11,2026-05-19 14:39:00,2026-05-19 18:35:00,1,1,gen_20260922_200_30
202402003,南苑分馆,2,三层开架区,04-24,2026-05-19 19:34:00,2026-05-19 22:29:00,0,1,gen_20260922_200_30
202202004,中心图书馆,4,一号自习区,02-24,2026-05-19 20:48:00,2026-05-19 21:59:00,0,1,gen_20260922_200_30
202204005,专业资料室,3,三层开架区,27-02,2026-05-19 19:24:00,2026-05-19 22:29:00,0,1,gen_20260922_200_30
202204005,南苑分馆,1,报刊阅览室,29-24,2026-05-19 21:55:00,2026-05-19 22:30:00,0,1,gen_20260922_200_30
202102003,南苑分馆,5,二号自习区,31-05,2026-05-19 19:30:00,2026-05-19 20:33:00,0,1,gen_20260922_200_30
202102003,专业资料室,5,报刊阅览室,09-07,2026-05-19 21:31:00,2026-05-19 22:29:00,0,1,gen_20260922_200_30
202301007,专业资料室,5,静音研读间,17-06,2026-05-19 12:07:00,2026-05-19 13:56:00,0,1,gen_20260922_200_30
202301007,中心图书馆,2,三层开架区,02-06,2026-05-19 17:40:00,2026-05-19 18:47:00,0,1,gen_20260922_200_30
202305002,南苑分馆,3,静音研读间,18-16,2026-05-19 14:26:00,2026-05-19 16:36:00,0,1,gen_20260922_200_30
202303012,专业资料室,4,二号自习区,32-22,2026-05-19 14:18:00,2026-05-19 14:48:00,0,1,gen_20260922_200_30
202102004,专业资料室,2,一号自习区,23-23,2026-05-19 19:46:00,2026-05-19 22:29:00,0,1,gen_20260922_200_30
202402004,专业资料室,3,静音研读间,19-24,2026-05-19 17:40:00,2026-05-19 19:38:00,0,1,gen_20260922_200_30
202402004,专业资料室,4,静音研读间,24-23,2026-05-19 20:59:00,2026-05-19 22:29:00,0,1,gen_20260922_200_30
202203006,专业资料室,4,静音研读间,17-15,2026-05-19 14:11:00,2026-05-19 16:16:00,0,1,gen_20260922_200_30
202203006,中心图书馆,3,电子阅览区,10-07,2026-05-19 19:55:00,2026-05-19 20:44:00,0,1,gen_20260922_200_30
202201017,南苑分馆,3,三层开架区,13-24,2026-05-19 14:02:00,2026-05-19 17:18:00,0,1,gen_20260922_200_30
202201017,南苑分馆,5,一号自习区,13-19,2026-05-19 17:40:00,2026-05-19 21:31:00,1,1,gen_20260922_200_30
202402005,专业资料室,1,二号自习区,11-15,2026-05-19 17:40:00,2026-05-19 19:37:00,0,1,gen_20260922_200_30
202402005,中心图书馆,3,一号自习区,21-03,2026-05-19 20:06:00,2026-05-19 21:24:00,0,1,gen_20260922_200_30
202306005,中心图书馆,4,电子阅览区,34-17,2026-05-19 15:28:00,2026-05-19 19:28:00,1,1,gen_20260922_200_30
202306005,专业资料室,3,二号自习区,27-09,2026-05-19 20:00:00,2026-05-19 21:44:00,0,1,gen_20260922_200_30
202402006,南苑分馆,4,二号自习区,08-16,2026-05-19 16:18:00,2026-05-19 17:32:00,0,1,gen_20260922_200_30
202402006,专业资料室,4,一号自习区,03-09,2026-05-19 17:40:00,2026-05-19 18:21:00,0,1,gen_20260922_200_30
202405002,南苑分馆,5,静音研读间,05-24,2026-05-19 16:34:00,2026-05-19 20:34:00,1,1,gen_20260922_200_30
202405002,中心图书馆,4,报刊阅览室,08-11,2026-05-19 21:13:00,2026-05-19 22:29:00,0,1,gen_20260922_200_30
202301008,南苑分馆,2,二号自习区,39-08,2026-05-19 15:24:00,2026-05-19 19:01:00,1,1,gen_20260922_200_30
202106002,中心图书馆,3,静音研读间,30-09,2026-05-19 14:13:00,2026-05-19 15:29:00,0,1,gen_20260922_200_30
202201018,中心图书馆,3,二号自习区,10-13,2026-05-19 14:58:00,2026-05-19 15:43:00,0,1,gen_20260922_200_30
202203007,专业资料室,3,三层开架区,07-20,2026-05-19 14:42:00,2026-05-19 15:12:00,0,1,gen_20260922_200_30
202204006,南苑分馆,4,静音研读间,05-21,2026-05-19 13:28:00,2026-05-19 15:01:00,0,1,gen_20260922_200_30
202403009,南苑分馆,1,二号自习区,37-24,2026-05-19 19:54:00,2026-05-19 21:27:00,0,1,gen_20260922_200_30
202202005,中心图书馆,1,二号自习区,32-11,2026-05-19 19:58:00,2026-05-19 22:29:00,0,1,gen_20260922_200_30
202108003,中心图书馆,1,二号自习区,12-02,2026-05-19 15:49:00,2026-05-19 19:41:00,1,1,gen_20260922_200_30
202403010,中心图书馆,1,一号自习区,01-09,2026-05-19 15:02:00,2026-05-19 19:02:00,1,1,gen_20260922_200_30
202403010,中心图书馆,3,静音研读间,16-19,2026-05-19 19:40:00,2026-05-19 22:29:00,0,1,gen_20260922_200_30
202403011,专业资料室,5,静音研读间,36-13,2026-05-19 16:20:00,2026-05-19 20:02:00,1,1,gen_20260922_200_30
202403012,专业资料室,1,二号自习区,06-09,2026-05-19 15:52:00,2026-05-19 16:25:00,0,1,gen_20260922_200_30
202403012,南苑分馆,2,报刊阅览室,31-17,2026-05-19 18:22:00,2026-05-19 19:25:00,0,1,gen_20260922_200_30
202301009,南苑分馆,5,一号自习区,18-07,2026-05-19 13:55:00,2026-05-19 17:55:00,1,1,gen_20260922_200_30
202301009,中心图书馆,1,三层开架区,37-24,2026-05-19 18:35:00,2026-05-19 19:56:00,0,1,gen_20260922_200_30
202204007,专业资料室,2,一号自习区,29-16,2026-05-19 14:09:00,2026-05-19 18:09:00,1,1,gen_20260922_200_30
202204007,南苑分馆,2,一号自习区,10-02,2026-05-19 18:56:00,2026-05-19 19:43:00,0,1,gen_20260922_200_30
202207002,专业资料室,4,一号自习区,25-09,2026-05-19 14:03:00,2026-05-19 15:18:00,0,1,gen_20260922_200_30
202207003,南苑分馆,4,一号自习区,01-22,2026-05-19 17:40:00,2026-05-19 19:43:00,1,1,gen_20260922_200_30
202207003,中心图书馆,2,报刊阅览室,09-10,2026-05-19 20:21:00,2026-05-19 22:29:00,0,1,gen_20260922_200_30
202201019,专业资料室,4,电子阅览区,17-04,2026-05-19 17:40:00,2026-05-19 21:40:00,1,1,gen_20260922_200_30
202201019,专业资料室,3,报刊阅览室,12-09,2026-05-19 21:55:00,2026-05-19 22:30:00,0,1,gen_20260922_200_30
202203008,南苑分馆,2,电子阅览区,31-22,2026-05-19 19:56:00,2026-05-19 21:11:00,0,1,gen_20260922_200_30
202101005,南苑分馆,1,报刊阅览室,09-08,2026-05-19 09:18:00,2026-05-19 09:48:00,0,1,gen_20260922_200_30
202101005,中心图书馆,4,二号自习区,38-17,2026-05-19 17:40:00,2026-05-19 18:51:00,0,1,gen_20260922_200_30
202201020,专业资料室,3,报刊阅览室,27-09,2026-05-19 17:40:00,2026-05-19 21:40:00,1,1,gen_20260922_200_30
202201020,南苑分馆,3,静音研读间,11-07,2026-05-19 21:55:00,2026-05-19 22:30:00,0,1,gen_20260922_200_30
202402009,专业资料室,2,一号自习区,29-06,2026-05-19 14:30:00,2026-05-19 18:30:00,1,1,gen_20260922_200_30
202402009,专业资料室,1,电子阅览区,05-04,2026-05-19 19:11:00,2026-05-19 21:41:00,0,1,gen_20260922_200_30
202401007,南苑分馆,4,三层开架区,03-24,2026-05-19 15:32:00,2026-05-19 16:31:00,0,1,gen_20260922_200_30
202401007,专业资料室,4,报刊阅览室,26-14,2026-05-19 20:54:00,2026-05-19 22:29:00,0,1,gen_20260922_200_30
202304005,中心图书馆,2,静音研读间,25-08,2026-05-19 14:22:00,2026-05-19 16:17:00,0,1,gen_20260922_200_30
202304005,南苑分馆,2,电子阅览区,08-09,2026-05-19 17:40:00,2026-05-19 19:18:00,0,1,gen_20260922_200_30
202408002,南苑分馆,3,电子阅览区,33-12,2026-05-19 19:39:00,2026-05-19 20:52:00,0,1,gen_20260922_200_30
202306006,南苑分馆,1,一号自习区,09-11,2026-05-19 17:18:00,2026-05-19 19:10:00,0,1,gen_20260922_200_30
202306006,专业资料室,1,静音研读间,34-22,2026-05-19 20:07:00,2026-05-19 21:10:00,0,1,gen_20260922_200_30
202105002,专业资料室,5,二号自习区,17-10,2026-05-19 14:57:00,2026-05-19 17:55:00,1,1,gen_20260922_200_30
202105002,南苑分馆,2,三层开架区,39-05,2026-05-19 18:22:00,2026-05-19 22:22:00,1,1,gen_20260922_200_30
202201021,南苑分馆,4,二号自习区,31-11,2026-05-19 17:40:00,2026-05-19 18:51:00,0,1,gen_20260922_200_30
202201021,中心图书馆,5,静音研读间,27-15,2026-05-19 21:10:00,2026-05-19 22:29:00,0,1,gen_20260922_200_30
202406003,中心图书馆,4,二号自习区,33-04,2026-05-19 14:01:00,2026-05-19 16:35:00,0,1,gen_20260922_200_30
202303013,南苑分馆,4,三层开架区,03-08,2026-05-19 08:53:00,2026-05-19 10:56:00,0,1,gen_20260922_200_30
202303013,专业资料室,4,二号自习区,26-14,2026-05-19 17:40:00,2026-05-19 20:08:00,1,1,gen_20260922_200_30
202304007,专业资料室,3,报刊阅览室,28-11,2026-05-19 17:40:00,2026-05-19 20:44:00,1,1,gen_20260922_200_30
202304007,专业资料室,5,静音研读间,19-05,2026-05-19 21:34:00,2026-05-19 22:29:00,0,1,gen_20260922_200_30
202406004,专业资料室,3,静音研读间,23-16,2026-05-19 17:40:00,2026-05-19 20:14:00,1,1,gen_20260922_200_30
202406004,中心图书馆,1,三层开架区,20-04,2026-05-19 20:44:00,2026-05-19 22:29:00,0,1,gen_20260922_200_30
202206004,专业资料室,2,三层开架区,03-23,2026-05-19 20:51:00,2026-05-19 21:45:00,0,1,gen_20260922_200_30
202204009,南苑分馆,1,三层开架区,34-06,2026-05-19 13:54:00,2026-05-19 14:44:00,0,1,gen_20260922_200_30
202407004,中心图书馆,4,报刊阅览室,14-23,2026-05-19 15:03:00,2026-05-19 16:29:00,0,1,gen_20260922_200_30
202407004,中心图书馆,4,电子阅览区,26-23,2026-05-19 17:40:00,2026-05-19 19:39:00,0,1,gen_20260922_200_30
202108004,南苑分馆,3,静音研读间,10-06,2026-05-19 17:40:00,2026-05-19 19:08:00,0,1,gen_20260922_200_30
202108004,专业资料室,1,电子阅览区,09-19,2026-05-19 19:57:00,2026-05-19 21:07:00,0,1,gen_20260922_200_30
202205007,专业资料室,5,报刊阅览室,01-21,2026-05-19 19:19:00,2026-05-19 20:32:00,0,1,gen_20260922_200_30
202205007,南苑分馆,2,电子阅览区,33-02,2026-05-19 20:48:00,2026-05-19 21:56:00,0,1,gen_20260922_200_30
202402010,中心图书馆,4,电子阅览区,21-06,2026-05-19 08:19:00,2026-05-19 11:39:00,0,1,gen_20260922_200_30
202301010,中心图书馆,2,二号自习区,28-21,2026-05-19 13:22:00,2026-05-19 15:40:00,0,1,gen_20260922_200_30
202306007,中心图书馆,4,电子阅览区,16-22,2026-05-19 17:40:00,2026-05-19 19:09:00,0,1,gen_20260922_200_30
202306007,南苑分馆,1,三层开架区,09-04,2026-05-19 21:16:00,2026-05-19 21:58:00,0,1,gen_20260922_200_30
202402011,中心图书馆,1,二号自习区,24-19,2026-05-19 17:40:00,2026-05-19 19:12:00,0,1,gen_20260922_200_30
202402011,南苑分馆,3,二号自习区,11-05,2026-05-19 20:10:00,2026-05-19 22:29:00,0,1,gen_20260922_200_30
202108005,南苑分馆,2,二号自习区,13-05,2026-05-19 18:35:00,2026-05-19 19:05:00,0,1,gen_20260922_200_30
202408003,南苑分馆,3,电子阅览区,29-03,2026-05-19 14:14:00,2026-05-19 14:59:00,0,1,gen_20260922_200_30
202304009,南苑分馆,4,一号自习区,35-15,2026-05-19 13:48:00,2026-05-19 15:02:00,0,1,gen_20260922_200_30
202401009,中心图书馆,3,二号自习区,31-07,2026-05-19 14:56:00,2026-05-19 16:45:00,0,1,gen_20260922_200_30
202401009,南苑分馆,1,电子阅览区,39-14,2026-05-19 17:40:00,2026-05-19 19:47:00,1,1,gen_20260922_200_30
202203009,中心图书馆,1,三层开架区,31-17,2026-05-19 15:04:00,2026-05-19 15:58:00,0,1,gen_20260922_200_30
202108006,中心图书馆,4,一号自习区,18-16,2026-05-19 15:47:00,2026-05-19 17:52:00,1,1,gen_20260922_200_30
202108006,南苑分馆,2,报刊阅览室,37-07,2026-05-19 18:38:00,2026-05-19 19:40:00,0,1,gen_20260922_200_30
202203010,南苑分馆,3,电子阅览区,12-05,2026-05-19 15:01:00,2026-05-19 19:01:00,1,1,gen_20260922_200_30
202101006,专业资料室,3,二号自习区,09-24,2026-05-19 13:58:00,2026-05-19 14:31:00,0,1,gen_20260922_200_30
202306008,专业资料室,3,三层开架区,33-01,2026-05-19 15:51:00,2026-05-19 19:51:00,1,1,gen_20260922_200_30
202406005,专业资料室,3,二号自习区,23-23,2026-05-19 20:26:00,2026-05-19 20:58:00,0,1,gen_20260922_200_30
202302008,中心图书馆,5,静音研读间,02-19,2026-05-19 14:57:00,2026-05-19 18:36:00,1,1,gen_20260922_200_30
202302008,南苑分馆,5,报刊阅览室,14-19,2026-05-19 20:16:00,2026-05-19 22:07:00,0,1,gen_20260922_200_30
202304010,中心图书馆,4,三层开架区,15-22,2026-05-19 19:02:00,2026-05-19 19:54:00,0,1,gen_20260922_200_30
202304010,南苑分馆,3,一号自习区,06-08,2026-05-19 21:03:00,2026-05-19 21:36:00,0,1,gen_20260922_200_30
202203011,专业资料室,4,报刊阅览室,34-21,2026-05-19 15:26:00,2026-05-19 17:08:00,0,1,gen_20260922_200_30
202203011,专业资料室,3,静音研读间,25-10,2026-05-19 20:56:00,2026-05-19 21:41:00,0,1,gen_20260922_200_30
202201022,南苑分馆,3,电子阅览区,08-08,2026-05-19 16:06:00,2026-05-19 18:13:00,1,1,gen_20260922_200_30
202201022,南苑分馆,5,静音研读间,21-22,2026-05-19 21:39:00,2026-05-19 22:29:00,0,1,gen_20260922_200_30
202402009,专业资料室,2,一号自习区,29-06,2026-05-19 14:30:00,2026-05-19 14:19:00,1,0,gen_20260922_200_30
202203011,专业资料室,4,报刊阅览室,34-21,2026-05-19 15:26:00,2026-05-22 13:42:00,0,0,gen_20260922_200_30
202102003,南苑分馆,5,二号自习区,31-05,2026-05-19 19:30:00,2026-05-22 12:41:00,0,0,gen_20260922_200_30
202303001,专业资料室,3,一号自习区,15-19,2026-05-19 15:01:00,2026-05-19 14:18:00,1,0,gen_20260922_200_30
202201022,南苑分馆,3,电子阅览区,08-08,2026-05-19 16:06:00,2026-05-22 23:03:00,1,0,gen_20260922_200_30
202203001,专业资料室,5,电子阅览区,37-24,2026-05-20 14:17:00,2026-05-20 15:19:00,0,1,gen_20260922_200_30
202301001,南苑分馆,4,一号自习区,05-23,2026-05-20 20:40:00,2026-05-20 22:29:00,0,1,gen_20260922_200_30
202202001,专业资料室,4,二号自习区,12-08,2026-05-20 17:04:00,2026-05-20 17:56:00,0,1,gen_20260922_200_30
202202001,中心图书馆,2,报刊阅览室,06-02,2026-05-20 18:19:00,2026-05-20 19:30:00,0,1,gen_20260922_200_30
202102001,南苑分馆,1,二号自习区,27-04,2026-05-20 17:54:00,,0,1,gen_20260922_200_30
202102002,专业资料室,5,二号自习区,28-21,2026-05-20 15:02:00,2026-05-20 18:55:00,1,1,gen_20260922_200_30
202102002,专业资料室,4,一号自习区,09-04,2026-05-20 19:10:00,2026-05-20 21:58:00,0,1,gen_20260922_200_30
202201001,中心图书馆,2,静音研读间,14-07,2026-05-20 09:54:00,2026-05-20 11:43:00,0,1,gen_20260922_200_30
202201002,中心图书馆,3,电子阅览区,19-04,2026-05-20 13:23:00,2026-05-20 14:27:00,0,1,gen_20260922_200_30
202201002,南苑分馆,1,电子阅览区,39-14,2026-05-20 20:11:00,2026-05-20 21:05:00,0,1,gen_20260922_200_30
202303001,中心图书馆,2,三层开架区,33-09,2026-05-20 16:52:00,2026-05-20 20:52:00,1,1,gen_20260922_200_30
202303001,中心图书馆,4,一号自习区,33-12,2026-05-20 21:30:00,2026-05-20 22:16:00,0,1,gen_20260922_200_30
202401001,南苑分馆,5,电子阅览区,36-08,2026-05-20 19:33:00,2026-05-20 20:03:00,0,1,gen_20260922_200_30
202401001,中心图书馆,3,三层开架区,07-15,2026-05-20 21:01:00,2026-05-20 22:29:00,0,1,gen_20260922_200_30
202407001,专业资料室,3,三层开架区,20-14,2026-05-20 16:52:00,2026-05-20 17:41:00,0,1,gen_20260922_200_30
202407001,南苑分馆,3,一号自习区,31-23,2026-05-20 17:58:00,2026-05-20 19:00:00,0,1,gen_20260922_200_30
202303002,中心图书馆,5,三层开架区,15-06,2026-05-20 15:13:00,2026-05-20 16:13:00,0,1,gen_20260922_200_30
202303002,南苑分馆,2,三层开架区,05-22,2026-05-20 17:40:00,2026-05-20 20:51:00,1,1,gen_20260922_200_30
202401002,南苑分馆,5,电子阅览区,22-13,2026-05-20 21:55:00,2026-05-20 22:30:00,0,1,gen_20260922_200_30
202201003,专业资料室,5,静音研读间,38-01,2026-05-20 14:06:00,2026-05-20 15:51:00,0,1,gen_20260922_200_30
202201003,专业资料室,2,二号自习区,10-01,2026-05-20 17:40:00,2026-05-20 19:32:00,0,1,gen_20260922_200_30
202201004,南苑分馆,1,二号自习区,02-09,2026-05-20 15:22:00,2026-05-20 17:25:00,0,1,gen_20260922_200_30
202201004,南苑分馆,1,三层开架区,27-02,2026-05-20 20:55:00,2026-05-20 22:29:00,0,1,gen_20260922_200_30
202307001,南苑分馆,2,报刊阅览室,39-18,2026-05-20 19:50:00,2026-05-20 22:29:00,0,1,gen_20260922_200_30
202307001,中心图书馆,1,静音研读间,05-06,2026-05-20 21:55:00,2026-05-20 22:30:00,0,1,gen_20260922_200_30
202402001,专业资料室,2,三层开架区,13-07,2026-05-20 14:53:00,2026-05-20 16:09:00,0,1,gen_20260922_200_30
202402001,专业资料室,4,三层开架区,03-05,2026-05-20 17:40:00,2026-05-20 18:59:00,0,1,gen_20260922_200_30
202306001,南苑分馆,1,二号自习区,20-24,2026-05-20 09:24:00,2026-05-20 12:09:00,1,1,gen_20260922_200_30
202306001,南苑分馆,5,静音研读间,36-13,2026-05-20 20:29:00,2026-05-20 22:29:00,0,1,gen_20260922_200_30
202303003,中心图书馆,3,电子阅览区,27-11,2026-05-20 09:29:00,2026-05-20 11:46:00,0,1,gen_20260922_200_30
202208001,中心图书馆,5,二号自习区,29-09,2026-05-20 19:45:00,2026-05-20 20:15:00,0,1,gen_20260922_200_30
202201005,专业资料室,2,报刊阅览室,11-14,2026-05-20 08:13:00,2026-05-20 10:31:00,0,1,gen_20260922_200_30
202201005,中心图书馆,2,二号自习区,26-09,2026-05-20 17:40:00,2026-05-20 18:10:00,0,1,gen_20260922_200_30
202201006,专业资料室,3,一号自习区,39-01,2026-05-20 17:40:00,2026-05-20 19:22:00,0,1,gen_20260922_200_30
202201006,南苑分馆,4,三层开架区,38-05,2026-05-20 20:12:00,2026-05-20 21:28:00,0,1,gen_20260922_200_30
202303004,南苑分馆,4,一号自习区,22-11,2026-05-20 15:43:00,2026-05-20 16:35:00,0,1,gen_20260922_200_30
202402002,专业资料室,1,三层开架区,39-15,2026-05-20 19:17:00,2026-05-20 20:09:00,0,1,gen_20260922_200_30
202303005,中心图书馆,2,报刊阅览室,04-15,2026-05-20 16:04:00,2026-05-20 20:04:00,1,1,gen_20260922_200_30
202303005,南苑分馆,2,静音研读间,19-09,2026-05-20 20:50:00,2026-05-20 22:29:00,0,1,gen_20260922_200_30
202301002,南苑分馆,5,报刊阅览室,04-09,2026-05-20 16:10:00,2026-05-20 16:42:00,0,1,gen_20260922_200_30
202301002,中心图书馆,4,二号自习区,05-23,2026-05-20 17:40:00,2026-05-20 19:13:00,0,1,gen_20260922_200_30
202404001,专业资料室,1,一号自习区,35-11,2026-05-20 17:40:00,2026-05-20 19:11:00,0,1,gen_20260922_200_30
202404001,南苑分馆,4,电子阅览区,36-08,2026-05-20 21:29:00,2026-05-20 21:59:00,0,1,gen_20260922_200_30
202201007,专业资料室,5,一号自习区,25-18,2026-05-20 19:33:00,2026-05-20 20:47:00,0,1,gen_20260922_200_30
202306002,南苑分馆,2,三层开架区,08-05,2026-05-20 16:25:00,2026-05-20 17:54:00,0,1,gen_20260922_200_30
202306002,南苑分馆,4,静音研读间,30-10,2026-05-20 19:47:00,2026-05-20 20:43:00,0,1,gen_20260922_200_30
202308002,中心图书馆,2,静音研读间,33-05,2026-05-20 14:28:00,2026-05-20 15:23:00,0,1,gen_20260922_200_30
202308002,专业资料室,3,静音研读间,15-04,2026-05-20 20:15:00,2026-05-20 21:08:00,0,1,gen_20260922_200_30
202302004,专业资料室,5,静音研读间,07-17,2026-05-20 16:07:00,2026-05-20 19:49:00,1,1,gen_20260922_200_30
202201008,中心图书馆,5,电子阅览区,27-15,2026-05-20 17:40:00,2026-05-20 19:37:00,0,1,gen_20260922_200_30
202201008,专业资料室,5,电子阅览区,13-04,2026-05-20 20:29:00,2026-05-20 22:25:00,0,1,gen_20260922_200_30
202302005,南苑分馆,5,三层开架区,07-14,2026-05-20 21:38:00,2026-05-20 22:29:00,0,1,gen_20260922_200_30
202206001,南苑分馆,2,电子阅览区,32-04,2026-05-20 16:18:00,2026-05-20 17:16:00,0,1,gen_20260922_200_30
202206001,专业资料室,3,二号自习区,27-15,2026-05-20 17:40:00,2026-05-20 18:49:00,0,1,gen_20260922_200_30
202307002,南苑分馆,3,一号自习区,11-06,2026-05-20 15:45:00,2026-05-20 18:28:00,1,1,gen_20260922_200_30
202302006,中心图书馆,5,二号自习区,23-24,2026-05-20 17:40:00,2026-05-20 21:40:00,1,1,gen_20260922_200_30
202302006,中心图书馆,3,三层开架区,16-03,2026-05-20 21:55:00,2026-05-20 22:30:00,0,1,gen_20260922_200_30
202403001,中心图书馆,2,一号自习区,14-08,2026-05-20 09:12:00,2026-05-20 10:44:00,0,1,gen_20260922_200_30
202204001,专业资料室,1,电子阅览区,39-02,2026-05-20 16:10:00,2026-05-20 18:55:00,1,1,gen_20260922_200_30
202204001,中心图书馆,1,二号自习区,21-18,2026-05-20 20:29:00,,0,1,gen_20260922_200_30
202403002,专业资料室,5,静音研读间,27-12,2026-05-20 15:04:00,2026-05-20 15:57:00,0,1,gen_20260922_200_30
202401003,专业资料室,5,三层开架区,11-19,2026-05-20 17:40:00,2026-05-20 20:13:00,1,1,gen_20260922_200_30
202401003,南苑分馆,4,三层开架区,17-04,2026-05-20 21:11:00,2026-05-20 22:29:00,0,1,gen_20260922_200_30
202301003,南苑分馆,1,静音研读间,03-04,2026-05-20 20:48:00,2026-05-20 22:29:00,0,1,gen_20260922_200_30
202201009,南苑分馆,3,静音研读间,39-06,2026-05-20 16:11:00,2026-05-20 18:49:00,1,1,gen_20260922_200_30
202403003,南苑分馆,4,报刊阅览室,02-12,2026-05-20 16:18:00,2026-05-20 18:17:00,0,1,gen_20260922_200_30
202403003,南苑分馆,2,电子阅览区,33-19,2026-05-20 18:58:00,2026-05-20 19:42:00,0,1,gen_20260922_200_30
202301004,南苑分馆,3,一号自习区,01-02,2026-05-20 14:36:00,2026-05-20 15:46:00,0,1,gen_20260922_200_30
202201010,中心图书馆,4,一号自习区,01-15,2026-05-20 09:14:00,2026-05-20 11:08:00,0,1,gen_20260922_200_30
202201010,专业资料室,1,三层开架区,28-03,2026-05-20 17:40:00,2026-05-20 21:40:00,1,1,gen_20260922_200_30
202107001,专业资料室,2,二号自习区,24-18,2026-05-20 20:08:00,2026-05-20 20:54:00,0,1,gen_20260922_200_30
202204002,中心图书馆,1,报刊阅览室,21-05,2026-05-20 15:01:00,2026-05-20 16:34:00,0,1,gen_20260922_200_30
202204002,中心图书馆,2,二号自习区,33-04,2026-05-20 17:40:00,2026-05-20 18:41:00,0,1,gen_20260922_200_30
202205001,专业资料室,1,电子阅览区,19-13,2026-05-20 15:25:00,2026-05-20 19:25:00,1,1,gen_20260922_200_30
202205001,南苑分馆,5,三层开架区,27-09,2026-05-20 20:54:00,2026-05-20 22:29:00,0,1,gen_20260922_200_30
202303006,中心图书馆,1,静音研读间,02-16,2026-05-20 14:40:00,2026-05-20 16:06:00,0,1,gen_20260922_200_30
202303006,专业资料室,5,三层开架区,35-11,2026-05-20 19:07:00,2026-05-20 19:46:00,0,1,gen_20260922_200_30
202304002,专业资料室,4,三层开架区,32-16,2026-05-20 13:59:00,2026-05-20 14:37:00,0,1,gen_20260922_200_30
202304002,南苑分馆,4,报刊阅览室,36-10,2026-05-20 19:48:00,2026-05-20 22:02:00,0,1,gen_20260922_200_30
202203002,专业资料室,2,一号自习区,26-23,2026-05-20 14:23:00,2026-05-20 16:10:00,0,1,gen_20260922_200_30
202203002,南苑分馆,1,二号自习区,19-17,2026-05-20 17:40:00,2026-05-20 21:40:00,1,1,gen_20260922_200_30
202207001,专业资料室,2,报刊阅览室,21-08,2026-05-20 13:03:00,2026-05-20 13:50:00,0,1,gen_20260922_200_30
202304003,中心图书馆,5,一号自习区,35-09,2026-05-20 14:55:00,2026-05-20 16:22:00,0,1,gen_20260922_200_30
202304003,专业资料室,1,报刊阅览室,21-13,2026-05-20 17:40:00,2026-05-20 19:26:00,0,1,gen_20260922_200_30
202201011,专业资料室,1,静音研读间,16-16,2026-05-20 16:04:00,2026-05-20 17:21:00,0,1,gen_20260922_200_30
202201011,南苑分馆,3,报刊阅览室,30-03,2026-05-20 17:40:00,2026-05-20 19:30:00,0,1,gen_20260922_200_30
202306003,南苑分馆,3,报刊阅览室,23-22,2026-05-20 15:17:00,2026-05-20 18:37:00,1,1,gen_20260922_200_30
202306003,南苑分馆,1,电子阅览区,30-15,2026-05-20 19:26:00,2026-05-20 20:58:00,0,1,gen_20260922_200_30
202401004,南苑分馆,2,电子阅览区,06-15,2026-05-20 21:03:00,2026-05-20 22:29:00,0,1,gen_20260922_200_30
202408001,中心图书馆,3,电子阅览区,02-19,2026-05-20 15:27:00,2026-05-20 18:03:00,1,1,gen_20260922_200_30
202408001,专业资料室,3,三层开架区,39-16,2026-05-20 18:10:00,2026-05-20 19:46:00,0,1,gen_20260922_200_30
202205002,南苑分馆,3,三层开架区,18-01,2026-05-20 16:33:00,2026-05-20 20:33:00,1,1,gen_20260922_200_30
202205002,专业资料室,5,一号自习区,25-06,2026-05-20 20:57:00,2026-05-20 22:29:00,0,1,gen_20260922_200_30
202202002,南苑分馆,3,静音研读间,11-17,2026-05-20 17:40:00,2026-05-20 21:40:00,1,1,gen_20260922_200_30
202202002,专业资料室,4,电子阅览区,39-02,2026-05-20 21:55:00,2026-05-20 22:30:00,0,1,gen_20260922_200_30
202407003,中心图书馆,3,报刊阅览室,28-17,2026-05-20 14:53:00,2026-05-20 18:53:00,1,1,gen_20260922_200_30
202301005,南苑分馆,1,电子阅览区,22-09,2026-05-20 20:29:00,2026-05-20 21:39:00,0,1,gen_20260922_200_30
202301005,专业资料室,5,电子阅览区,26-17,2026-05-20 21:55:00,2026-05-20 22:30:00,0,1,gen_20260922_200_30
202101002,南苑分馆,2,一号自习区,06-15,2026-05-20 10:27:00,2026-05-20 14:27:00,1,1,gen_20260922_200_30
202101002,南苑分馆,1,二号自习区,38-14,2026-05-20 17:40:00,2026-05-20 21:40:00,1,1,gen_20260922_200_30
202304004,中心图书馆,5,静音研读间,02-24,2026-05-20 19:41:00,2026-05-20 22:03:00,0,1,gen_20260922_200_30
202108001,中心图书馆,2,报刊阅览室,02-17,2026-05-20 14:17:00,2026-05-20 16:25:00,0,1,gen_20260922_200_30
202301006,南苑分馆,4,静音研读间,32-20,2026-05-20 17:40:00,2026-05-20 18:45:00,0,1,gen_20260922_200_30
202301006,中心图书馆,4,报刊阅览室,16-15,2026-05-20 19:05:00,2026-05-20 20:40:00,0,1,gen_20260922_200_30
202303007,专业资料室,2,电子阅览区,29-24,2026-05-20 15:10:00,2026-05-20 17:07:00,0,1,gen_20260922_200_30
202303007,南苑分馆,2,静音研读间,19-10,2026-05-20 19:13:00,2026-05-20 22:29:00,0,1,gen_20260922_200_30
202201013,南苑分馆,4,静音研读间,26-04,2026-05-20 19:17:00,2026-05-20 21:46:00,0,1,gen_20260922_200_30
202201013,南苑分馆,4,二号自习区,28-14,2026-05-20 21:55:00,2026-05-20 22:30:00,0,1,gen_20260922_200_30
202403004,南苑分馆,4,报刊阅览室,03-21,2026-05-20 16:25:00,2026-05-20 19:36:00,1,1,gen_20260922_200_30
202403005,中心图书馆,4,电子阅览区,22-09,2026-05-20 15:54:00,2026-05-20 17:33:00,0,1,gen_20260922_200_30
202403005,中心图书馆,3,一号自习区,32-05,2026-05-20 20:10:00,2026-05-20 21:35:00,0,1,gen_20260922_200_30
202401005,中心图书馆,3,三层开架区,07-02,2026-05-20 15:08:00,2026-05-20 16:20:00,0,1,gen_20260922_200_30
202206002,专业资料室,1,电子阅览区,09-04,2026-05-20 16:26:00,2026-05-20 18:56:00,1,1,gen_20260922_200_30
202308003,专业资料室,2,三层开架区,01-04,2026-05-20 20:03:00,2026-05-20 21:31:00,0,1,gen_20260922_200_30
202203003,专业资料室,2,三层开架区,33-05,2026-05-20 19:30:00,2026-05-20 22:29:00,0,1,gen_20260922_200_30
202201014,中心图书馆,1,二号自习区,19-15,2026-05-20 14:12:00,2026-05-20 15:24:00,0,1,gen_20260922_200_30
202202003,专业资料室,2,一号自习区,15-08,2026-05-20 15:13:00,2026-05-20 19:13:00,1,1,gen_20260922_200_30
202202003,专业资料室,4,三层开架区,17-07,2026-05-20 19:35:00,,0,1,gen_20260922_200_30
202203004,中心图书馆,5,一号自习区,14-12,2026-05-20 14:15:00,2026-05-20 15:18:00,0,1,gen_20260922_200_30
202205003,南苑分馆,3,一号自习区,24-06,2026-05-20 12:57:00,2026-05-20 14:34:00,0,1,gen_20260922_200_30
202401006,中心图书馆,2,一号自习区,30-16,2026-05-20 21:08:00,2026-05-20 22:29:00,0,1,gen_20260922_200_30
202401006,南苑分馆,5,一号自习区,36-04,2026-05-20 21:55:00,2026-05-20 22:30:00,0,1,gen_20260922_200_30
202201015,南苑分馆,4,二号自习区,27-13,2026-05-20 14:25:00,2026-05-20 15:45:00,0,1,gen_20260922_200_30
202201015,专业资料室,2,一号自习区,13-03,2026-05-20 19:34:00,2026-05-20 22:29:00,0,1,gen_20260922_200_30
202307004,专业资料室,3,电子阅览区,34-10,2026-05-20 07:30:00,2026-05-20 09:58:00,0,1,gen_20260922_200_30
202307004,南苑分馆,4,报刊阅览室,24-11,2026-05-20 17:40:00,2026-05-20 20:04:00,1,1,gen_20260922_200_30
202208002,专业资料室,4,三层开架区,27-08,2026-05-20 14:04:00,2026-05-20 18:04:00,1,1,gen_20260922_200_30
202106001,南苑分馆,5,二号自习区,21-09,2026-05-20 20:15:00,2026-05-20 21:12:00,0,1,gen_20260922_200_30
202204004,专业资料室,5,报刊阅览室,25-22,2026-05-20 17:40:00,2026-05-20 19:09:00,0,1,gen_20260922_200_30
202204004,专业资料室,2,一号自习区,25-11,2026-05-20 19:45:00,2026-05-20 22:29:00,0,1,gen_20260922_200_30
202406002,中心图书馆,2,一号自习区,19-04,2026-05-20 16:12:00,2026-05-20 17:08:00,0,1,gen_20260922_200_30
202406002,南苑分馆,2,三层开架区,34-13,2026-05-20 17:40:00,2026-05-20 18:50:00,0,1,gen_20260922_200_30
202101003,南苑分馆,2,静音研读间,37-09,2026-05-20 15:35:00,2026-05-20 18:24:00,1,1,gen_20260922_200_30
202101004,中心图书馆,2,二号自习区,25-20,2026-05-20 13:39:00,2026-05-20 15:43:00,0,1,gen_20260922_200_30
202101004,南苑分馆,3,二号自习区,16-11,2026-05-20 17:40:00,2026-05-20 19:09:00,0,1,gen_20260922_200_30
202403006,南苑分馆,5,一号自习区,37-13,2026-05-20 17:40:00,2026-05-20 19:09:00,0,1,gen_20260922_200_30
202403006,专业资料室,2,二号自习区,39-13,2026-05-20 19:54:00,2026-05-20 22:20:00,0,1,gen_20260922_200_30
202103001,南苑分馆,2,电子阅览区,23-06,2026-05-20 14:56:00,2026-05-20 15:51:00,0,1,gen_20260922_200_30
202303009,中心图书馆,2,三层开架区,19-09,2026-05-20 16:16:00,,0,1,gen_20260922_200_30
202303009,中心图书馆,4,三层开架区,35-22,2026-05-20 17:40:00,2026-05-20 20:07:00,1,1,gen_20260922_200_30
202108002,专业资料室,2,二号自习区,25-24,2026-05-20 08:15:00,2026-05-20 09:19:00,0,1,gen_20260922_200_30
202403007,南苑分馆,3,静音研读间,28-08,2026-05-20 17:40:00,2026-05-20 21:40:00,1,1,gen_20260922_200_30
202403007,专业资料室,2,电子阅览区,30-20,2026-05-20 21:55:00,2026-05-20 22:30:00,0,1,gen_20260922_200_30
202203005,中心图书馆,2,三层开架区,01-12,2026-05-20 14:01:00,2026-05-20 18:01:00,1,1,gen_20260922_200_30
202203005,专业资料室,1,报刊阅览室,18-10,2026-05-20 19:23:00,2026-05-20 22:29:00,0,1,gen_20260922_200_30
202305001,中心图书馆,2,二号自习区,27-14,2026-05-20 14:43:00,2026-05-20 16:31:00,0,1,gen_20260922_200_30
202303010,南苑分馆,4,三层开架区,04-23,2026-05-20 17:40:00,2026-05-20 20:10:00,1,1,gen_20260922_200_30
202303010,南苑分馆,5,电子阅览区,21-21,2026-05-20 20:35:00,2026-05-20 21:36:00,0,1,gen_20260922_200_30
202105001,南苑分馆,3,静音研读间,16-15,2026-05-20 14:49:00,2026-05-20 15:47:00,0,1,gen_20260922_200_30
202105001,南苑分馆,4,报刊阅览室,31-04,2026-05-20 17:40:00,2026-05-20 20:59:00,1,1,gen_20260922_200_30
202205004,南苑分馆,2,三层开架区,34-11,2026-05-20 14:43:00,2026-05-20 16:49:00,0,1,gen_20260922_200_30
202205004,专业资料室,3,电子阅览区,26-13,2026-05-20 17:40:00,2026-05-20 18:51:00,0,1,gen_20260922_200_30
202201016,中心图书馆,5,电子阅览区,14-13,2026-05-20 13:55:00,2026-05-20 16:47:00,0,1,gen_20260922_200_30
202201016,中心图书馆,5,静音研读间,16-12,2026-05-20 17:40:00,2026-05-20 18:40:00,0,1,gen_20260922_200_30
202206003,南苑分馆,4,报刊阅览室,04-20,2026-05-20 17:40:00,2026-05-20 18:45:00,0,1,gen_20260922_200_30
202206003,南苑分馆,1,静音研读间,12-14,2026-05-20 20:48:00,2026-05-20 21:54:00,0,1,gen_20260922_200_30
202107002,中心图书馆,5,三层开架区,09-06,2026-05-20 16:01:00,2026-05-20 18:38:00,1,1,gen_20260922_200_30
202107002,专业资料室,3,一号自习区,06-16,2026-05-20 19:03:00,2026-05-20 20:22:00,0,1,gen_20260922_200_30
202404002,南苑分馆,2,一号自习区,22-19,2026-05-20 13:50:00,2026-05-20 15:46:00,0,1,gen_20260922_200_30
202404002,中心图书馆,2,一号自习区,21-17,2026-05-20 19:04:00,2026-05-20 22:29:00,0,1,gen_20260922_200_30
202308004,中心图书馆,5,报刊阅览室,16-04,2026-05-20 17:59:00,2026-05-20 19:23:00,0,1,gen_20260922_200_30
202303011,中心图书馆,2,一号自习区,28-03,2026-05-20 20:12:00,2026-05-20 20:42:00,0,1,gen_20260922_200_30
202303011,专业资料室,3,报刊阅览室,09-15,2026-05-20 20:59:00,2026-05-20 21:29:00,0,1,gen_20260922_200_30
202402003,中心图书馆,1,报刊阅览室,15-12,2026-05-20 17:40:00,2026-05-20 20:53:00,1,1,gen_20260922_200_30
202402003,中心图书馆,2,静音研读间,38-06,2026-05-20 21:29:00,2026-05-20 22:29:00,0,1,gen_20260922_200_30
202202004,南苑分馆,1,电子阅览区,32-07,2026-05-20 19:53:00,2026-05-20 22:29:00,0,1,gen_20260922_200_30
202204005,专业资料室,3,二号自习区,02-20,2026-05-20 17:10:00,2026-05-20 19:58:00,1,1,gen_20260922_200_30
202204005,南苑分馆,3,静音研读间,19-24,2026-05-20 20:35:00,2026-05-20 22:29:00,0,1,gen_20260922_200_30
202102003,南苑分馆,3,报刊阅览室,08-19,2026-05-20 15:18:00,2026-05-20 15:59:00,0,1,gen_20260922_200_30
202102003,专业资料室,4,静音研读间,10-13,2026-05-20 21:00:00,2026-05-20 22:29:00,0,1,gen_20260922_200_30
202104003,中心图书馆,1,电子阅览区,13-12,2026-05-20 18:56:00,2026-05-20 21:35:00,0,1,gen_20260922_200_30
202301007,专业资料室,2,三层开架区,02-08,2026-05-20 16:56:00,2026-05-20 19:26:00,1,1,gen_20260922_200_30
202102004,南苑分馆,3,一号自习区,07-18,2026-05-20 21:15:00,2026-05-20 22:29:00,0,1,gen_20260922_200_30
202402004,南苑分馆,4,一号自习区,31-14,2026-05-20 14:31:00,2026-05-20 16:25:00,0,1,gen_20260922_200_30
202402004,南苑分馆,1,二号自习区,17-03,2026-05-20 19:27:00,2026-05-20 20:55:00,0,1,gen_20260922_200_30
202203006,中心图书馆,3,报刊阅览室,17-01,2026-05-20 18:33:00,2026-05-20 20:31:00,0,1,gen_20260922_200_30
202203006,专业资料室,4,一号自习区,37-12,2026-05-20 21:23:00,2026-05-20 22:29:00,0,1,gen_20260922_200_30
202201017,中心图书馆,4,二号自习区,13-23,2026-05-20 20:48:00,2026-05-20 22:29:00,0,1,gen_20260922_200_30
202205006,中心图书馆,3,二号自习区,39-06,2026-05-20 17:40:00,2026-05-20 18:31:00,0,1,gen_20260922_200_30
202205006,专业资料室,3,三层开架区,19-01,2026-05-20 20:08:00,2026-05-20 20:46:00,0,1,gen_20260922_200_30
202402005,专业资料室,2,三层开架区,36-20,2026-05-20 15:40:00,2026-05-20 19:05:00,1,1,gen_20260922_200_30
202306005,专业资料室,2,静音研读间,31-24,2026-05-20 17:40:00,2026-05-20 20:31:00,1,1,gen_20260922_200_30
202306005,南苑分馆,4,静音研读间,07-03,2026-05-20 20:54:00,2026-05-20 22:29:00,0,1,gen_20260922_200_30
202402006,中心图书馆,1,二号自习区,09-23,2026-05-20 14:45:00,2026-05-20 16:53:00,0,1,gen_20260922_200_30
202402006,专业资料室,1,一号自习区,21-06,2026-05-20 20:09:00,2026-05-20 21:43:00,0,1,gen_20260922_200_30
202405002,南苑分馆,4,电子阅览区,12-01,2026-05-20 17:40:00,2026-05-20 19:53:00,1,1,gen_20260922_200_30
202405002,中心图书馆,1,一号自习区,24-24,2026-05-20 20:05:00,2026-05-20 21:52:00,0,1,gen_20260922_200_30
202403008,中心图书馆,1,一号自习区,06-19,2026-05-20 15:59:00,2026-05-20 17:36:00,0,1,gen_20260922_200_30
202402007,中心图书馆,4,一号自习区,07-11,2026-05-20 17:40:00,2026-05-20 18:41:00,0,1,gen_20260922_200_30
202402007,南苑分馆,1,静音研读间,07-09,2026-05-20 19:23:00,2026-05-20 20:22:00,0,1,gen_20260922_200_30
202203007,中心图书馆,4,电子阅览区,14-04,2026-05-20 14:58:00,2026-05-20 15:48:00,0,1,gen_20260922_200_30
202204006,南苑分馆,5,一号自习区,03-12,2026-05-20 15:45:00,2026-05-20 17:15:00,0,1,gen_20260922_200_30
202204006,南苑分馆,3,报刊阅览室,21-15,2026-05-20 18:57:00,2026-05-20 20:31:00,0,1,gen_20260922_200_30
202403009,南苑分馆,1,静音研读间,02-18,2026-05-20 14:52:00,2026-05-20 16:28:00,0,1,gen_20260922_200_30
202202005,专业资料室,3,电子阅览区,20-04,2026-05-20 15:28:00,2026-05-20 18:06:00,1,1,gen_20260922_200_30
202202005,南苑分馆,2,二号自习区,33-07,2026-05-20 19:07:00,2026-05-20 22:29:00,0,1,gen_20260922_200_30
202305003,中心图书馆,4,电子阅览区,02-06,2026-05-20 15:10:00,2026-05-20 15:40:00,0,1,gen_20260922_200_30
202108003,专业资料室,2,电子阅览区,14-17,2026-05-20 16:01:00,2026-05-20 18:05:00,1,1,gen_20260922_200_30
202108003,南苑分馆,2,静音研读间,18-04,2026-05-20 18:26:00,2026-05-20 19:22:00,0,1,gen_20260922_200_30
202403010,专业资料室,3,静音研读间,08-08,2026-05-20 19:57:00,2026-05-20 22:29:00,0,1,gen_20260922_200_30
202403010,南苑分馆,2,一号自习区,32-16,2026-05-20 21:55:00,2026-05-20 22:30:00,0,1,gen_20260922_200_30
202403011,专业资料室,2,电子阅览区,03-14,2026-05-20 15:42:00,2026-05-20 18:47:00,1,1,gen_20260922_200_30
202403011,中心图书馆,4,报刊阅览室,38-19,2026-05-20 21:34:00,2026-05-20 22:29:00,0,1,gen_20260922_200_30
202403012,中心图书馆,2,一号自习区,12-01,2026-05-20 14:16:00,2026-05-20 15:28:00,0,1,gen_20260922_200_30
202301009,南苑分馆,2,二号自习区,13-04,2026-05-20 17:40:00,2026-05-20 20:29:00,1,1,gen_20260922_200_30
202301009,专业资料室,3,二号自习区,10-09,2026-05-20 21:22:00,2026-05-20 22:29:00,0,1,gen_20260922_200_30
202204007,中心图书馆,1,电子阅览区,04-13,2026-05-20 15:23:00,2026-05-20 19:17:00,1,1,gen_20260922_200_30
202204007,中心图书馆,1,三层开架区,33-07,2026-05-20 19:45:00,2026-05-20 22:29:00,0,1,gen_20260922_200_30
202207003,中心图书馆,1,静音研读间,29-24,2026-05-20 15:18:00,2026-05-20 16:28:00,0,1,gen_20260922_200_30
202207003,南苑分馆,3,三层开架区,30-05,2026-05-20 20:22:00,2026-05-20 22:29:00,0,1,gen_20260922_200_30
202201019,专业资料室,3,静音研读间,21-14,2026-05-20 17:40:00,2026-05-20 19:04:00,0,1,gen_20260922_200_30
202201019,中心图书馆,2,电子阅览区,31-05,2026-05-20 20:11:00,2026-05-20 22:29:00,0,1,gen_20260922_200_30
202203008,中心图书馆,1,静音研读间,35-21,2026-05-20 10:05:00,2026-05-20 12:18:00,1,1,gen_20260922_200_30
202203008,中心图书馆,4,电子阅览区,38-05,2026-05-20 19:02:00,2026-05-20 22:29:00,0,1,gen_20260922_200_30
202201020,中心图书馆,2,报刊阅览室,21-18,2026-05-20 19:59:00,2026-05-20 22:29:00,0,1,gen_20260922_200_30
202201020,南苑分馆,2,报刊阅览室,30-15,2026-05-20 21:55:00,2026-05-20 22:30:00,0,1,gen_20260922_200_30
202402009,南苑分馆,3,三层开架区,01-18,2026-05-20 18:34:00,2026-05-20 21:57:00,1,1,gen_20260922_200_30
202401007,中心图书馆,4,二号自习区,22-19,2026-05-20 14:26:00,2026-05-20 15:28:00,0,1,gen_20260922_200_30
202304005,南苑分馆,2,二号自习区,08-20,2026-05-20 14:05:00,2026-05-20 18:05:00,1,1,gen_20260922_200_30
202304005,专业资料室,5,电子阅览区,30-04,2026-05-20 18:46:00,2026-05-20 22:29:00,0,1,gen_20260922_200_30
202105002,南苑分馆,3,二号自习区,37-14,2026-05-20 14:13:00,2026-05-20 18:13:00,1,1,gen_20260922_200_30
202105002,中心图书馆,5,二号自习区,28-10,2026-05-20 18:48:00,2026-05-20 19:54:00,0,1,gen_20260922_200_30
202304006,专业资料室,3,电子阅览区,36-02,2026-05-20 16:02:00,2026-05-20 17:14:00,0,1,gen_20260922_200_30
202201021,中心图书馆,1,静音研读间,06-10,2026-05-20 17:40:00,2026-05-20 20:23:00,1,1,gen_20260922_200_30
202201021,南苑分馆,5,静音研读间,17-15,2026-05-20 21:08:00,2026-05-20 22:01:00,0,1,gen_20260922_200_30
202302007,中心图书馆,5,三层开架区,20-10,2026-05-20 16:02:00,2026-05-20 16:34:00,0,1,gen_20260922_200_30
202406003,南苑分馆,1,二号自习区,07-09,2026-05-20 16:09:00,2026-05-20 17:33:00,0,1,gen_20260922_200_30
202406003,中心图书馆,4,电子阅览区,03-09,2026-05-20 17:40:00,2026-05-20 18:28:00,0,1,gen_20260922_200_30
202303013,专业资料室,3,一号自习区,25-02,2026-05-20 16:36:00,2026-05-20 20:36:00,1,1,gen_20260922_200_30
202303013,中心图书馆,4,静音研读间,05-17,2026-05-20 21:31:00,2026-05-20 22:29:00,0,1,gen_20260922_200_30
202401008,中心图书馆,4,二号自习区,29-18,2026-05-20 19:31:00,2026-05-20 20:44:00,0,1,gen_20260922_200_30
202304007,南苑分馆,1,一号自习区,10-16,2026-05-20 14:41:00,2026-05-20 15:50:00,0,1,gen_20260922_200_30
202304007,南苑分馆,5,电子阅览区,03-10,2026-05-20 17:40:00,2026-05-20 21:22:00,1,1,gen_20260922_200_30
202406004,专业资料室,3,静音研读间,01-22,2026-05-20 19:57:00,2026-05-20 21:51:00,0,1,gen_20260922_200_30
202406004,中心图书馆,1,静音研读间,16-09,2026-05-20 21:55:00,2026-05-20 22:30:00,0,1,gen_20260922_200_30
202206004,专业资料室,1,静音研读间,32-19,2026-05-20 21:55:00,2026-05-20 22:30:00,0,1,gen_20260922_200_30
202204009,中心图书馆,4,静音研读间,01-01,2026-05-20 13:32:00,2026-05-20 14:48:00,0,1,gen_20260922_200_30
202407004,专业资料室,5,静音研读间,01-01,2026-05-20 13:29:00,2026-05-20 17:29:00,0,1,gen_20260922_200_30
202407004,专业资料室,2,三层开架区,25-09,2026-05-20 17:40:00,2026-05-20 21:40:00,1,1,gen_20260922_200_30
202108004,专业资料室,1,三层开架区,05-03,2026-05-20 20:49:00,2026-05-20 22:29:00,0,1,gen_20260922_200_30
202205007,专业资料室,3,三层开架区,25-02,2026-05-20 12:58:00,2026-05-20 13:59:00,0,1,gen_20260922_200_30
202205007,专业资料室,4,二号自习区,35-23,2026-05-20 17:40:00,2026-05-20 18:36:00,0,1,gen_20260922_200_30
202301010,专业资料室,2,电子阅览区,19-24,2026-05-20 16:23:00,2026-05-20 17:14:00,0,1,gen_20260922_200_30
202301010,中心图书馆,4,二号自习区,02-13,2026-05-20 17:40:00,2026-05-20 20:43:00,1,1,gen_20260922_200_30
202306007,南苑分馆,4,报刊阅览室,37-08,2026-05-20 14:33:00,2026-05-20 15:34:00,0,1,gen_20260922_200_30
202306007,专业资料室,3,一号自习区,31-09,2026-05-20 17:40:00,2026-05-20 18:49:00,0,1,gen_20260922_200_30
202402011,南苑分馆,4,报刊阅览室,25-05,2026-05-20 17:40:00,2026-05-20 21:27:00,1,1,gen_20260922_200_30
202402011,南苑分馆,3,电子阅览区,28-16,2026-05-20 21:55:00,2026-05-20 22:30:00,0,1,gen_20260922_200_30
202108005,专业资料室,4,一号自习区,35-17,2026-05-20 16:15:00,2026-05-20 17:21:00,0,1,gen_20260922_200_30
202408003,南苑分馆,2,电子阅览区,11-01,2026-05-20 19:41:00,2026-05-20 20:42:00,0,1,gen_20260922_200_30
202304009,南苑分馆,1,一号自习区,05-13,2026-05-20 13:23:00,2026-05-20 14:25:00,0,1,gen_20260922_200_30
202401009,中心图书馆,1,电子阅览区,10-09,2026-05-20 16:26:00,2026-05-20 17:15:00,0,1,gen_20260922_200_30
202401009,南苑分馆,3,一号自习区,21-24,2026-05-20 19:48:00,2026-05-20 22:29:00,0,1,gen_20260922_200_30
202203009,专业资料室,3,三层开架区,39-09,2026-05-20 13:42:00,2026-05-20 15:07:00,0,1,gen_20260922_200_30
202108006,中心图书馆,2,静音研读间,03-09,2026-05-20 16:01:00,2026-05-20 17:43:00,0,1,gen_20260922_200_30
202203010,专业资料室,1,报刊阅览室,16-13,2026-05-20 15:52:00,2026-05-20 16:49:00,0,1,gen_20260922_200_30
202203010,中心图书馆,1,电子阅览区,24-07,2026-05-20 17:40:00,2026-05-20 19:42:00,1,1,gen_20260922_200_30
202306008,专业资料室,1,二号自习区,11-01,2026-05-20 17:40:00,2026-05-20 18:40:00,0,1,gen_20260922_200_30
202306008,中心图书馆,2,静音研读间,26-09,2026-05-20 19:26:00,2026-05-20 22:29:00,0,1,gen_20260922_200_30
202302008,中心图书馆,3,三层开架区,35-04,2026-05-20 15:05:00,2026-05-20 15:46:00,0,1,gen_20260922_200_30
202304010,专业资料室,2,三层开架区,30-17,2026-05-20 16:30:00,2026-05-20 17:07:00,0,1,gen_20260922_200_30
202107003,中心图书馆,1,一号自习区,07-18,2026-05-20 15:36:00,2026-05-20 17:51:00,1,1,gen_20260922_200_30
202107003,专业资料室,1,报刊阅览室,35-05,2026-05-20 18:18:00,2026-05-20 19:06:00,0,1,gen_20260922_200_30
202201022,中心图书馆,4,电子阅览区,04-14,2026-05-20 19:48:00,2026-05-20 22:29:00,0,1,gen_20260922_200_30
202201022,专业资料室,3,一号自习区,19-14,2026-05-20 21:55:00,2026-05-20 22:30:00,0,1,gen_20260922_200_30
202407004,专业资料室,5,静音研读间,01-01,2026-05-20 13:29:00,2026-05-20 12:44:00,0,0,gen_20260922_200_30
202201013,南苑分馆,4,静音研读间,26-04,2026-05-20 19:17:00,2026-05-23 13:16:00,0,0,gen_20260922_200_30
202407001,专业资料室,3,三层开架区,20-14,2026-05-20 16:52:00,2026-05-23 16:27:00,0,0,gen_20260922_200_30
202403010,专业资料室,3,静音研读间,08-08,2026-05-20 19:57:00,2026-05-20 18:01:00,0,0,gen_20260922_200_30
202202002,南苑分馆,3,静音研读间,11-17,2026-05-20 17:40:00,2026-05-23 16:22:00,1,0,gen_20260922_200_30
202203001,南苑分馆,4,报刊阅览室,19-09,2026-05-21 19:59:00,2026-05-21 20:59:00,0,1,gen_20260922_200_30
202301001,南苑分馆,2,报刊阅览室,31-08,2026-05-21 14:37:00,2026-05-21 16:53:00,0,1,gen_20260922_200_30
202301001,中心图书馆,3,报刊阅览室,12-08,2026-05-21 21:45:00,2026-05-21 22:29:00,0,1,gen_20260922_200_30
202308001,南苑分馆,4,电子阅览区,05-24,2026-05-21 14:46:00,2026-05-21 16:38:00,0,1,gen_20260922_200_30
202308001,南苑分馆,4,电子阅览区,23-09,2026-05-21 20:53:00,2026-05-21 21:24:00,0,1,gen_20260922_200_30
202202001,中心图书馆,4,一号自习区,04-16,2026-05-21 14:30:00,2026-05-21 15:24:00,0,1,gen_20260922_200_30
202102001,中心图书馆,2,报刊阅览室,30-16,2026-05-21 16:19:00,2026-05-21 18:22:00,1,1,gen_20260922_200_30
202102002,南苑分馆,2,二号自习区,24-22,2026-05-21 16:01:00,2026-05-21 20:01:00,1,1,gen_20260922_200_30
202102002,南苑分馆,3,三层开架区,04-19,2026-05-21 20:58:00,2026-05-21 22:29:00,0,1,gen_20260922_200_30
202104001,专业资料室,5,三层开架区,14-20,2026-05-21 16:11:00,2026-05-21 17:57:00,0,1,gen_20260922_200_30
202302002,中心图书馆,3,一号自习区,06-04,2026-05-21 14:10:00,2026-05-21 15:11:00,0,1,gen_20260922_200_30
202303001,南苑分馆,3,电子阅览区,01-08,2026-05-21 15:15:00,2026-05-21 17:38:00,1,1,gen_20260922_200_30
202303001,专业资料室,4,一号自习区,36-12,2026-05-21 21:38:00,2026-05-21 22:29:00,0,1,gen_20260922_200_30
202407001,中心图书馆,2,二号自习区,30-09,2026-05-21 16:26:00,2026-05-21 18:07:00,0,1,gen_20260922_200_30
202407001,南苑分馆,2,一号自习区,32-15,2026-05-21 20:09:00,2026-05-21 22:29:00,0,1,gen_20260922_200_30
202303002,专业资料室,3,电子阅览区,02-18,2026-05-21 16:36:00,2026-05-21 17:15:00,0,1,gen_20260922_200_30
202303002,专业资料室,1,电子阅览区,30-24,2026-05-21 17:40:00,2026-05-21 20:46:00,1,1,gen_20260922_200_30
202401002,中心图书馆,2,一号自习区,18-19,2026-05-21 18:44:00,2026-05-21 22:29:00,0,1,gen_20260922_200_30
202401002,中心图书馆,5,静音研读间,08-18,2026-05-21 21:55:00,2026-05-21 22:30:00,0,1,gen_20260922_200_30
202201003,南苑分馆,3,二号自习区,35-05,2026-05-21 17:40:00,2026-05-21 20:38:00,1,1,gen_20260922_200_30
202201003,专业资料室,3,一号自习区,31-07,2026-05-21 21:00:00,2026-05-21 22:29:00,0,1,gen_20260922_200_30
202201004,南苑分馆,1,电子阅览区,16-13,2026-05-21 15:11:00,2026-05-21 16:07:00,0,1,gen_20260922_200_30
202201004,南苑分馆,1,一号自习区,19-18,2026-05-21 17:40:00,2026-05-21 18:28:00,0,1,gen_20260922_200_30
202104002,中心图书馆,5,三层开架区,13-13,2026-05-21 08:28:00,2026-05-21 10:25:00,0,1,gen_20260922_200_30
202307001,专业资料室,3,三层开架区,13-21,2026-05-21 14:22:00,2026-05-21 18:22:00,1,1,gen_20260922_200_30
202307001,南苑分馆,1,三层开架区,02-17,2026-05-21 19:36:00,2026-05-21 22:25:00,0,1,gen_20260922_200_30
202402001,中心图书馆,1,电子阅览区,38-19,2026-05-21 17:57:00,2026-05-21 21:57:00,1,1,gen_20260922_200_30
202402001,专业资料室,4,一号自习区,10-11,2026-05-21 21:55:00,2026-05-21 22:30:00,0,1,gen_20260922_200_30
202306001,中心图书馆,2,电子阅览区,11-12,2026-05-21 14:18:00,2026-05-21 18:18:00,1,1,gen_20260922_200_30
202303003,南苑分馆,3,报刊阅览室,01-07,2026-05-21 14:19:00,2026-05-21 15:44:00,0,1,gen_20260922_200_30
202208001,南苑分馆,5,电子阅览区,04-24,2026-05-21 19:29:00,2026-05-21 20:02:00,0,1,gen_20260922_200_30
202201005,专业资料室,4,静音研读间,13-12,2026-05-21 18:47:00,2026-05-21 19:41:00,0,1,gen_20260922_200_30
202302003,专业资料室,2,三层开架区,13-02,2026-05-21 19:10:00,2026-05-21 21:14:00,0,1,gen_20260922_200_30
202201006,专业资料室,4,静音研读间,38-24,2026-05-21 13:24:00,2026-05-21 15:56:00,0,1,gen_20260922_200_30
202201006,专业资料室,5,三层开架区,28-02,2026-05-21 17:40:00,2026-05-21 19:15:00,0,1,gen_20260922_200_30
202303004,中心图书馆,4,报刊阅览室,35-06,2026-05-21 12:34:00,2026-05-21 14:41:00,0,1,gen_20260922_200_30
202303004,专业资料室,3,三层开架区,34-01,2026-05-21 20:58:00,2026-05-21 21:56:00,0,1,gen_20260922_200_30
202402002,南苑分馆,5,静音研读间,12-03,2026-05-21 15:35:00,2026-05-21 17:54:00,1,1,gen_20260922_200_30
202303005,南苑分馆,1,电子阅览区,22-08,2026-05-21 14:00:00,2026-05-21 18:00:00,1,1,gen_20260922_200_30
202303005,中心图书馆,2,三层开架区,15-02,2026-05-21 19:57:00,2026-05-21 20:27:00,0,1,gen_20260922_200_30
202301002,专业资料室,2,三层开架区,25-15,2026-05-21 13:42:00,2026-05-21 17:18:00,0,1,gen_20260922_200_30
202404001,中心图书馆,1,报刊阅览室,24-17,2026-05-21 20:26:00,2026-05-21 22:06:00,0,1,gen_20260922_200_30
202404001,南苑分馆,5,二号自习区,29-03,2026-05-21 21:55:00,2026-05-21 22:30:00,0,1,gen_20260922_200_30
202407002,南苑分馆,5,三层开架区,31-17,2026-05-21 16:20:00,2026-05-21 20:20:00,1,1,gen_20260922_200_30
202201007,专业资料室,3,报刊阅览室,13-10,2026-05-21 14:27:00,2026-05-21 15:13:00,0,1,gen_20260922_200_30
202306002,南苑分馆,2,三层开架区,22-19,2026-05-21 09:22:00,2026-05-21 10:29:00,0,1,gen_20260922_200_30
202306002,中心图书馆,4,报刊阅览室,31-11,2026-05-21 17:40:00,2026-05-21 19:51:00,1,1,gen_20260922_200_30
202308002,中心图书馆,1,报刊阅览室,38-02,2026-05-21 15:33:00,2026-05-21 17:19:00,0,1,gen_20260922_200_30
202302004,专业资料室,2,一号自习区,36-01,2026-05-21 15:35:00,2026-05-21 18:09:00,1,1,gen_20260922_200_30
202302004,南苑分馆,5,静音研读间,05-10,2026-05-21 18:38:00,2026-05-21 19:53:00,0,1,gen_20260922_200_30
202206001,中心图书馆,1,一号自习区,11-08,2026-05-21 14:33:00,2026-05-21 16:47:00,0,1,gen_20260922_200_30
202206001,南苑分馆,3,电子阅览区,36-03,2026-05-21 17:58:00,2026-05-21 21:58:00,1,1,gen_20260922_200_30
202307002,中心图书馆,2,三层开架区,33-12,2026-05-21 13:39:00,2026-05-21 14:18:00,0,1,gen_20260922_200_30
202302006,南苑分馆,5,电子阅览区,37-12,2026-05-21 14:25:00,2026-05-21 16:08:00,0,1,gen_20260922_200_30
202302006,南苑分馆,2,静音研读间,06-04,2026-05-21 20:51:00,2026-05-21 22:29:00,0,1,gen_20260922_200_30
202403001,南苑分馆,5,三层开架区,17-19,2026-05-21 16:56:00,2026-05-21 17:32:00,0,1,gen_20260922_200_30
202204001,中心图书馆,1,一号自习区,11-11,2026-05-21 15:05:00,2026-05-21 17:17:00,0,1,gen_20260922_200_30
202204001,专业资料室,3,报刊阅览室,24-24,2026-05-21 18:51:00,2026-05-21 22:29:00,0,1,gen_20260922_200_30
202403002,南苑分馆,1,三层开架区,11-04,2026-05-21 15:42:00,2026-05-21 17:59:00,1,1,gen_20260922_200_30
202403002,专业资料室,2,二号自习区,12-02,2026-05-21 18:38:00,2026-05-21 21:03:00,1,1,gen_20260922_200_30
202401003,南苑分馆,5,一号自习区,35-22,2026-05-21 19:48:00,2026-05-21 21:39:00,0,1,gen_20260922_200_30
202401003,南苑分馆,2,报刊阅览室,23-13,2026-05-21 21:55:00,2026-05-21 22:30:00,0,1,gen_20260922_200_30
202301003,中心图书馆,4,一号自习区,16-14,2026-05-21 15:46:00,2026-05-21 18:12:00,1,1,gen_20260922_200_30
202301003,南苑分馆,4,报刊阅览室,08-16,2026-05-21 20:09:00,2026-05-21 22:29:00,0,1,gen_20260922_200_30
202201009,专业资料室,5,二号自习区,15-09,2026-05-21 16:04:00,2026-05-21 16:57:00,0,1,gen_20260922_200_30
202201009,专业资料室,5,电子阅览区,37-14,2026-05-21 20:22:00,2026-05-21 21:16:00,0,1,gen_20260922_200_30
202403003,专业资料室,5,三层开架区,23-08,2026-05-21 08:32:00,2026-05-21 10:02:00,0,1,gen_20260922_200_30
202403003,专业资料室,3,静音研读间,24-11,2026-05-21 17:40:00,2026-05-21 20:24:00,1,1,gen_20260922_200_30
202303006,中心图书馆,2,静音研读间,13-01,2026-05-21 19:46:00,2026-05-21 20:52:00,0,1,gen_20260922_200_30
202303006,中心图书馆,4,一号自习区,02-08,2026-05-21 20:57:00,2026-05-21 22:29:00,0,1,gen_20260922_200_30
202304002,南苑分馆,2,一号自习区,36-11,2026-05-21 16:47:00,2026-05-21 18:58:00,1,1,gen_20260922_200_30
202203002,南苑分馆,2,静音研读间,10-04,2026-05-21 14:35:00,2026-05-21 16:50:00,0,1,gen_20260922_200_30
202203002,专业资料室,2,一号自习区,14-12,2026-05-21 17:40:00,2026-05-21 20:15:00,1,1,gen_20260922_200_30
202207001,专业资料室,3,电子阅览区,18-20,2026-05-21 14:14:00,2026-05-21 15:35:00,0,1,gen_20260922_200_30
202304003,中心图书馆,4,三层开架区,34-01,2026-05-21 20:08:00,2026-05-21 20:38:00,0,1,gen_20260922_200_30
202304003,南苑分馆,5,三层开架区,09-07,2026-05-21 21:25:00,2026-05-21 22:29:00,0,1,gen_20260922_200_30
202201011,专业资料室,1,报刊阅览室,38-10,2026-05-21 19:33:00,2026-05-21 22:29:00,0,1,gen_20260922_200_30
202201011,中心图书馆,1,三层开架区,08-02,2026-05-21 21:55:00,2026-05-21 22:30:00,0,1,gen_20260922_200_30
202306003,中心图书馆,3,三层开架区,11-05,2026-05-21 17:40:00,2026-05-21 21:38:00,1,1,gen_20260922_200_30
202306003,南苑分馆,3,二号自习区,22-17,2026-05-21 21:55:00,2026-05-21 22:30:00,0,1,gen_20260922_200_30
202401004,专业资料室,2,静音研读间,24-04,2026-05-21 20:50:00,2026-05-21 22:27:00,0,1,gen_20260922_200_30
202408001,中心图书馆,3,静音研读间,29-05,2026-05-21 14:35:00,2026-05-21 15:09:00,0,1,gen_20260922_200_30
202201012,中心图书馆,3,一号自习区,36-24,2026-05-21 14:52:00,2026-05-21 15:53:00,0,1,gen_20260922_200_30
202201012,南苑分馆,2,一号自习区,36-11,2026-05-21 17:40:00,2026-05-21 21:20:00,1,1,gen_20260922_200_30
202204003,中心图书馆,5,三层开架区,27-07,2026-05-21 15:49:00,2026-05-21 18:29:00,1,1,gen_20260922_200_30
202205002,中心图书馆,2,三层开架区,33-14,2026-05-21 14:51:00,2026-05-21 18:51:00,1,1,gen_20260922_200_30
202205002,专业资料室,3,一号自习区,16-05,2026-05-21 19:26:00,2026-05-21 22:29:00,0,1,gen_20260922_200_30
202202002,中心图书馆,5,静音研读间,04-14,2026-05-21 14:31:00,2026-05-21 16:09:00,0,1,gen_20260922_200_30
202407003,南苑分馆,3,电子阅览区,14-16,2026-05-21 14:12:00,2026-05-21 14:42:00,0,1,gen_20260922_200_30
202301005,南苑分馆,2,二号自习区,19-16,2026-05-21 14:51:00,2026-05-21 18:51:00,1,1,gen_20260922_200_30
202301005,专业资料室,1,报刊阅览室,05-01,2026-05-21 19:20:00,2026-05-21 22:29:00,0,1,gen_20260922_200_30
202101002,南苑分馆,5,报刊阅览室,21-03,2026-05-21 13:56:00,2026-05-21 17:56:00,1,1,gen_20260922_200_30
202304004,专业资料室,1,静音研读间,37-24,2026-05-21 13:45:00,2026-05-21 14:56:00,0,1,gen_20260922_200_30
202304004,专业资料室,1,静音研读间,33-17,2026-05-21 17:40:00,2026-05-21 18:52:00,0,1,gen_20260922_200_30
202108001,南苑分馆,5,二号自习区,36-16,2026-05-21 08:33:00,2026-05-21 10:02:00,0,1,gen_20260922_200_30
202301006,中心图书馆,1,二号自习区,21-18,2026-05-21 17:40:00,2026-05-21 19:39:00,0,1,gen_20260922_200_30
202301006,专业资料室,5,电子阅览区,25-21,2026-05-21 20:41:00,2026-05-21 22:29:00,0,1,gen_20260922_200_30
202303007,专业资料室,2,三层开架区,15-18,2026-05-21 17:40:00,2026-05-21 20:50:00,1,1,gen_20260922_200_30
202303007,专业资料室,2,静音研读间,34-22,2026-05-21 21:19:00,2026-05-21 22:29:00,0,1,gen_20260922_200_30
202303008,南苑分馆,5,二号自习区,22-18,2026-05-21 16:09:00,2026-05-21 16:57:00,0,1,gen_20260922_200_30
202403004,专业资料室,3,二号自习区,29-17,2026-05-21 14:39:00,2026-05-21 16:28:00,0,1,gen_20260922_200_30
202403004,南苑分馆,2,静音研读间,12-13,2026-05-21 18:49:00,2026-05-21 19:50:00,0,1,gen_20260922_200_30
202403005,中心图书馆,5,电子阅览区,26-14,2026-05-21 16:11:00,2026-05-21 17:48:00,0,1,gen_20260922_200_30
202206002,南苑分馆,1,二号自习区,39-10,2026-05-21 15:04:00,2026-05-21 15:45:00,0,1,gen_20260922_200_30
202206002,南苑分馆,1,报刊阅览室,04-16,2026-05-21 20:32:00,2026-05-21 22:29:00,0,1,gen_20260922_200_30
202308003,南苑分馆,3,一号自习区,07-01,2026-05-21 15:25:00,2026-05-21 16:43:00,0,1,gen_20260922_200_30
202203003,南苑分馆,3,三层开架区,15-24,2026-05-21 17:37:00,2026-05-21 20:27:00,1,1,gen_20260922_200_30
202203003,专业资料室,5,一号自习区,31-21,2026-05-21 20:57:00,2026-05-21 22:29:00,0,1,gen_20260922_200_30
202201014,专业资料室,5,二号自习区,07-07,2026-05-21 15:51:00,2026-05-21 16:44:00,0,1,gen_20260922_200_30
202405001,专业资料室,3,一号自习区,24-11,2026-05-21 17:40:00,2026-05-21 19:22:00,0,1,gen_20260922_200_30
202405001,中心图书馆,3,静音研读间,34-10,2026-05-21 20:14:00,2026-05-21 21:31:00,0,1,gen_20260922_200_30
202202003,南苑分馆,5,一号自习区,08-08,2026-05-21 19:12:00,2026-05-21 21:33:00,0,1,gen_20260922_200_30
202202003,中心图书馆,2,电子阅览区,33-20,2026-05-21 21:55:00,,0,1,gen_20260922_200_30
202203004,南苑分馆,5,静音研读间,29-12,2026-05-21 20:39:00,2026-05-21 22:23:00,0,1,gen_20260922_200_30
202205003,南苑分馆,3,二号自习区,27-13,2026-05-21 08:39:00,2026-05-21 10:07:00,0,1,gen_20260922_200_30
202205003,专业资料室,2,二号自习区,09-21,2026-05-21 20:39:00,2026-05-21 22:29:00,0,1,gen_20260922_200_30
202401006,专业资料室,4,报刊阅览室,14-17,2026-05-21 13:37:00,2026-05-21 14:32:00,0,1,gen_20260922_200_30
202401006,专业资料室,3,静音研读间,06-09,2026-05-21 19:18:00,2026-05-21 21:47:00,0,1,gen_20260922_200_30
202201015,中心图书馆,3,电子阅览区,14-06,2026-05-21 21:55:00,2026-05-21 22:30:00,0,1,gen_20260922_200_30
202208002,中心图书馆,2,二号自习区,37-13,2026-05-21 20:56:00,2026-05-21 22:29:00,0,1,gen_20260922_200_30
202406001,中心图书馆,3,电子阅览区,08-14,2026-05-21 14:03:00,2026-05-21 16:08:00,0,1,gen_20260922_200_30
202204004,中心图书馆,2,报刊阅览室,38-02,2026-05-21 20:02:00,2026-05-21 22:13:00,0,1,gen_20260922_200_30
202406002,南苑分馆,2,电子阅览区,27-04,2026-05-21 13:08:00,2026-05-21 14:23:00,0,1,gen_20260922_200_30
202101003,南苑分馆,1,三层开架区,19-17,2026-05-21 07:41:00,2026-05-21 08:41:00,0,1,gen_20260922_200_30
202101004,中心图书馆,1,报刊阅览室,28-19,2026-05-21 19:35:00,2026-05-21 20:22:00,0,1,gen_20260922_200_30
202403006,南苑分馆,5,三层开架区,24-08,2026-05-21 17:40:00,2026-05-21 18:35:00,0,1,gen_20260922_200_30
202403006,南苑分馆,4,静音研读间,31-22,2026-05-21 19:13:00,2026-05-21 20:53:00,0,1,gen_20260922_200_30
202303009,南苑分馆,5,三层开架区,15-07,2026-05-21 16:00:00,2026-05-21 18:08:00,1,1,gen_20260922_200_30
202303009,专业资料室,3,静音研读间,09-04,2026-05-21 21:55:00,2026-05-21 22:30:00,0,1,gen_20260922_200_30
202108002,南苑分馆,2,电子阅览区,14-05,2026-05-21 15:35:00,2026-05-21 19:20:00,1,1,gen_20260922_200_30
202403007,南苑分馆,2,一号自习区,09-08,2026-05-21 15:46:00,2026-05-21 17:45:00,0,1,gen_20260922_200_30
202403007,中心图书馆,3,静音研读间,14-07,2026-05-21 18:13:00,2026-05-21 19:54:00,0,1,gen_20260922_200_30
202203005,南苑分馆,4,三层开架区,08-20,2026-05-21 21:44:00,2026-05-21 22:29:00,0,1,gen_20260922_200_30
202305001,南苑分馆,3,三层开架区,02-12,2026-05-21 14:33:00,2026-05-21 15:03:00,0,1,gen_20260922_200_30
202305001,专业资料室,1,电子阅览区,30-10,2026-05-21 17:40:00,2026-05-21 19:21:00,0,1,gen_20260922_200_30
202303010,南苑分馆,2,二号自习区,32-07,2026-05-21 20:13:00,2026-05-21 22:29:00,0,1,gen_20260922_200_30
202105001,南苑分馆,5,电子阅览区,20-01,2026-05-21 17:40:00,2026-05-21 20:13:00,1,1,gen_20260922_200_30
202105001,中心图书馆,5,二号自习区,05-02,2026-05-21 20:24:00,2026-05-21 22:29:00,0,1,gen_20260922_200_30
202205004,中心图书馆,3,三层开架区,22-12,2026-05-21 17:40:00,2026-05-21 18:18:00,0,1,gen_20260922_200_30
202205004,中心图书馆,3,报刊阅览室,26-13,2026-05-21 20:38:00,2026-05-21 21:15:00,0,1,gen_20260922_200_30
202205005,中心图书馆,5,二号自习区,33-02,2026-05-21 14:14:00,2026-05-21 15:59:00,0,1,gen_20260922_200_30
202201016,南苑分馆,3,报刊阅览室,30-23,2026-05-21 17:40:00,2026-05-21 19:27:00,0,1,gen_20260922_200_30
202201016,南苑分馆,2,静音研读间,18-10,2026-05-21 20:44:00,2026-05-21 22:16:00,0,1,gen_20260922_200_30
202206003,中心图书馆,4,静音研读间,13-11,2026-05-21 13:23:00,2026-05-21 15:14:00,0,1,gen_20260922_200_30
202206003,南苑分馆,4,报刊阅览室,36-08,2026-05-21 17:40:00,2026-05-21 19:30:00,0,1,gen_20260922_200_30
202107002,南苑分馆,1,电子阅览区,39-23,2026-05-21 17:40:00,2026-05-21 19:00:00,0,1,gen_20260922_200_30
202107002,南苑分馆,1,一号自习区,38-10,2026-05-21 19:27:00,2026-05-21 20:52:00,0,1,gen_20260922_200_30
202404002,南苑分馆,1,静音研读间,33-19,2026-05-21 13:58:00,2026-05-21 16:28:00,0,1,gen_20260922_200_30
202404002,专业资料室,4,电子阅览区,21-11,2026-05-21 19:11:00,2026-05-21 21:50:00,0,1,gen_20260922_200_30
202308004,南苑分馆,4,二号自习区,24-18,2026-05-21 17:40:00,2026-05-21 18:27:00,0,1,gen_20260922_200_30
202308004,专业资料室,3,电子阅览区,15-24,2026-05-21 19:38:00,2026-05-21 20:48:00,0,1,gen_20260922_200_30
202303011,专业资料室,3,电子阅览区,04-11,2026-05-21 15:49:00,2026-05-21 17:27:00,0,1,gen_20260922_200_30
202402003,南苑分馆,3,二号自习区,36-21,2026-05-21 07:37:00,2026-05-21 11:37:00,0,1,gen_20260922_200_30
202402003,南苑分馆,1,静音研读间,13-22,2026-05-21 17:40:00,2026-05-21 20:34:00,1,1,gen_20260922_200_30
202202004,南苑分馆,5,静音研读间,29-04,2026-05-21 20:26:00,2026-05-21 21:29:00,0,1,gen_20260922_200_30
202204005,专业资料室,3,静音研读间,32-01,2026-05-21 17:40:00,2026-05-21 20:10:00,1,1,gen_20260922_200_30
202204005,中心图书馆,4,三层开架区,07-10,2026-05-21 20:38:00,2026-05-21 22:29:00,0,1,gen_20260922_200_30
202102003,中心图书馆,3,静音研读间,16-18,2026-05-21 15:00:00,2026-05-21 18:28:00,1,1,gen_20260922_200_30
202102003,中心图书馆,3,三层开架区,30-08,2026-05-21 18:49:00,2026-05-21 20:49:00,0,1,gen_20260922_200_30
202301007,中心图书馆,2,一号自习区,37-19,2026-05-21 17:40:00,2026-05-21 20:02:00,1,1,gen_20260922_200_30
202301007,中心图书馆,4,一号自习区,39-12,2026-05-21 21:10:00,2026-05-21 22:29:00,0,1,gen_20260922_200_30
202305002,中心图书馆,1,报刊阅览室,10-02,2026-05-21 17:40:00,2026-05-21 19:25:00,0,1,gen_20260922_200_30
202305002,中心图书馆,4,电子阅览区,19-11,2026-05-21 20:17:00,2026-05-21 21:16:00,0,1,gen_20260922_200_30
202303012,专业资料室,1,电子阅览区,25-07,2026-05-21 13:39:00,2026-05-21 15:02:00,0,1,gen_20260922_200_30
202102004,专业资料室,5,一号自习区,28-04,2026-05-21 14:30:00,2026-05-21 16:42:00,0,1,gen_20260922_200_30
202402004,专业资料室,1,二号自习区,01-13,2026-05-21 21:06:00,2026-05-21 22:29:00,0,1,gen_20260922_200_30
202402004,专业资料室,5,一号自习区,37-18,2026-05-21 21:55:00,2026-05-21 22:30:00,0,1,gen_20260922_200_30
202201017,专业资料室,5,一号自习区,25-09,2026-05-21 16:06:00,2026-05-21 17:18:00,0,1,gen_20260922_200_30
202205006,专业资料室,3,静音研读间,33-06,2026-05-21 13:45:00,2026-05-21 14:30:00,0,1,gen_20260922_200_30
202402005,南苑分馆,2,二号自习区,19-18,2026-05-21 15:03:00,2026-05-21 18:54:00,1,1,gen_20260922_200_30
202402005,南苑分馆,5,静音研读间,30-19,2026-05-21 19:34:00,2026-05-21 21:42:00,0,1,gen_20260922_200_30
202306005,专业资料室,1,三层开架区,26-09,2026-05-21 17:46:00,2026-05-21 20:43:00,1,1,gen_20260922_200_30
202306005,中心图书馆,1,二号自习区,24-21,2026-05-21 21:32:00,2026-05-21 22:29:00,0,1,gen_20260922_200_30
202402006,南苑分馆,5,报刊阅览室,37-13,2026-05-21 19:45:00,2026-05-21 21:40:00,0,1,gen_20260922_200_30
202402006,南苑分馆,4,电子阅览区,21-18,2026-05-21 21:55:00,2026-05-21 22:30:00,0,1,gen_20260922_200_30
202405002,专业资料室,1,一号自习区,01-07,2026-05-21 15:25:00,2026-05-21 19:25:00,1,1,gen_20260922_200_30
202405002,专业资料室,3,一号自习区,08-16,2026-05-21 19:41:00,2026-05-21 22:29:00,0,1,gen_20260922_200_30
202403008,中心图书馆,1,二号自习区,09-12,2026-05-21 16:50:00,2026-05-21 17:20:00,0,1,gen_20260922_200_30
202106002,中心图书馆,5,静音研读间,11-24,2026-05-21 21:55:00,2026-05-21 22:30:00,0,1,gen_20260922_200_30
202402007,中心图书馆,5,静音研读间,36-05,2026-05-21 14:34:00,2026-05-21 15:19:00,0,1,gen_20260922_200_30
202201018,中心图书馆,5,电子阅览区,09-07,2026-05-21 17:38:00,2026-05-21 19:06:00,0,1,gen_20260922_200_30
202203007,中心图书馆,4,三层开架区,31-18,2026-05-21 20:50:00,2026-05-21 21:54:00,0,1,gen_20260922_200_30
202204006,南苑分馆,1,静音研读间,30-01,2026-05-21 14:13:00,2026-05-21 16:09:00,0,1,gen_20260922_200_30
202204006,专业资料室,3,三层开架区,16-18,2026-05-21 20:37:00,2026-05-21 22:18:00,0,1,gen_20260922_200_30
202403009,中心图书馆,3,三层开架区,13-09,2026-05-21 20:59:00,2026-05-21 21:45:00,0,1,gen_20260922_200_30
202202005,专业资料室,4,报刊阅览室,32-09,2026-05-21 08:03:00,2026-05-21 10:53:00,0,1,gen_20260922_200_30
202202005,专业资料室,1,二号自习区,33-23,2026-05-21 19:22:00,2026-05-21 22:29:00,0,1,gen_20260922_200_30
202108003,中心图书馆,4,报刊阅览室,16-04,2026-05-21 14:35:00,2026-05-21 15:19:00,0,1,gen_20260922_200_30
202402008,专业资料室,3,二号自习区,02-21,2026-05-21 21:25:00,2026-05-21 22:12:00,0,1,gen_20260922_200_30
202403010,南苑分馆,5,静音研读间,15-16,2026-05-21 17:40:00,2026-05-21 21:40:00,1,1,gen_20260922_200_30
202403010,南苑分馆,3,电子阅览区,34-09,2026-05-21 21:55:00,2026-05-21 22:30:00,0,1,gen_20260922_200_30
202403012,中心图书馆,3,一号自习区,16-21,2026-05-21 13:50:00,2026-05-21 16:43:00,0,1,gen_20260922_200_30
202301009,中心图书馆,4,一号自习区,34-09,2026-05-21 13:43:00,2026-05-21 16:13:00,0,1,gen_20260922_200_30
202301009,南苑分馆,4,电子阅览区,27-24,2026-05-21 17:40:00,2026-05-21 21:40:00,1,1,gen_20260922_200_30
202204007,中心图书馆,1,二号自习区,05-21,2026-05-21 19:27:00,2026-05-21 22:00:00,0,1,gen_20260922_200_30
202204007,中心图书馆,5,报刊阅览室,25-16,2026-05-21 21:55:00,2026-05-21 22:30:00,0,1,gen_20260922_200_30
202207002,中心图书馆,2,二号自习区,17-02,2026-05-21 21:11:00,2026-05-21 22:29:00,0,1,gen_20260922_200_30
202207003,南苑分馆,1,电子阅览区,39-15,2026-05-21 16:56:00,2026-05-21 19:59:00,1,1,gen_20260922_200_30
202207003,中心图书馆,3,电子阅览区,19-16,2026-05-21 20:22:00,2026-05-21 22:18:00,0,1,gen_20260922_200_30
202201019,中心图书馆,3,三层开架区,33-10,2026-05-21 14:27:00,2026-05-21 18:27:00,1,1,gen_20260922_200_30
202201019,南苑分馆,3,静音研读间,08-14,2026-05-21 19:11:00,2026-05-21 20:39:00,0,1,gen_20260922_200_30
202203008,南苑分馆,3,三层开架区,31-03,2026-05-21 08:52:00,2026-05-21 10:24:00,0,1,gen_20260922_200_30
202203008,专业资料室,3,电子阅览区,16-14,2026-05-21 17:40:00,2026-05-21 20:46:00,1,1,gen_20260922_200_30
202101005,南苑分馆,4,报刊阅览室,18-14,2026-05-21 15:21:00,2026-05-21 15:57:00,0,1,gen_20260922_200_30
202101005,专业资料室,1,三层开架区,28-15,2026-05-21 17:40:00,2026-05-21 18:14:00,0,1,gen_20260922_200_30
202201020,南苑分馆,4,二号自习区,32-09,2026-05-21 09:41:00,2026-05-21 13:41:00,1,1,gen_20260922_200_30
202201020,南苑分馆,1,电子阅览区,33-17,2026-05-21 20:37:00,2026-05-21 21:14:00,0,1,gen_20260922_200_30
202402009,中心图书馆,4,一号自习区,18-16,2026-05-21 16:18:00,2026-05-21 17:11:00,0,1,gen_20260922_200_30
202402009,南苑分馆,1,三层开架区,01-11,2026-05-21 20:11:00,2026-05-21 22:29:00,0,1,gen_20260922_200_30
202401007,专业资料室,2,三层开架区,31-01,2026-05-21 10:25:00,2026-05-21 11:05:00,0,1,gen_20260922_200_30
202202006,南苑分馆,3,三层开架区,20-10,2026-05-21 14:40:00,2026-05-21 15:31:00,0,1,gen_20260922_200_30
202304005,中心图书馆,1,一号自习区,16-15,2026-05-21 15:59:00,2026-05-21 17:03:00,0,1,gen_20260922_200_30
202304005,专业资料室,1,三层开架区,15-14,2026-05-21 17:40:00,2026-05-21 19:33:00,0,1,gen_20260922_200_30
202408002,专业资料室,1,三层开架区,20-05,2026-05-21 20:08:00,2026-05-21 22:29:00,0,1,gen_20260922_200_30
202306006,中心图书馆,2,二号自习区,14-03,2026-05-21 20:02:00,2026-05-21 21:16:00,0,1,gen_20260922_200_30
202105002,中心图书馆,4,电子阅览区,18-02,2026-05-21 17:40:00,2026-05-21 18:45:00,0,1,gen_20260922_200_30
202105002,专业资料室,2,一号自习区,20-20,2026-05-21 20:02:00,2026-05-21 20:44:00,0,1,gen_20260922_200_30
202201021,专业资料室,2,三层开架区,07-04,2026-05-21 14:06:00,2026-05-21 15:41:00,0,1,gen_20260922_200_30
202302007,中心图书馆,1,电子阅览区,29-10,2026-05-21 13:21:00,2026-05-21 13:59:00,0,1,gen_20260922_200_30
202406003,专业资料室,1,报刊阅览室,07-05,2026-05-21 17:40:00,2026-05-21 18:22:00,0,1,gen_20260922_200_30
202406003,南苑分馆,3,二号自习区,29-14,2026-05-21 19:32:00,2026-05-21 22:29:00,0,1,gen_20260922_200_30
202303013,南苑分馆,5,二号自习区,24-11,2026-05-21 15:49:00,2026-05-21 17:53:00,1,1,gen_20260922_200_30
202303013,专业资料室,4,一号自习区,22-07,2026-05-21 18:23:00,2026-05-21 21:53:00,1,1,gen_20260922_200_30
202401008,专业资料室,5,一号自习区,33-01,2026-05-21 14:15:00,2026-05-21 18:15:00,1,1,gen_20260922_200_30
202401008,专业资料室,3,二号自习区,29-18,2026-05-21 19:47:00,2026-05-21 21:05:00,0,1,gen_20260922_200_30
202304007,南苑分馆,2,电子阅览区,19-12,2026-05-21 17:06:00,2026-05-21 19:41:00,1,1,gen_20260922_200_30
202304008,专业资料室,5,静音研读间,04-10,2026-05-21 20:11:00,2026-05-21 21:06:00,0,1,gen_20260922_200_30
202406004,专业资料室,1,静音研读间,39-21,2026-05-21 16:47:00,2026-05-21 18:23:00,0,1,gen_20260922_200_30
202406004,中心图书馆,4,二号自习区,27-16,2026-05-21 18:51:00,2026-05-21 22:29:00,0,1,gen_20260922_200_30
202206004,中心图书馆,2,静音研读间,13-09,2026-05-21 15:19:00,2026-05-21 16:55:00,0,1,gen_20260922_200_30
202407004,专业资料室,5,报刊阅览室,20-16,2026-05-21 18:52:00,2026-05-21 22:29:00,0,1,gen_20260922_200_30
202407004,专业资料室,3,静音研读间,12-12,2026-05-21 21:55:00,2026-05-21 22:30:00,0,1,gen_20260922_200_30
202108004,南苑分馆,1,一号自习区,35-17,2026-05-21 19:54:00,2026-05-21 22:26:00,0,1,gen_20260922_200_30
202205007,南苑分馆,5,静音研读间,13-14,2026-05-21 08:33:00,2026-05-21 11:07:00,0,1,gen_20260922_200_30
202205007,南苑分馆,2,静音研读间,31-23,2026-05-21 17:40:00,2026-05-21 19:36:00,0,1,gen_20260922_200_30
202402010,中心图书馆,3,报刊阅览室,13-01,2026-05-21 18:06:00,2026-05-21 22:06:00,1,1,gen_20260922_200_30
202402010,专业资料室,1,静音研读间,08-07,2026-05-21 21:55:00,2026-05-21 22:30:00,0,1,gen_20260922_200_30
202301010,南苑分馆,4,三层开架区,05-13,2026-05-21 15:28:00,2026-05-21 17:47:00,1,1,gen_20260922_200_30
202301010,专业资料室,5,三层开架区,26-17,2026-05-21 18:30:00,2026-05-21 20:47:00,1,1,gen_20260922_200_30
202306007,南苑分馆,5,报刊阅览室,10-04,2026-05-21 18:27:00,2026-05-21 19:12:00,0,1,gen_20260922_200_30
202306007,中心图书馆,5,电子阅览区,05-11,2026-05-21 19:45:00,2026-05-21 20:41:00,0,1,gen_20260922_200_30
202402011,专业资料室,5,静音研读间,03-14,2026-05-21 17:40:00,2026-05-21 21:40:00,1,1,gen_20260922_200_30
202402011,南苑分馆,1,静音研读间,12-05,2026-05-21 21:55:00,2026-05-21 22:30:00,0,1,gen_20260922_200_30
202108005,专业资料室,4,静音研读间,17-21,2026-05-21 15:58:00,2026-05-21 16:36:00,0,1,gen_20260922_200_30
202408003,南苑分馆,5,报刊阅览室,19-11,2026-05-21 13:54:00,2026-05-21 15:17:00,0,1,gen_20260922_200_30
202304009,南苑分馆,3,二号自习区,28-15,2026-05-21 21:35:00,2026-05-21 22:29:00,0,1,gen_20260922_200_30
202401009,南苑分馆,3,静音研读间,12-06,2026-05-21 13:36:00,2026-05-21 16:59:00,0,1,gen_20260922_200_30
202203009,专业资料室,2,三层开架区,17-16,2026-05-21 15:47:00,2026-05-21 16:49:00,0,1,gen_20260922_200_30
202203010,专业资料室,1,一号自习区,26-14,2026-05-21 15:48:00,2026-05-21 19:38:00,1,1,gen_20260922_200_30
202203010,中心图书馆,2,二号自习区,26-18,2026-05-21 20:28:00,2026-05-21 22:29:00,0,1,gen_20260922_200_30
202101006,中心图书馆,2,一号自习区,06-18,2026-05-21 19:16:00,2026-05-21 19:52:00,0,1,gen_20260922_200_30
202306008,中心图书馆,4,电子阅览区,15-14,2026-05-21 14:37:00,2026-05-21 16:20:00,0,1,gen_20260922_200_30
202406005,中心图书馆,4,静音研读间,20-02,2026-05-21 15:48:00,2026-05-21 18:40:00,1,1,gen_20260922_200_30
202302008,专业资料室,3,二号自习区,28-10,2026-05-21 13:20:00,2026-05-21 15:16:00,0,1,gen_20260922_200_30
202203011,中心图书馆,1,一号自习区,12-16,2026-05-21 17:40:00,2026-05-21 18:17:00,0,1,gen_20260922_200_30
202203011,中心图书馆,5,电子阅览区,36-17,2026-05-21 19:34:00,2026-05-21 22:29:00,0,1,gen_20260922_200_30
202201022,中心图书馆,5,报刊阅览室,39-07,2026-05-21 17:40:00,2026-05-21 21:40:00,1,1,gen_20260922_200_30
202201022,专业资料室,3,三层开架区,32-09,2026-05-21 21:55:00,2026-05-21 22:30:00,0,1,gen_20260922_200_30
202107002,南苑分馆,1,电子阅览区,39-23,2026-05-21 17:40:00,2026-05-21 16:58:00,0,0,gen_20260922_200_30
202301007,中心图书馆,2,一号自习区,37-19,2026-05-21 17:40:00,2026-05-23 16:11:00,1,0,gen_20260922_200_30
202207001,专业资料室,3,电子阅览区,18-20,2026-05-21 14:14:00,2026-05-23 22:39:00,0,0,gen_20260922_200_30
202303009,专业资料室,3,静音研读间,09-04,2026-05-21 21:55:00,2026-05-21 21:03:00,0,0,gen_20260922_200_30
202302006,南苑分馆,2,静音研读间,06-04,2026-05-21 20:51:00,2026-05-23 20:58:00,0,0,gen_20260922_200_30
202203001,专业资料室,1,报刊阅览室,11-17,2026-05-22 14:28:00,2026-05-22 17:18:00,0,1,gen_20260922_200_30
202203001,中心图书馆,1,报刊阅览室,06-09,2026-05-22 17:40:00,2026-05-22 18:32:00,0,1,gen_20260922_200_30
202301001,中心图书馆,3,电子阅览区,29-10,2026-05-22 16:24:00,2026-05-22 20:24:00,1,1,gen_20260922_200_30
202301001,专业资料室,5,二号自习区,19-18,2026-05-22 21:03:00,2026-05-22 22:19:00,0,1,gen_20260922_200_30
202202001,专业资料室,5,报刊阅览室,19-14,2026-05-22 19:24:00,2026-05-22 21:39:00,0,1,gen_20260922_200_30
202202001,专业资料室,1,报刊阅览室,26-24,2026-05-22 21:55:00,2026-05-22 22:25:00,0,1,gen_20260922_200_30
202102001,中心图书馆,5,二号自习区,22-17,2026-05-22 19:52:00,2026-05-22 20:34:00,0,1,gen_20260922_200_30
202102002,专业资料室,1,二号自习区,05-14,2026-05-22 15:08:00,2026-05-22 18:03:00,1,1,gen_20260922_200_30
202102002,中心图书馆,3,三层开架区,29-09,2026-05-22 19:44:00,2026-05-22 22:29:00,0,1,gen_20260922_200_30
202302002,专业资料室,2,报刊阅览室,17-12,2026-05-22 20:03:00,2026-05-22 21:01:00,0,1,gen_20260922_200_30
202201001,专业资料室,3,报刊阅览室,23-10,2026-05-22 20:56:00,2026-05-22 22:29:00,0,1,gen_20260922_200_30
202201002,中心图书馆,2,静音研读间,28-21,2026-05-22 15:42:00,2026-05-22 17:42:00,1,1,gen_20260922_200_30
202303001,中心图书馆,5,二号自习区,07-19,2026-05-22 15:19:00,2026-05-22 16:24:00,0,1,gen_20260922_200_30
202303001,中心图书馆,5,报刊阅览室,21-14,2026-05-22 21:29:00,2026-05-22 22:29:00,0,1,gen_20260922_200_30
202304001,专业资料室,5,三层开架区,13-12,2026-05-22 21:55:00,2026-05-22 22:30:00,0,1,gen_20260922_200_30
202401001,南苑分馆,2,三层开架区,23-01,2026-05-22 17:40:00,2026-05-22 18:31:00,0,1,gen_20260922_200_30
202401001,专业资料室,4,一号自习区,26-04,2026-05-22 21:16:00,2026-05-22 22:16:00,0,1,gen_20260922_200_30
202407001,南苑分馆,1,电子阅览区,38-24,2026-05-22 16:07:00,2026-05-22 17:32:00,0,1,gen_20260922_200_30
202303002,中心图书馆,2,静音研读间,28-21,2026-05-22 15:08:00,2026-05-22 15:44:00,0,1,gen_20260922_200_30
202401002,专业资料室,1,电子阅览区,34-08,2026-05-22 20:04:00,2026-05-22 21:20:00,0,1,gen_20260922_200_30
202201003,专业资料室,5,三层开架区,12-11,2026-05-22 19:04:00,2026-05-22 22:25:00,0,1,gen_20260922_200_30
202201003,专业资料室,2,电子阅览区,04-23,2026-05-22 21:55:00,2026-05-22 22:30:00,0,1,gen_20260922_200_30
202201004,专业资料室,4,静音研读间,36-03,2026-05-22 21:51:00,2026-05-22 22:29:00,0,1,gen_20260922_200_30
202104002,南苑分馆,5,报刊阅览室,04-23,2026-05-22 13:43:00,2026-05-22 15:17:00,0,1,gen_20260922_200_30
202307001,南苑分馆,3,一号自习区,26-09,2026-05-22 17:30:00,2026-05-22 20:59:00,1,1,gen_20260922_200_30
202307001,专业资料室,3,静音研读间,16-20,2026-05-22 21:49:00,2026-05-22 22:29:00,0,1,gen_20260922_200_30
202402001,中心图书馆,2,一号自习区,28-22,2026-05-22 16:16:00,2026-05-22 18:14:00,0,1,gen_20260922_200_30
202402001,专业资料室,3,一号自习区,12-07,2026-05-22 19:03:00,2026-05-22 20:02:00,0,1,gen_20260922_200_30
202306001,中心图书馆,3,报刊阅览室,28-11,2026-05-22 17:40:00,2026-05-22 19:16:00,0,1,gen_20260922_200_30
202306001,南苑分馆,2,二号自习区,16-16,2026-05-22 19:46:00,2026-05-22 22:18:00,0,1,gen_20260922_200_30
202303003,中心图书馆,2,电子阅览区,17-17,2026-05-22 20:25:00,2026-05-22 22:29:00,0,1,gen_20260922_200_30
202201005,中心图书馆,1,电子阅览区,10-03,2026-05-22 16:06:00,2026-05-22 20:06:00,1,1,gen_20260922_200_30
202201006,中心图书馆,1,三层开架区,29-17,2026-05-22 17:40:00,2026-05-22 21:18:00,1,1,gen_20260922_200_30
202201006,南苑分馆,5,一号自习区,32-12,2026-05-22 21:55:00,2026-05-22 22:30:00,0,1,gen_20260922_200_30
202303004,专业资料室,3,三层开架区,16-11,2026-05-22 15:08:00,2026-05-22 16:14:00,0,1,gen_20260922_200_30
202303005,专业资料室,1,静音研读间,31-20,2026-05-22 19:28:00,2026-05-22 22:29:00,0,1,gen_20260922_200_30
202303005,中心图书馆,4,静音研读间,38-15,2026-05-22 21:55:00,2026-05-22 22:30:00,0,1,gen_20260922_200_30
202301002,南苑分馆,4,静音研读间,19-21,2026-05-22 20:10:00,2026-05-22 22:29:00,0,1,gen_20260922_200_30
202404001,专业资料室,1,报刊阅览室,31-24,2026-05-22 16:27:00,2026-05-22 20:27:00,1,1,gen_20260922_200_30
202404001,专业资料室,4,二号自习区,18-07,2026-05-22 21:21:00,2026-05-22 22:29:00,0,1,gen_20260922_200_30
202407002,中心图书馆,2,一号自习区,31-09,2026-05-22 20:41:00,2026-05-22 22:04:00,0,1,gen_20260922_200_30
202201007,中心图书馆,5,静音研读间,20-04,2026-05-22 15:43:00,2026-05-22 17:14:00,0,1,gen_20260922_200_30
202306002,南苑分馆,4,静音研读间,09-07,2026-05-22 15:41:00,2026-05-22 19:41:00,1,1,gen_20260922_200_30
202308002,中心图书馆,3,二号自习区,08-20,2026-05-22 13:38:00,2026-05-22 15:17:00,0,1,gen_20260922_200_30
202302004,专业资料室,1,电子阅览区,11-08,2026-05-22 09:59:00,2026-05-22 13:29:00,1,1,gen_20260922_200_30
202302004,中心图书馆,1,电子阅览区,38-16,2026-05-22 20:22:00,2026-05-22 21:29:00,0,1,gen_20260922_200_30
202201008,专业资料室,4,静音研读间,08-11,2026-05-22 19:37:00,2026-05-22 22:29:00,0,1,gen_20260922_200_30
202201008,专业资料室,4,二号自习区,38-15,2026-05-22 21:55:00,2026-05-22 22:30:00,0,1,gen_20260922_200_30
202302005,中心图书馆,3,一号自习区,15-22,2026-05-22 19:09:00,2026-05-22 19:39:00,0,1,gen_20260922_200_30
202206001,专业资料室,2,报刊阅览室,37-15,2026-05-22 16:14:00,2026-05-22 17:43:00,0,1,gen_20260922_200_30
202206001,中心图书馆,3,一号自习区,27-24,2026-05-22 18:07:00,2026-05-22 21:52:00,1,1,gen_20260922_200_30
202307002,南苑分馆,2,电子阅览区,07-18,2026-05-22 09:42:00,2026-05-22 13:04:00,1,1,gen_20260922_200_30
202302006,南苑分馆,1,一号自习区,20-24,2026-05-22 16:24:00,2026-05-22 18:29:00,1,1,gen_20260922_200_30
202403001,专业资料室,2,一号自习区,27-18,2026-05-22 14:00:00,2026-05-22 17:13:00,0,1,gen_20260922_200_30
202204001,专业资料室,5,三层开架区,06-10,2026-05-22 18:51:00,2026-05-22 21:40:00,0,1,gen_20260922_200_30
202204001,专业资料室,1,二号自习区,36-16,2026-05-22 21:55:00,2026-05-22 22:30:00,0,1,gen_20260922_200_30
202403002,中心图书馆,4,报刊阅览室,18-20,2026-05-22 14:07:00,2026-05-22 15:07:00,0,1,gen_20260922_200_30
202401003,中心图书馆,4,二号自习区,11-17,2026-05-22 17:40:00,2026-05-22 21:40:00,1,1,gen_20260922_200_30
202401003,专业资料室,3,电子阅览区,05-10,2026-05-22 21:55:00,2026-05-22 22:30:00,0,1,gen_20260922_200_30
202301003,专业资料室,3,一号自习区,03-10,2026-05-22 14:47:00,2026-05-22 16:51:00,0,1,gen_20260922_200_30
202201009,南苑分馆,4,一号自习区,26-13,2026-05-22 15:09:00,2026-05-22 19:09:00,1,1,gen_20260922_200_30
202403003,专业资料室,4,静音研读间,37-11,2026-05-22 08:00:00,2026-05-22 08:42:00,0,1,gen_20260922_200_30
202403003,南苑分馆,1,电子阅览区,20-23,2026-05-22 17:40:00,2026-05-22 19:43:00,1,1,gen_20260922_200_30
202201010,南苑分馆,1,静音研读间,17-09,2026-05-22 14:23:00,2026-05-22 15:23:00,0,1,gen_20260922_200_30
202201010,中心图书馆,5,三层开架区,28-20,2026-05-22 17:40:00,2026-05-22 21:40:00,1,1,gen_20260922_200_30
202107001,南苑分馆,3,静音研读间,11-07,2026-05-22 12:53:00,2026-05-22 13:50:00,0,1,gen_20260922_200_30
202107001,中心图书馆,1,报刊阅览室,35-16,2026-05-22 17:40:00,2026-05-22 18:10:00,0,1,gen_20260922_200_30
202307003,南苑分馆,5,二号自习区,02-19,2026-05-22 19:50:00,2026-05-22 20:35:00,0,1,gen_20260922_200_30
202307003,中心图书馆,2,一号自习区,11-19,2026-05-22 21:30:00,2026-05-22 22:14:00,0,1,gen_20260922_200_30
202205001,中心图书馆,4,报刊阅览室,35-11,2026-05-22 15:05:00,2026-05-22 15:46:00,0,1,gen_20260922_200_30
202303006,南苑分馆,4,三层开架区,31-18,2026-05-22 20:24:00,2026-05-22 21:51:00,0,1,gen_20260922_200_30
202303006,中心图书馆,5,电子阅览区,24-06,2026-05-22 21:55:00,2026-05-22 22:30:00,0,1,gen_20260922_200_30
202304002,中心图书馆,4,三层开架区,39-19,2026-05-22 13:37:00,2026-05-22 15:37:00,0,1,gen_20260922_200_30
202203002,中心图书馆,2,三层开架区,25-18,2026-05-22 16:57:00,2026-05-22 19:32:00,1,1,gen_20260922_200_30
202203002,专业资料室,3,电子阅览区,24-12,2026-05-22 20:20:00,2026-05-22 22:29:00,0,1,gen_20260922_200_30
202101001,南苑分馆,4,电子阅览区,04-24,2026-05-22 19:26:00,2026-05-22 20:27:00,0,1,gen_20260922_200_30
202207001,南苑分馆,3,报刊阅览室,24-02,2026-05-22 14:11:00,2026-05-22 15:06:00,0,1,gen_20260922_200_30
202304003,中心图书馆,2,三层开架区,13-21,2026-05-22 20:33:00,2026-05-22 21:35:00,0,1,gen_20260922_200_30
202201011,中心图书馆,4,静音研读间,20-20,2026-05-22 16:07:00,,0,1,gen_20260922_200_30
202201011,专业资料室,5,电子阅览区,16-22,2026-05-22 17:40:00,2026-05-22 19:11:00,0,1,gen_20260922_200_30
202408001,专业资料室,5,一号自习区,24-23,2026-05-22 19:20:00,2026-05-22 22:21:00,0,1,gen_20260922_200_30
202205002,专业资料室,4,静音研读间,20-08,2026-05-22 15:13:00,2026-05-22 18:40:00,1,1,gen_20260922_200_30
202205002,南苑分馆,1,一号自习区,39-22,2026-05-22 20:57:00,2026-05-22 22:29:00,0,1,gen_20260922_200_30
202202002,专业资料室,1,三层开架区,25-13,2026-05-22 09:22:00,2026-05-22 13:22:00,1,1,gen_20260922_200_30
202202002,南苑分馆,4,电子阅览区,08-12,2026-05-22 17:40:00,2026-05-22 20:23:00,1,1,gen_20260922_200_30
202407003,专业资料室,1,二号自习区,05-04,2026-05-22 20:24:00,2026-05-22 22:29:00,0,1,gen_20260922_200_30
202301005,专业资料室,5,三层开架区,12-21,2026-05-22 15:05:00,2026-05-22 17:03:00,0,1,gen_20260922_200_30
202301005,南苑分馆,4,三层开架区,37-07,2026-05-22 17:40:00,2026-05-22 19:26:00,0,1,gen_20260922_200_30
202101002,专业资料室,4,二号自习区,29-19,2026-05-22 16:30:00,2026-05-22 19:20:00,1,1,gen_20260922_200_30
202101002,中心图书馆,5,一号自习区,19-20,2026-05-22 20:53:00,2026-05-22 22:07:00,0,1,gen_20260922_200_30
202304004,专业资料室,3,静音研读间,26-08,2026-05-22 15:44:00,2026-05-22 17:19:00,0,1,gen_20260922_200_30
202108001,南苑分馆,1,电子阅览区,18-22,2026-05-22 15:26:00,2026-05-22 18:37:00,1,1,gen_20260922_200_30
202108001,中心图书馆,1,报刊阅览室,02-12,2026-05-22 19:17:00,2026-05-22 20:11:00,0,1,gen_20260922_200_30
202301006,中心图书馆,5,二号自习区,34-17,2026-05-22 16:40:00,2026-05-22 19:39:00,1,1,gen_20260922_200_30
202301006,南苑分馆,4,二号自习区,38-19,2026-05-22 20:08:00,2026-05-22 21:14:00,0,1,gen_20260922_200_30
202303007,专业资料室,1,三层开架区,33-20,2026-05-22 17:40:00,2026-05-22 20:31:00,1,1,gen_20260922_200_30
202303007,中心图书馆,5,一号自习区,06-15,2026-05-22 21:55:00,2026-05-22 22:30:00,0,1,gen_20260922_200_30
202303008,专业资料室,2,三层开架区,12-20,2026-05-22 17:40:00,2026-05-22 19:05:00,0,1,gen_20260922_200_30
202303008,专业资料室,5,电子阅览区,32-19,2026-05-22 19:50:00,2026-05-22 20:26:00,0,1,gen_20260922_200_30
202403004,中心图书馆,4,静音研读间,34-07,2026-05-22 18:52:00,2026-05-22 20:49:00,0,1,gen_20260922_200_30
202403005,南苑分馆,4,静音研读间,09-22,2026-05-22 18:41:00,2026-05-22 19:23:00,0,1,gen_20260922_200_30
202401005,南苑分馆,2,一号自习区,28-08,2026-05-22 14:36:00,2026-05-22 17:53:00,1,1,gen_20260922_200_30
202401005,中心图书馆,1,报刊阅览室,38-12,2026-05-22 18:36:00,2026-05-22 19:32:00,0,1,gen_20260922_200_30
202206002,中心图书馆,5,三层开架区,05-20,2026-05-22 15:24:00,2026-05-22 19:24:00,1,1,gen_20260922_200_30
202308003,中心图书馆,1,电子阅览区,21-13,2026-05-22 15:33:00,2026-05-22 16:17:00,0,1,gen_20260922_200_30
202308003,南苑分馆,4,三层开架区,28-05,2026-05-22 17:40:00,2026-05-22 18:30:00,0,1,gen_20260922_200_30
202203003,南苑分馆,4,二号自习区,11-20,2026-05-22 13:23:00,2026-05-22 16:12:00,0,1,gen_20260922_200_30
202203003,中心图书馆,4,二号自习区,01-07,2026-05-22 17:40:00,2026-05-22 18:42:00,0,1,gen_20260922_200_30
202201014,中心图书馆,1,一号自习区,27-24,2026-05-22 16:09:00,2026-05-22 17:27:00,0,1,gen_20260922_200_30
202405001,专业资料室,2,电子阅览区,22-01,2026-05-22 16:26:00,2026-05-22 16:56:00,0,1,gen_20260922_200_30
202202003,中心图书馆,1,一号自习区,23-11,2026-05-22 20:24:00,2026-05-22 22:01:00,0,1,gen_20260922_200_30
202203004,中心图书馆,1,静音研读间,08-24,2026-05-22 15:46:00,2026-05-22 16:22:00,0,1,gen_20260922_200_30
202205003,专业资料室,4,一号自习区,22-10,2026-05-22 21:39:00,2026-05-22 22:29:00,0,1,gen_20260922_200_30
202401006,南苑分馆,1,三层开架区,30-09,2026-05-22 17:40:00,2026-05-22 19:34:00,0,1,gen_20260922_200_30
202401006,专业资料室,1,电子阅览区,20-06,2026-05-22 20:03:00,2026-05-22 22:29:00,0,1,gen_20260922_200_30
202307004,南苑分馆,3,电子阅览区,21-08,2026-05-22 15:51:00,2026-05-22 16:41:00,0,1,gen_20260922_200_30
202208002,专业资料室,3,报刊阅览室,25-09,2026-05-22 19:19:00,2026-05-22 22:29:00,0,1,gen_20260922_200_30
202406001,专业资料室,5,静音研读间,03-15,2026-05-22 20:50:00,2026-05-22 21:46:00,0,1,gen_20260922_200_30
202106001,中心图书馆,1,静音研读间,19-03,2026-05-22 15:34:00,2026-05-22 19:34:00,1,1,gen_20260922_200_30
202106001,南苑分馆,2,二号自习区,11-08,2026-05-22 20:02:00,2026-05-22 21:51:00,0,1,gen_20260922_200_30
202204004,中心图书馆,3,电子阅览区,26-12,2026-05-22 14:22:00,2026-05-22 18:14:00,1,1,gen_20260922_200_30
202204004,南苑分馆,3,电子阅览区,37-19,2026-05-22 20:43:00,2026-05-22 21:37:00,0,1,gen_20260922_200_30
202406002,专业资料室,2,报刊阅览室,06-20,2026-05-22 14:32:00,2026-05-22 15:33:00,0,1,gen_20260922_200_30
202101004,中心图书馆,4,二号自习区,32-20,2026-05-22 13:01:00,2026-05-22 14:25:00,0,1,gen_20260922_200_30
202403006,南苑分馆,3,二号自习区,08-09,2026-05-22 19:54:00,2026-05-22 21:23:00,0,1,gen_20260922_200_30
202403006,中心图书馆,1,一号自习区,14-19,2026-05-22 21:55:00,2026-05-22 22:30:00,0,1,gen_20260922_200_30
202103001,南苑分馆,4,三层开架区,28-05,2026-05-22 13:50:00,2026-05-22 14:20:00,0,1,gen_20260922_200_30
202303009,专业资料室,1,电子阅览区,30-17,2026-05-22 09:02:00,2026-05-22 11:19:00,0,1,gen_20260922_200_30
202303009,南苑分馆,2,二号自习区,23-03,2026-05-22 18:43:00,2026-05-22 22:29:00,0,1,gen_20260922_200_30
202403007,南苑分馆,2,电子阅览区,25-06,2026-05-22 17:40:00,2026-05-22 19:24:00,0,1,gen_20260922_200_30
202403007,中心图书馆,4,静音研读间,36-11,2026-05-22 20:07:00,2026-05-22 22:19:00,0,1,gen_20260922_200_30
202203005,专业资料室,2,一号自习区,16-08,2026-05-22 17:40:00,2026-05-22 21:40:00,1,1,gen_20260922_200_30
202203005,南苑分馆,4,一号自习区,01-12,2026-05-22 21:55:00,2026-05-22 22:30:00,0,1,gen_20260922_200_30
202305001,中心图书馆,2,三层开架区,03-10,2026-05-22 16:59:00,2026-05-22 18:08:00,0,1,gen_20260922_200_30
202305001,专业资料室,5,静音研读间,02-20,2026-05-22 18:30:00,2026-05-22 19:01:00,0,1,gen_20260922_200_30
202303010,中心图书馆,2,静音研读间,23-20,2026-05-22 15:07:00,2026-05-22 17:08:00,0,1,gen_20260922_200_30
202303010,专业资料室,4,一号自习区,33-15,2026-05-22 17:40:00,2026-05-22 19:45:00,1,1,gen_20260922_200_30
202105001,专业资料室,3,电子阅览区,04-13,2026-05-22 19:15:00,2026-05-22 22:29:00,0,1,gen_20260922_200_30
202105001,南苑分馆,3,二号自习区,10-11,2026-05-22 21:55:00,2026-05-22 22:30:00,0,1,gen_20260922_200_30
202205004,南苑分馆,4,二号自习区,03-03,2026-05-22 19:54:00,2026-05-22 21:36:00,0,1,gen_20260922_200_30
202201016,专业资料室,4,二号自习区,38-10,2026-05-22 20:13:00,2026-05-22 22:29:00,0,1,gen_20260922_200_30
202201016,专业资料室,2,二号自习区,38-14,2026-05-22 21:55:00,2026-05-22 22:30:00,0,1,gen_20260922_200_30
202206003,专业资料室,3,电子阅览区,23-20,2026-05-22 16:05:00,2026-05-22 17:18:00,0,1,gen_20260922_200_30
202206003,专业资料室,5,报刊阅览室,24-06,2026-05-22 19:27:00,2026-05-22 22:29:00,0,1,gen_20260922_200_30
202107002,专业资料室,4,电子阅览区,37-09,2026-05-22 13:56:00,2026-05-22 15:27:00,0,1,gen_20260922_200_30
202404002,专业资料室,5,二号自习区,29-15,2026-05-22 08:23:00,2026-05-22 12:23:00,1,1,gen_20260922_200_30
202308004,中心图书馆,5,一号自习区,15-22,2026-05-22 20:43:00,2026-05-22 21:51:00,0,1,gen_20260922_200_30
202303011,南苑分馆,2,一号自习区,12-24,2026-05-22 14:51:00,2026-05-22 15:34:00,0,1,gen_20260922_200_30
202402003,专业资料室,4,报刊阅览室,25-20,2026-05-22 15:37:00,2026-05-22 19:37:00,1,1,gen_20260922_200_30
202402003,专业资料室,1,二号自习区,10-04,2026-05-22 20:48:00,2026-05-22 22:29:00,0,1,gen_20260922_200_30
202202004,专业资料室,3,二号自习区,37-23,2026-05-22 17:40:00,2026-05-22 18:35:00,0,1,gen_20260922_200_30
202202004,专业资料室,5,电子阅览区,01-24,2026-05-22 18:54:00,2026-05-22 21:59:00,0,1,gen_20260922_200_30
202204005,专业资料室,3,二号自习区,13-22,2026-05-22 17:40:00,2026-05-22 21:40:00,1,1,gen_20260922_200_30
202204005,南苑分馆,1,三层开架区,15-24,2026-05-22 21:55:00,2026-05-22 22:30:00,0,1,gen_20260922_200_30
202102003,南苑分馆,3,静音研读间,15-17,2026-05-22 17:40:00,2026-05-22 20:24:00,1,1,gen_20260922_200_30
202102003,南苑分馆,4,电子阅览区,14-11,2026-05-22 21:03:00,2026-05-22 22:29:00,0,1,gen_20260922_200_30
202104003,专业资料室,3,电子阅览区,18-16,2026-05-22 21:32:00,2026-05-22 22:19:00,0,1,gen_20260922_200_30
202301007,专业资料室,3,三层开架区,20-13,2026-05-22 21:32:00,2026-05-22 22:05:00,0,1,gen_20260922_200_30
202305002,中心图书馆,4,二号自习区,12-14,2026-05-22 15:49:00,2026-05-22 16:53:00,0,1,gen_20260922_200_30
202305002,南苑分馆,5,三层开架区,11-15,2026-05-22 17:40:00,2026-05-22 19:34:00,0,1,gen_20260922_200_30
202303012,中心图书馆,2,静音研读间,15-24,2026-05-22 20:01:00,2026-05-22 21:00:00,0,1,gen_20260922_200_30
202102004,专业资料室,5,三层开架区,25-15,2026-05-22 21:55:00,2026-05-22 22:30:00,0,1,gen_20260922_200_30
202402004,中心图书馆,3,电子阅览区,06-07,2026-05-22 17:40:00,2026-05-22 21:40:00,1,1,gen_20260922_200_30
202402004,南苑分馆,5,一号自习区,14-24,2026-05-22 21:55:00,2026-05-22 22:30:00,0,1,gen_20260922_200_30
202203006,南苑分馆,4,二号自习区,30-09,2026-05-22 07:58:00,2026-05-22 09:27:00,0,1,gen_20260922_200_30
202201017,中心图书馆,4,静音研读间,03-16,2026-05-22 20:53:00,2026-05-22 22:22:00,0,1,gen_20260922_200_30
202201017,南苑分馆,3,报刊阅览室,09-07,2026-05-22 21:55:00,2026-05-22 22:30:00,0,1,gen_20260922_200_30
202205006,南苑分馆,1,电子阅览区,36-05,2026-05-22 21:55:00,2026-05-22 22:25:00,0,1,gen_20260922_200_30
202402005,专业资料室,5,二号自习区,32-12,2026-05-22 15:41:00,2026-05-22 19:41:00,1,1,gen_20260922_200_30
202402005,专业资料室,3,二号自习区,22-10,2026-05-22 20:23:00,2026-05-22 22:29:00,0,1,gen_20260922_200_30
202306005,南苑分馆,4,三层开架区,25-02,2026-05-22 14:51:00,2026-05-22 16:51:00,0,1,gen_20260922_200_30
202306005,专业资料室,3,静音研读间,34-12,2026-05-22 18:54:00,2026-05-22 20:48:00,0,1,gen_20260922_200_30
202402006,南苑分馆,2,电子阅览区,04-08,2026-05-22 14:53:00,2026-05-22 15:41:00,0,1,gen_20260922_200_30
202402006,专业资料室,1,报刊阅览室,25-07,2026-05-22 17:40:00,2026-05-22 18:51:00,0,1,gen_20260922_200_30
202405002,南苑分馆,1,三层开架区,33-04,2026-05-22 19:52:00,2026-05-22 22:29:00,0,1,gen_20260922_200_30
202405002,南苑分馆,2,一号自习区,21-07,2026-05-22 21:55:00,2026-05-22 22:30:00,0,1,gen_20260922_200_30
202403008,中心图书馆,3,一号自习区,34-08,2026-05-22 15:13:00,2026-05-22 15:43:00,0,1,gen_20260922_200_30
202301008,中心图书馆,5,二号自习区,06-11,2026-05-22 17:40:00,2026-05-22 19:35:00,0,1,gen_20260922_200_30
202301008,南苑分馆,3,电子阅览区,14-09,2026-05-22 20:28:00,2026-05-22 22:29:00,0,1,gen_20260922_200_30
202106002,中心图书馆,3,一号自习区,06-04,2026-05-22 18:23:00,2026-05-22 19:45:00,0,1,gen_20260922_200_30
202106002,中心图书馆,4,静音研读间,23-07,2026-05-22 20:40:00,2026-05-22 22:29:00,0,1,gen_20260922_200_30
202402007,中心图书馆,5,一号自习区,15-19,2026-05-22 14:07:00,2026-05-22 14:59:00,0,1,gen_20260922_200_30
202201018,中心图书馆,1,一号自习区,07-18,2026-05-22 14:33:00,2026-05-22 15:30:00,0,1,gen_20260922_200_30
202201018,中心图书馆,4,电子阅览区,13-19,2026-05-22 21:06:00,2026-05-22 21:37:00,0,1,gen_20260922_200_30
202203007,中心图书馆,2,电子阅览区,31-22,2026-05-22 21:00:00,2026-05-22 22:29:00,0,1,gen_20260922_200_30
202204006,中心图书馆,2,静音研读间,31-09,2026-05-22 14:32:00,2026-05-22 16:05:00,0,1,gen_20260922_200_30
202403009,南苑分馆,3,静音研读间,11-17,2026-05-22 15:12:00,2026-05-22 16:31:00,0,1,gen_20260922_200_30
202202005,南苑分馆,1,二号自习区,17-18,2026-05-22 15:20:00,2026-05-22 19:06:00,1,1,gen_20260922_200_30
202202005,南苑分馆,5,静音研读间,01-04,2026-05-22 19:28:00,2026-05-22 21:34:00,0,1,gen_20260922_200_30
202305003,中心图书馆,2,电子阅览区,26-15,2026-05-22 16:20:00,2026-05-22 16:50:00,0,1,gen_20260922_200_30
202108003,南苑分馆,3,一号自习区,15-21,2026-05-22 19:37:00,2026-05-22 21:06:00,0,1,gen_20260922_200_30
202402008,专业资料室,1,一号自习区,37-03,2026-05-22 15:28:00,2026-05-22 15:58:00,0,1,gen_20260922_200_30
202403010,中心图书馆,3,一号自习区,22-22,2026-05-22 17:40:00,2026-05-22 20:03:00,1,1,gen_20260922_200_30
202403010,中心图书馆,1,一号自习区,05-13,2026-05-22 20:24:00,2026-05-22 22:29:00,0,1,gen_20260922_200_30
202403011,中心图书馆,4,一号自习区,28-22,2026-05-22 14:50:00,2026-05-22 16:54:00,0,1,gen_20260922_200_30
202403012,专业资料室,2,三层开架区,35-09,2026-05-22 15:45:00,2026-05-22 17:28:00,0,1,gen_20260922_200_30
202301009,中心图书馆,1,二号自习区,09-03,2026-05-22 14:30:00,2026-05-22 16:03:00,0,1,gen_20260922_200_30
202301009,南苑分馆,3,报刊阅览室,14-02,2026-05-22 18:45:00,2026-05-22 20:29:00,0,1,gen_20260922_200_30
202204007,专业资料室,3,电子阅览区,31-13,2026-05-22 15:49:00,2026-05-22 17:33:00,0,1,gen_20260922_200_30
202204007,专业资料室,4,静音研读间,01-03,2026-05-22 17:40:00,2026-05-22 19:16:00,0,1,gen_20260922_200_30
202207003,南苑分馆,5,电子阅览区,38-23,2026-05-22 12:52:00,2026-05-22 16:00:00,0,1,gen_20260922_200_30
202207003,专业资料室,5,一号自习区,14-23,2026-05-22 20:25:00,2026-05-22 22:29:00,0,1,gen_20260922_200_30
202201019,中心图书馆,4,报刊阅览室,15-12,2026-05-22 13:09:00,2026-05-22 15:31:00,0,1,gen_20260922_200_30
202201019,专业资料室,1,一号自习区,24-17,2026-05-22 17:40:00,2026-05-22 21:40:00,1,1,gen_20260922_200_30
202203008,专业资料室,4,报刊阅览室,14-05,2026-05-22 15:35:00,2026-05-22 16:56:00,0,1,gen_20260922_200_30
202101005,南苑分馆,4,二号自习区,26-10,2026-05-22 15:08:00,2026-05-22 16:32:00,0,1,gen_20260922_200_30
202101005,南苑分馆,5,报刊阅览室,19-10,2026-05-22 17:40:00,2026-05-22 18:15:00,0,1,gen_20260922_200_30
202201020,中心图书馆,2,二号自习区,31-17,2026-05-22 13:56:00,2026-05-22 15:34:00,0,1,gen_20260922_200_30
202402009,专业资料室,4,一号自习区,24-05,2026-05-22 15:55:00,2026-05-22 17:48:00,0,1,gen_20260922_200_30
202402009,南苑分馆,3,二号自习区,10-12,2026-05-22 18:07:00,2026-05-22 19:08:00,0,1,gen_20260922_200_30
202401007,专业资料室,5,二号自习区,33-12,2026-05-22 15:34:00,2026-05-22 17:50:00,1,1,gen_20260922_200_30
202304005,南苑分馆,5,一号自习区,21-24,2026-05-22 15:17:00,2026-05-22 16:59:00,0,1,gen_20260922_200_30
202304005,南苑分馆,3,报刊阅览室,17-18,2026-05-22 21:14:00,2026-05-22 22:29:00,0,1,gen_20260922_200_30
202408002,中心图书馆,1,二号自习区,33-21,2026-05-22 15:19:00,2026-05-22 17:01:00,0,1,gen_20260922_200_30
202408002,中心图书馆,5,一号自习区,08-20,2026-05-22 17:40:00,2026-05-22 18:10:00,0,1,gen_20260922_200_30
202306006,专业资料室,3,一号自习区,08-06,2026-05-22 14:23:00,2026-05-22 16:30:00,0,1,gen_20260922_200_30
202105002,专业资料室,5,三层开架区,09-02,2026-05-22 17:40:00,2026-05-22 21:40:00,1,1,gen_20260922_200_30
202105002,专业资料室,5,三层开架区,04-15,2026-05-22 21:55:00,2026-05-22 22:30:00,0,1,gen_20260922_200_30
202201021,专业资料室,1,一号自习区,31-08,2026-05-22 17:40:00,2026-05-22 18:46:00,0,1,gen_20260922_200_30
202201021,中心图书馆,5,电子阅览区,19-14,2026-05-22 21:17:00,2026-05-22 22:29:00,0,1,gen_20260922_200_30
202406003,中心图书馆,4,二号自习区,34-11,2026-05-22 14:12:00,2026-05-22 16:27:00,0,1,gen_20260922_200_30
202406003,专业资料室,4,三层开架区,21-22,2026-05-22 17:40:00,2026-05-22 20:06:00,1,1,gen_20260922_200_30
202303013,中心图书馆,5,电子阅览区,33-03,2026-05-22 14:51:00,2026-05-22 18:51:00,1,1,gen_20260922_200_30
202401008,中心图书馆,1,静音研读间,02-06,2026-05-22 14:17:00,2026-05-22 15:56:00,0,1,gen_20260922_200_30
202401008,南苑分馆,2,一号自习区,37-02,2026-05-22 17:40:00,2026-05-22 19:34:00,0,1,gen_20260922_200_30
202406004,专业资料室,3,静音研读间,19-10,2026-05-22 17:40:00,2026-05-22 18:28:00,0,1,gen_20260922_200_30
202406004,中心图书馆,5,二号自习区,20-05,2026-05-22 19:08:00,2026-05-22 21:39:00,0,1,gen_20260922_200_30
202204008,南苑分馆,4,一号自习区,25-07,2026-05-22 17:40:00,2026-05-22 18:17:00,0,1,gen_20260922_200_30
202204008,专业资料室,3,电子阅览区,07-22,2026-05-22 19:35:00,2026-05-22 20:45:00,0,1,gen_20260922_200_30
202206004,中心图书馆,5,一号自习区,08-23,2026-05-22 17:40:00,2026-05-22 18:44:00,0,1,gen_20260922_200_30
202206004,中心图书馆,3,三层开架区,15-03,2026-05-22 20:27:00,2026-05-22 22:26:00,0,1,gen_20260922_200_30
202204009,中心图书馆,1,报刊阅览室,34-10,2026-05-22 14:46:00,2026-05-22 18:44:00,1,1,gen_20260922_200_30
202204009,南苑分馆,1,一号自习区,12-17,2026-05-22 19:34:00,2026-05-22 21:45:00,0,1,gen_20260922_200_30
202407004,专业资料室,3,报刊阅览室,12-02,2026-05-22 14:12:00,2026-05-22 16:39:00,0,1,gen_20260922_200_30
202407004,南苑分馆,5,报刊阅览室,01-23,2026-05-22 20:57:00,2026-05-22 22:29:00,0,1,gen_20260922_200_30
202108004,南苑分馆,1,一号自习区,36-12,2026-05-22 15:16:00,2026-05-22 15:57:00,0,1,gen_20260922_200_30
202108004,南苑分馆,4,二号自习区,24-02,2026-05-22 17:40:00,2026-05-22 19:07:00,0,1,gen_20260922_200_30
202205007,中心图书馆,4,二号自习区,39-06,2026-05-22 20:10:00,2026-05-22 22:29:00,0,1,gen_20260922_200_30
202402010,专业资料室,4,三层开架区,35-16,2026-05-22 17:40:00,2026-05-22 19:37:00,0,1,gen_20260922_200_30
202402010,中心图书馆,2,静音研读间,31-11,2026-05-22 20:04:00,2026-05-22 21:11:00,0,1,gen_20260922_200_30
202301010,南苑分馆,2,静音研读间,32-06,2026-05-22 14:38:00,2026-05-22 18:38:00,1,1,gen_20260922_200_30
202306007,专业资料室,3,三层开架区,05-14,2026-05-22 15:45:00,2026-05-22 17:39:00,0,1,gen_20260922_200_30
202402011,南苑分馆,3,一号自习区,39-11,2026-05-22 16:13:00,2026-05-22 19:11:00,1,1,gen_20260922_200_30
202402011,中心图书馆,4,三层开架区,35-03,2026-05-22 19:39:00,2026-05-22 22:29:00,0,1,gen_20260922_200_30
202108005,专业资料室,4,静音研读间,04-11,2026-05-22 16:37:00,2026-05-22 17:07:00,0,1,gen_20260922_200_30
202408003,南苑分馆,3,三层开架区,12-17,2026-05-22 14:18:00,2026-05-22 15:27:00,0,1,gen_20260922_200_30
202401009,中心图书馆,2,三层开架区,09-04,2026-05-22 14:48:00,2026-05-22 16:33:00,0,1,gen_20260922_200_30
202401009,中心图书馆,3,静音研读间,33-23,2026-05-22 17:40:00,2026-05-22 18:10:00,0,1,gen_20260922_200_30
202203009,专业资料室,3,电子阅览区,02-11,2026-05-22 19:12:00,2026-05-22 19:42:00,0,1,gen_20260922_200_30
202108006,中心图书馆,3,二号自习区,08-12,2026-05-22 19:05:00,2026-05-22 20:23:00,0,1,gen_20260922_200_30
202203010,中心图书馆,3,一号自习区,34-09,2026-05-22 14:11:00,2026-05-22 16:23:00,0,1,gen_20260922_200_30
202203010,中心图书馆,2,二号自习区,08-05,2026-05-22 17:40:00,2026-05-22 21:40:00,1,1,gen_20260922_200_30
202306008,南苑分馆,2,三层开架区,02-13,2026-05-22 21:02:00,2026-05-22 22:29:00,0,1,gen_20260922_200_30
202302008,中心图书馆,1,一号自习区,23-05,2026-05-22 17:40:00,2026-05-22 19:36:00,0,1,gen_20260922_200_30
202302008,专业资料室,4,三层开架区,32-08,2026-05-22 20:17:00,2026-05-22 21:42:00,0,1,gen_20260922_200_30
202304010,中心图书馆,5,静音研读间,36-03,2026-05-22 09:55:00,2026-05-22 12:28:00,1,1,gen_20260922_200_30
202203011,专业资料室,2,二号自习区,24-22,2026-05-22 10:34:00,2026-05-22 11:04:00,0,1,gen_20260922_200_30
202203011,中心图书馆,3,电子阅览区,17-15,2026-05-22 17:40:00,2026-05-22 19:22:00,0,1,gen_20260922_200_30
202107003,专业资料室,1,三层开架区,34-22,2026-05-22 14:12:00,2026-05-22 15:00:00,0,1,gen_20260922_200_30
202201022,南苑分馆,1,电子阅览区,04-08,2026-05-22 17:40:00,2026-05-22 20:05:00,1,1,gen_20260922_200_30
202201022,南苑分馆,2,二号自习区,39-07,2026-05-22 20:42:00,2026-05-22 22:29:00,0,1,gen_20260922_200_30
202303013,中心图书馆,5,电子阅览区,33-03,2026-05-22 14:51:00,2026-05-22 13:21:00,1,0,gen_20260922_200_30
202201003,专业资料室,5,三层开架区,12-11,2026-05-22 19:04:00,2026-05-24 05:19:00,0,0,gen_20260922_200_30
202403009,南苑分馆,3,静音研读间,11-17,2026-05-22 15:12:00,2026-05-24 14:44:00,0,0,gen_20260922_200_30
202303010,中心图书馆,2,静音研读间,23-20,2026-05-22 15:07:00,2026-05-22 13:17:00,0,0,gen_20260922_200_30
202203008,专业资料室,4,报刊阅览室,14-05,2026-05-22 15:35:00,2026-05-25 18:34:00,0,0,gen_20260922_200_30
202301001,专业资料室,4,电子阅览区,07-16,2026-05-23 13:51:00,2026-05-23 17:51:00,1,1,gen_20260922_200_30
202102001,中心图书馆,4,三层开架区,28-09,2026-05-23 19:22:00,2026-05-23 20:57:00,0,1,gen_20260922_200_30
202102002,中心图书馆,3,二号自习区,07-17,2026-05-23 16:48:00,2026-05-23 18:30:00,0,1,gen_20260922_200_30
202201002,南苑分馆,1,二号自习区,17-22,2026-05-23 15:19:00,2026-05-23 16:42:00,0,1,gen_20260922_200_30
202201002,专业资料室,2,三层开架区,05-15,2026-05-23 17:40:00,2026-05-23 18:53:00,0,1,gen_20260922_200_30
202407001,中心图书馆,5,静音研读间,24-21,2026-05-23 17:40:00,2026-05-23 18:10:00,0,1,gen_20260922_200_30
202407001,专业资料室,2,静音研读间,28-16,2026-05-23 21:09:00,2026-05-23 22:29:00,0,1,gen_20260922_200_30
202303002,中心图书馆,5,静音研读间,30-19,2026-05-23 19:19:00,2026-05-23 22:29:00,0,1,gen_20260922_200_30
202201004,南苑分馆,1,静音研读间,08-04,2026-05-23 14:43:00,2026-05-23 16:22:00,0,1,gen_20260922_200_30
202201004,中心图书馆,1,报刊阅览室,03-04,2026-05-23 17:40:00,2026-05-23 20:44:00,1,1,gen_20260922_200_30
202307001,南苑分馆,5,一号自习区,29-02,2026-05-23 15:39:00,2026-05-23 17:12:00,0,1,gen_20260922_200_30
202307001,南苑分馆,3,电子阅览区,01-04,2026-05-23 17:40:00,2026-05-23 18:42:00,0,1,gen_20260922_200_30
202402001,专业资料室,3,三层开架区,27-09,2026-05-23 21:37:00,2026-05-23 22:29:00,0,1,gen_20260922_200_30
202303003,中心图书馆,2,电子阅览区,24-02,2026-05-23 14:39:00,2026-05-23 15:58:00,0,1,gen_20260922_200_30
202208001,南苑分馆,4,三层开架区,31-10,2026-05-23 21:08:00,2026-05-23 22:29:00,0,1,gen_20260922_200_30
202201006,南苑分馆,4,一号自习区,01-04,2026-05-23 15:22:00,2026-05-23 16:27:00,0,1,gen_20260922_200_30
202303005,南苑分馆,5,报刊阅览室,27-14,2026-05-23 14:24:00,2026-05-23 16:24:00,0,1,gen_20260922_200_30
202404001,专业资料室,1,二号自习区,21-06,2026-05-23 15:18:00,2026-05-23 16:41:00,0,1,gen_20260922_200_30
202201007,南苑分馆,1,三层开架区,29-06,2026-05-23 18:42:00,2026-05-23 19:47:00,0,1,gen_20260922_200_30
202306002,中心图书馆,5,电子阅览区,02-07,2026-05-23 08:40:00,2026-05-23 11:28:00,0,1,gen_20260922_200_30
202302004,中心图书馆,3,二号自习区,36-02,2026-05-23 07:59:00,2026-05-23 11:59:00,0,1,gen_20260922_200_30
202302005,南苑分馆,1,报刊阅览室,36-17,2026-05-23 21:15:00,2026-05-23 22:18:00,0,1,gen_20260922_200_30
202307002,南苑分馆,1,电子阅览区,31-10,2026-05-23 20:51:00,2026-05-23 22:29:00,0,1,gen_20260922_200_30
202302006,专业资料室,4,一号自习区,20-08,2026-05-23 14:55:00,2026-05-23 18:55:00,1,1,gen_20260922_200_30
202403001,中心图书馆,2,报刊阅览室,24-11,2026-05-23 19:01:00,2026-05-23 21:07:00,0,1,gen_20260922_200_30
202204001,中心图书馆,2,一号自习区,07-18,2026-05-23 15:10:00,2026-05-23 18:11:00,1,1,gen_20260922_200_30
202401003,南苑分馆,4,电子阅览区,31-16,2026-05-23 19:35:00,2026-05-23 21:57:00,0,1,gen_20260922_200_30
202301003,中心图书馆,1,一号自习区,17-08,2026-05-23 15:16:00,2026-05-23 19:16:00,1,1,gen_20260922_200_30
202301003,南苑分馆,5,三层开架区,28-15,2026-05-23 20:02:00,2026-05-23 22:29:00,0,1,gen_20260922_200_30
202201009,中心图书馆,1,电子阅览区,24-02,2026-05-23 19:32:00,2026-05-23 22:29:00,0,1,gen_20260922_200_30
202201009,中心图书馆,4,静音研读间,20-21,2026-05-23 21:55:00,2026-05-23 22:30:00,0,1,gen_20260922_200_30
202403003,南苑分馆,3,电子阅览区,11-14,2026-05-23 15:14:00,2026-05-23 16:53:00,0,1,gen_20260922_200_30
202107001,南苑分馆,4,静音研读间,17-11,2026-05-23 15:55:00,2026-05-23 17:01:00,0,1,gen_20260922_200_30
202107001,南苑分馆,5,报刊阅览室,20-15,2026-05-23 19:12:00,2026-05-23 20:06:00,0,1,gen_20260922_200_30
202204002,专业资料室,3,二号自习区,31-15,2026-05-23 19:52:00,2026-05-23 22:29:00,0,1,gen_20260922_200_30
202307003,南苑分馆,1,一号自习区,27-14,2026-05-23 14:48:00,2026-05-23 17:15:00,0,1,gen_20260922_200_30
202303006,专业资料室,2,三层开架区,14-23,2026-05-23 15:21:00,2026-05-23 16:39:00,0,1,gen_20260922_200_30
202101001,中心图书馆,1,三层开架区,06-01,2026-05-23 15:27:00,2026-05-23 16:14:00,0,1,gen_20260922_200_30
202207001,南苑分馆,5,静音研读间,29-02,2026-05-23 19:08:00,2026-05-23 21:24:00,0,1,gen_20260922_200_30
202201011,南苑分馆,2,电子阅览区,27-24,2026-05-23 13:40:00,2026-05-23 16:25:00,0,1,gen_20260922_200_30
202201011,专业资料室,4,一号自习区,38-17,2026-05-23 17:40:00,2026-05-23 19:56:00,1,1,gen_20260922_200_30
202401004,南苑分馆,2,静音研读间,28-15,2026-05-23 14:28:00,2026-05-23 14:58:00,0,1,gen_20260922_200_30
202205002,南苑分馆,3,二号自习区,05-14,2026-05-23 19:49:00,2026-05-23 22:29:00,0,1,gen_20260922_200_30
202407003,南苑分馆,3,二号自习区,12-06,2026-05-23 16:29:00,2026-05-23 19:47:00,1,1,gen_20260922_200_30
202101002,中心图书馆,4,一号自习区,30-04,2026-05-23 15:40:00,2026-05-23 19:39:00,1,1,gen_20260922_200_30
202101002,专业资料室,2,报刊阅览室,26-18,2026-05-23 20:10:00,2026-05-23 22:29:00,0,1,gen_20260922_200_30
202304004,专业资料室,5,二号自习区,31-13,2026-05-23 16:10:00,2026-05-23 18:12:00,1,1,gen_20260922_200_30
202108001,南苑分馆,2,电子阅览区,19-04,2026-05-23 16:22:00,2026-05-23 17:44:00,0,1,gen_20260922_200_30
202201013,专业资料室,3,报刊阅览室,16-04,2026-05-23 15:26:00,2026-05-23 16:01:00,0,1,gen_20260922_200_30
202403004,南苑分馆,2,二号自习区,16-23,2026-05-23 16:20:00,2026-05-23 17:47:00,0,1,gen_20260922_200_30
202206002,南苑分馆,2,一号自习区,34-23,2026-05-23 15:36:00,2026-05-23 17:43:00,1,1,gen_20260922_200_30
202203003,中心图书馆,3,静音研读间,28-02,2026-05-23 14:26:00,2026-05-23 16:22:00,0,1,gen_20260922_200_30
202201014,中心图书馆,1,一号自习区,08-09,2026-05-23 15:05:00,2026-05-23 16:38:00,0,1,gen_20260922_200_30
202202003,中心图书馆,3,静音研读间,22-03,2026-05-23 15:55:00,2026-05-23 17:59:00,1,1,gen_20260922_200_30
202401006,中心图书馆,5,三层开架区,20-13,2026-05-23 16:11:00,2026-05-23 17:16:00,0,1,gen_20260922_200_30
202307004,中心图书馆,3,二号自习区,39-18,2026-05-23 19:27:00,2026-05-23 21:32:00,0,1,gen_20260922_200_30
202208002,专业资料室,1,电子阅览区,07-18,2026-05-23 20:54:00,2026-05-23 22:29:00,0,1,gen_20260922_200_30
202406001,专业资料室,3,报刊阅览室,17-14,2026-05-23 15:24:00,2026-05-23 16:44:00,0,1,gen_20260922_200_30
202106001,中心图书馆,4,一号自习区,28-06,2026-05-23 15:01:00,2026-05-23 17:26:00,0,1,gen_20260922_200_30
202204004,专业资料室,5,一号自习区,17-17,2026-05-23 14:39:00,2026-05-23 16:06:00,0,1,gen_20260922_200_30
202101003,南苑分馆,3,电子阅览区,07-12,2026-05-23 08:44:00,2026-05-23 09:23:00,0,1,gen_20260922_200_30
202101003,南苑分馆,4,静音研读间,09-08,2026-05-23 17:40:00,2026-05-23 21:40:00,1,1,gen_20260922_200_30
202101004,南苑分馆,2,三层开架区,34-09,2026-05-23 14:36:00,2026-05-23 15:17:00,0,1,gen_20260922_200_30
202403006,南苑分馆,1,电子阅览区,15-07,2026-05-23 20:27:00,2026-05-23 21:12:00,0,1,gen_20260922_200_30
202103001,专业资料室,1,报刊阅览室,10-04,2026-05-23 19:07:00,,0,1,gen_20260922_200_30
202303009,南苑分馆,1,静音研读间,30-20,2026-05-23 09:36:00,2026-05-23 13:36:00,1,1,gen_20260922_200_30
202303010,南苑分馆,3,三层开架区,39-07,2026-05-23 16:19:00,2026-05-23 19:18:00,1,1,gen_20260922_200_30
202205004,专业资料室,1,一号自习区,25-23,2026-05-23 17:40:00,2026-05-23 18:19:00,0,1,gen_20260922_200_30
202205004,专业资料室,2,电子阅览区,10-14,2026-05-23 20:44:00,2026-05-23 22:29:00,0,1,gen_20260922_200_30
202201016,南苑分馆,3,三层开架区,13-05,2026-05-23 20:15:00,2026-05-23 22:29:00,0,1,gen_20260922_200_30
202201016,中心图书馆,1,报刊阅览室,09-18,2026-05-23 21:55:00,2026-05-23 22:30:00,0,1,gen_20260922_200_30
202206003,中心图书馆,1,一号自习区,33-13,2026-05-23 15:19:00,2026-05-23 16:25:00,0,1,gen_20260922_200_30
202107002,专业资料室,1,静音研读间,17-19,2026-05-23 14:57:00,2026-05-23 18:55:00,1,1,gen_20260922_200_30
202107002,南苑分馆,1,静音研读间,35-23,2026-05-23 19:38:00,2026-05-23 21:17:00,0,1,gen_20260922_200_30
202404002,中心图书馆,5,一号自习区,09-15,2026-05-23 15:26:00,2026-05-23 16:06:00,0,1,gen_20260922_200_30
202303011,南苑分馆,4,三层开架区,04-10,2026-05-23 15:12:00,2026-05-23 15:48:00,0,1,gen_20260922_200_30
202402003,中心图书馆,2,二号自习区,15-01,2026-05-23 15:56:00,2026-05-23 18:12:00,1,1,gen_20260922_200_30
202202004,中心图书馆,1,电子阅览区,36-05,2026-05-23 16:13:00,2026-05-23 17:28:00,0,1,gen_20260922_200_30
202204005,中心图书馆,5,二号自习区,06-18,2026-05-23 15:53:00,2026-05-23 19:53:00,1,1,gen_20260922_200_30
202204005,专业资料室,1,二号自习区,30-11,2026-05-23 20:20:00,2026-05-23 22:29:00,0,1,gen_20260922_200_30
202102003,中心图书馆,3,一号自习区,07-22,2026-05-23 15:04:00,2026-05-23 18:20:00,1,1,gen_20260922_200_30
202102003,专业资料室,3,静音研读间,25-09,2026-05-23 18:54:00,2026-05-23 20:11:00,0,1,gen_20260922_200_30
202303012,专业资料室,2,报刊阅览室,30-22,2026-05-23 16:14:00,2026-05-23 16:49:00,0,1,gen_20260922_200_30
202102004,南苑分馆,3,一号自习区,26-22,2026-05-23 13:48:00,2026-05-23 15:19:00,0,1,gen_20260922_200_30
202402004,中心图书馆,1,电子阅览区,07-04,2026-05-23 12:24:00,2026-05-23 16:24:00,0,1,gen_20260922_200_30
202402005,专业资料室,4,静音研读间,16-01,2026-05-23 15:30:00,2026-05-23 16:32:00,0,1,gen_20260922_200_30
202306005,专业资料室,1,二号自习区,28-21,2026-05-23 20:59:00,2026-05-23 21:33:00,0,1,gen_20260922_200_30
202402006,中心图书馆,3,三层开架区,36-15,2026-05-23 20:30:00,2026-05-23 22:29:00,0,1,gen_20260922_200_30
202301008,中心图书馆,5,三层开架区,12-15,2026-05-23 18:34:00,2026-05-23 20:43:00,1,1,gen_20260922_200_30
202106002,南苑分馆,4,一号自习区,24-21,2026-05-23 15:15:00,2026-05-23 16:29:00,0,1,gen_20260922_200_30
202201018,中心图书馆,1,二号自习区,04-23,2026-05-23 21:28:00,2026-05-23 22:29:00,0,1,gen_20260922_200_30
202403009,专业资料室,4,二号自习区,37-07,2026-05-23 15:53:00,2026-05-23 16:37:00,0,1,gen_20260922_200_30
202202005,中心图书馆,4,二号自习区,33-21,2026-05-23 13:52:00,2026-05-23 14:36:00,0,1,gen_20260922_200_30
202402008,南苑分馆,4,二号自习区,20-15,2026-05-23 15:31:00,2026-05-23 17:22:00,0,1,gen_20260922_200_30
202403010,南苑分馆,5,一号自习区,10-01,2026-05-23 16:24:00,2026-05-23 20:24:00,1,1,gen_20260922_200_30
202403011,专业资料室,4,一号自习区,17-09,2026-05-23 15:36:00,2026-05-23 16:31:00,0,1,gen_20260922_200_30
202301009,专业资料室,5,三层开架区,11-11,2026-05-23 17:55:00,2026-05-23 19:20:00,0,1,gen_20260922_200_30
202207003,专业资料室,3,三层开架区,23-20,2026-05-23 14:38:00,2026-05-23 18:22:00,1,1,gen_20260922_200_30
202201019,专业资料室,3,报刊阅览室,24-06,2026-05-23 19:19:00,2026-05-23 20:20:00,0,1,gen_20260922_200_30
202203008,专业资料室,5,报刊阅览室,33-12,2026-05-23 19:52:00,2026-05-23 21:10:00,0,1,gen_20260922_200_30
202201020,中心图书馆,1,静音研读间,06-04,2026-05-23 13:10:00,2026-05-23 14:45:00,0,1,gen_20260922_200_30
202201020,中心图书馆,1,报刊阅览室,28-24,2026-05-23 19:48:00,2026-05-23 20:57:00,0,1,gen_20260922_200_30
202402009,南苑分馆,1,三层开架区,17-03,2026-05-23 21:10:00,2026-05-23 22:19:00,0,1,gen_20260922_200_30
202304005,中心图书馆,4,报刊阅览室,24-08,2026-05-23 21:07:00,2026-05-23 22:29:00,0,1,gen_20260922_200_30
202408002,专业资料室,2,二号自习区,25-23,2026-05-23 09:21:00,2026-05-23 13:21:00,1,1,gen_20260922_200_30
202105002,专业资料室,1,二号自习区,31-18,2026-05-23 15:53:00,2026-05-23 17:23:00,0,1,gen_20260922_200_30
202303013,中心图书馆,3,一号自习区,22-17,2026-05-23 14:21:00,2026-05-23 16:35:00,0,1,gen_20260922_200_30
202401008,专业资料室,4,二号自习区,39-07,2026-05-23 15:15:00,2026-05-23 17:18:00,0,1,gen_20260922_200_30
202204008,中心图书馆,3,报刊阅览室,03-18,2026-05-23 15:53:00,2026-05-23 16:54:00,0,1,gen_20260922_200_30
202206004,南苑分馆,1,报刊阅览室,26-04,2026-05-23 13:29:00,2026-05-23 14:40:00,0,1,gen_20260922_200_30
202407004,专业资料室,2,一号自习区,11-14,2026-05-23 14:43:00,2026-05-23 16:08:00,0,1,gen_20260922_200_30
202108004,专业资料室,4,报刊阅览室,07-24,2026-05-23 19:44:00,2026-05-23 22:29:00,0,1,gen_20260922_200_30
202205007,南苑分馆,5,一号自习区,22-08,2026-05-23 14:09:00,2026-05-23 18:09:00,1,1,gen_20260922_200_30
202402010,南苑分馆,5,一号自习区,03-17,2026-05-23 17:40:00,2026-05-23 21:05:00,1,1,gen_20260922_200_30
202402010,南苑分馆,5,二号自习区,06-01,2026-05-23 21:51:00,2026-05-23 22:29:00,0,1,gen_20260922_200_30
202301010,中心图书馆,4,报刊阅览室,30-17,2026-05-23 19:47:00,2026-05-23 20:38:00,0,1,gen_20260922_200_30
202108005,专业资料室,5,报刊阅览室,38-03,2026-05-23 21:08:00,2026-05-23 22:29:00,0,1,gen_20260922_200_30
202408003,中心图书馆,5,一号自习区,28-01,2026-05-23 19:12:00,2026-05-23 20:38:00,0,1,gen_20260922_200_30
202408003,中心图书馆,1,一号自习区,01-01,2026-05-23 21:12:00,2026-05-23 22:07:00,0,1,gen_20260922_200_30
202203009,专业资料室,1,三层开架区,30-23,2026-05-23 17:02:00,2026-05-23 17:56:00,0,1,gen_20260922_200_30
202108006,南苑分馆,2,二号自习区,27-17,2026-05-23 14:15:00,2026-05-23 16:31:00,0,1,gen_20260922_200_30
202203010,南苑分馆,3,一号自习区,37-03,2026-05-23 08:52:00,2026-05-23 11:10:00,0,1,gen_20260922_200_30
202203010,专业资料室,2,静音研读间,35-14,2026-05-23 17:40:00,2026-05-23 21:40:00,1,1,gen_20260922_200_30
202306008,南苑分馆,4,二号自习区,37-10,2026-05-23 14:31:00,2026-05-23 18:31:00,1,1,gen_20260922_200_30
202203011,中心图书馆,5,三层开架区,09-13,2026-05-23 15:14:00,2026-05-23 15:56:00,0,1,gen_20260922_200_30
202201022,专业资料室,2,电子阅览区,08-17,2026-05-23 16:21:00,2026-05-23 20:21:00,1,1,gen_20260922_200_30
202201022,专业资料室,4,报刊阅览室,04-21,2026-05-23 21:14:00,2026-05-23 22:29:00,0,1,gen_20260922_200_30
202401003,南苑分馆,4,电子阅览区,31-16,2026-05-23 19:35:00,2026-05-23 18:22:00,0,0,gen_20260922_200_30
202205002,南苑分馆,3,二号自习区,05-14,2026-05-23 19:49:00,2026-05-26 11:19:00,0,0,gen_20260922_200_30
202301001,中心图书馆,5,静音研读间,13-11,2026-05-24 14:25:00,2026-05-24 18:25:00,1,1,gen_20260922_200_30
202308001,中心图书馆,2,报刊阅览室,02-11,2026-05-24 14:57:00,2026-05-24 15:56:00,0,1,gen_20260922_200_30
202202001,中心图书馆,1,三层开架区,11-04,2026-05-24 17:40:00,2026-05-24 18:32:00,0,1,gen_20260922_200_30
202202001,南苑分馆,3,一号自习区,25-18,2026-05-24 21:38:00,2026-05-24 22:23:00,0,1,gen_20260922_200_30
202102001,专业资料室,3,静音研读间,17-03,2026-05-24 13:46:00,2026-05-24 15:48:00,0,1,gen_20260922_200_30
202102002,专业资料室,5,静音研读间,02-07,2026-05-24 14:44:00,2026-05-24 18:44:00,1,1,gen_20260922_200_30
202302002,专业资料室,2,一号自习区,14-14,2026-05-24 14:19:00,2026-05-24 18:19:00,1,1,gen_20260922_200_30
202302002,专业资料室,4,二号自习区,19-01,2026-05-24 19:24:00,2026-05-24 21:00:00,0,1,gen_20260922_200_30
202201001,中心图书馆,2,报刊阅览室,39-13,2026-05-24 17:32:00,2026-05-24 18:02:00,0,1,gen_20260922_200_30
202201002,中心图书馆,3,报刊阅览室,22-21,2026-05-24 13:56:00,2026-05-24 14:26:00,0,1,gen_20260922_200_30
202303002,专业资料室,2,二号自习区,03-21,2026-05-24 13:00:00,2026-05-24 14:42:00,0,1,gen_20260922_200_30
202401002,中心图书馆,4,电子阅览区,06-09,2026-05-24 20:50:00,2026-05-24 22:29:00,0,1,gen_20260922_200_30
202201004,中心图书馆,3,三层开架区,15-24,2026-05-24 15:19:00,2026-05-24 17:13:00,0,1,gen_20260922_200_30
202104002,专业资料室,5,静音研读间,39-15,2026-05-24 14:29:00,2026-05-24 15:57:00,0,1,gen_20260922_200_30
202307001,专业资料室,4,一号自习区,21-11,2026-05-24 19:23:00,2026-05-24 20:45:00,0,1,gen_20260922_200_30
202402001,中心图书馆,5,二号自习区,28-24,2026-05-24 14:43:00,2026-05-24 18:34:00,1,1,gen_20260922_200_30
202306001,南苑分馆,5,二号自习区,39-07,2026-05-24 13:35:00,2026-05-24 16:05:00,0,1,gen_20260922_200_30
202306001,南苑分馆,4,三层开架区,23-03,2026-05-24 17:40:00,2026-05-24 19:47:00,1,1,gen_20260922_200_30
202303003,南苑分馆,2,报刊阅览室,21-16,2026-05-24 09:28:00,2026-05-24 11:33:00,0,1,gen_20260922_200_30
202201006,中心图书馆,2,一号自习区,22-15,2026-05-24 15:21:00,2026-05-24 16:07:00,0,1,gen_20260922_200_30
202303005,专业资料室,1,一号自习区,15-15,2026-05-24 14:58:00,2026-05-24 17:29:00,1,1,gen_20260922_200_30
202303005,南苑分馆,3,报刊阅览室,10-06,2026-05-24 17:40:00,2026-05-24 20:28:00,1,1,gen_20260922_200_30
202404001,中心图书馆,2,三层开架区,32-17,2026-05-24 16:00:00,2026-05-24 16:53:00,0,1,gen_20260922_200_30
202404001,专业资料室,4,静音研读间,33-22,2026-05-24 17:40:00,2026-05-24 19:16:00,0,1,gen_20260922_200_30
202201007,中心图书馆,2,一号自习区,19-03,2026-05-24 20:19:00,2026-05-24 20:49:00,0,1,gen_20260922_200_30
202306002,专业资料室,1,二号自习区,09-17,2026-05-24 18:46:00,2026-05-24 21:50:00,0,1,gen_20260922_200_30
202302004,专业资料室,5,电子阅览区,32-10,2026-05-24 17:40:00,2026-05-24 18:22:00,0,1,gen_20260922_200_30
202302004,专业资料室,3,静音研读间,35-13,2026-05-24 20:03:00,2026-05-24 22:04:00,0,1,gen_20260922_200_30
202206001,专业资料室,3,静音研读间,04-15,2026-05-24 10:33:00,2026-05-24 12:56:00,1,1,gen_20260922_200_30
202307002,南苑分馆,2,静音研读间,24-04,2026-05-24 17:35:00,2026-05-24 19:00:00,0,1,gen_20260922_200_30
202302006,南苑分馆,4,二号自习区,08-05,2026-05-24 15:13:00,2026-05-24 16:58:00,0,1,gen_20260922_200_30
202204001,专业资料室,2,电子阅览区,10-01,2026-05-24 14:53:00,2026-05-24 15:58:00,0,1,gen_20260922_200_30
202403002,南苑分馆,5,电子阅览区,36-18,2026-05-24 19:32:00,2026-05-24 20:38:00,0,1,gen_20260922_200_30
202403003,中心图书馆,4,报刊阅览室,34-19,2026-05-24 14:21:00,2026-05-24 17:42:00,1,1,gen_20260922_200_30
202307003,专业资料室,4,二号自习区,20-01,2026-05-24 16:31:00,2026-05-24 18:49:00,1,1,gen_20260922_200_30
202205001,中心图书馆,4,一号自习区,04-09,2026-05-24 17:40:00,2026-05-24 19:29:00,0,1,gen_20260922_200_30
202205001,中心图书馆,4,一号自习区,11-21,2026-05-24 19:54:00,2026-05-24 21:11:00,0,1,gen_20260922_200_30
202303006,南苑分馆,3,一号自习区,03-02,2026-05-24 15:04:00,2026-05-24 17:14:00,0,1,gen_20260922_200_30
202304003,专业资料室,4,一号自习区,23-22,2026-05-24 20:17:00,2026-05-24 21:13:00,0,1,gen_20260922_200_30
202201011,中心图书馆,4,二号自习区,11-16,2026-05-24 15:29:00,2026-05-24 19:29:00,1,1,gen_20260922_200_30
202306003,南苑分馆,5,电子阅览区,22-01,2026-05-24 14:57:00,2026-05-24 18:57:00,1,1,gen_20260922_200_30
202408001,专业资料室,1,静音研读间,20-13,2026-05-24 17:10:00,2026-05-24 20:25:00,1,1,gen_20260922_200_30
202204003,中心图书馆,3,二号自习区,01-16,2026-05-24 13:31:00,2026-05-24 15:59:00,0,1,gen_20260922_200_30
202304004,南苑分馆,2,报刊阅览室,35-13,2026-05-24 20:13:00,2026-05-24 22:29:00,0,1,gen_20260922_200_30
202301006,专业资料室,1,二号自习区,27-04,2026-05-24 14:45:00,2026-05-24 17:43:00,1,1,gen_20260922_200_30
202303007,专业资料室,3,电子阅览区,19-01,2026-05-24 14:15:00,2026-05-24 16:41:00,0,1,gen_20260922_200_30
202303007,专业资料室,3,一号自习区,36-12,2026-05-24 17:40:00,2026-05-24 21:40:00,1,1,gen_20260922_200_30
202201013,专业资料室,5,三层开架区,10-02,2026-05-24 15:11:00,2026-05-24 17:12:00,0,1,gen_20260922_200_30
202206002,专业资料室,3,静音研读间,37-04,2026-05-24 20:05:00,2026-05-24 21:25:00,0,1,gen_20260922_200_30
202203003,专业资料室,2,三层开架区,17-22,2026-05-24 17:26:00,2026-05-24 19:34:00,1,1,gen_20260922_200_30
202201014,南苑分馆,4,一号自习区,07-20,2026-05-24 15:45:00,2026-05-24 17:51:00,1,1,gen_20260922_200_30
202202003,中心图书馆,3,三层开架区,24-02,2026-05-24 07:30:00,2026-05-24 08:26:00,0,1,gen_20260922_200_30
202203004,南苑分馆,5,报刊阅览室,35-24,2026-05-24 13:51:00,2026-05-24 14:21:00,0,1,gen_20260922_200_30
202205003,南苑分馆,4,三层开架区,35-17,2026-05-24 16:44:00,2026-05-24 17:46:00,0,1,gen_20260922_200_30
202204004,中心图书馆,4,报刊阅览室,17-19,2026-05-24 16:12:00,2026-05-24 18:44:00,1,1,gen_20260922_200_30
202403006,中心图书馆,3,电子阅览区,34-20,2026-05-24 14:51:00,2026-05-24 16:54:00,0,1,gen_20260922_200_30
202108002,中心图书馆,3,三层开架区,37-10,2026-05-24 14:06:00,2026-05-24 18:06:00,1,1,gen_20260922_200_30
202203005,中心图书馆,4,二号自习区,38-12,2026-05-24 17:40:00,2026-05-24 19:28:00,0,1,gen_20260922_200_30
202203005,专业资料室,1,三层开架区,31-20,2026-05-24 21:55:00,2026-05-24 22:30:00,0,1,gen_20260922_200_30
202303010,南苑分馆,3,静音研读间,28-24,2026-05-24 21:54:00,2026-05-24 22:29:00,0,1,gen_20260922_200_30
202105001,南苑分馆,1,二号自习区,30-11,2026-05-24 21:15:00,2026-05-24 22:14:00,0,1,gen_20260922_200_30
202205004,中心图书馆,2,报刊阅览室,22-11,2026-05-24 13:50:00,2026-05-24 17:19:00,0,1,gen_20260922_200_30
202201016,专业资料室,1,一号自习区,17-02,2026-05-24 19:55:00,2026-05-24 21:42:00,0,1,gen_20260922_200_30
202206003,中心图书馆,4,一号自习区,07-22,2026-05-24 16:16:00,2026-05-24 18:44:00,1,1,gen_20260922_200_30
202107002,中心图书馆,4,三层开架区,30-06,2026-05-24 15:46:00,2026-05-24 18:37:00,1,1,gen_20260922_200_30
202402003,中心图书馆,2,三层开架区,26-05,2026-05-24 19:59:00,2026-05-24 21:07:00,0,1,gen_20260922_200_30
202204005,中心图书馆,4,一号自习区,27-19,2026-05-24 16:47:00,2026-05-24 18:04:00,0,1,gen_20260922_200_30
202102003,中心图书馆,1,电子阅览区,11-22,2026-05-24 13:21:00,2026-05-24 13:54:00,0,1,gen_20260922_200_30
202303012,专业资料室,4,二号自习区,31-06,2026-05-24 19:47:00,2026-05-24 21:08:00,0,1,gen_20260922_200_30
202402004,专业资料室,5,静音研读间,11-08,2026-05-24 15:55:00,2026-05-24 18:19:00,1,1,gen_20260922_200_30
202205006,中心图书馆,3,报刊阅览室,35-03,2026-05-24 13:54:00,2026-05-24 14:54:00,0,1,gen_20260922_200_30
202306005,专业资料室,3,报刊阅览室,01-14,2026-05-24 17:40:00,2026-05-24 20:28:00,1,1,gen_20260922_200_30
202306005,中心图书馆,2,一号自习区,32-18,2026-05-24 20:52:00,2026-05-24 22:27:00,0,1,gen_20260922_200_30
202402006,专业资料室,4,二号自习区,09-04,2026-05-24 15:23:00,2026-05-24 16:22:00,0,1,gen_20260922_200_30
202301008,专业资料室,5,报刊阅览室,07-08,2026-05-24 15:17:00,2026-05-24 18:43:00,1,1,gen_20260922_200_30
202106002,中心图书馆,2,三层开架区,30-19,2026-05-24 20:41:00,2026-05-24 22:29:00,0,1,gen_20260922_200_30
202402007,专业资料室,3,电子阅览区,19-15,2026-05-24 16:31:00,2026-05-24 17:01:00,0,1,gen_20260922_200_30
202201018,专业资料室,3,报刊阅览室,08-06,2026-05-24 13:53:00,2026-05-24 16:24:00,0,1,gen_20260922_200_30
202204006,南苑分馆,2,电子阅览区,36-16,2026-05-24 16:08:00,2026-05-24 20:08:00,1,1,gen_20260922_200_30
202403009,中心图书馆,3,二号自习区,02-13,2026-05-24 18:22:00,2026-05-24 20:29:00,1,1,gen_20260922_200_30
202301009,中心图书馆,4,报刊阅览室,39-09,2026-05-24 19:47:00,2026-05-24 22:00:00,0,1,gen_20260922_200_30
202204007,南苑分馆,2,二号自习区,29-10,2026-05-24 15:06:00,2026-05-24 18:49:00,1,1,gen_20260922_200_30
202204007,专业资料室,1,二号自习区,28-20,2026-05-24 19:05:00,2026-05-24 22:29:00,0,1,gen_20260922_200_30
202207002,专业资料室,3,静音研读间,38-23,2026-05-24 15:02:00,2026-05-24 16:10:00,0,1,gen_20260922_200_30
202207002,中心图书馆,1,一号自习区,26-02,2026-05-24 20:36:00,2026-05-24 21:49:00,0,1,gen_20260922_200_30
202207003,专业资料室,1,电子阅览区,33-15,2026-05-24 15:08:00,2026-05-24 17:31:00,1,1,gen_20260922_200_30
202207003,南苑分馆,2,一号自习区,06-10,2026-05-24 17:40:00,2026-05-24 18:40:00,0,1,gen_20260922_200_30
202402009,专业资料室,2,一号自习区,25-24,2026-05-24 19:59:00,2026-05-24 22:29:00,0,1,gen_20260922_200_30
202304005,中心图书馆,5,电子阅览区,31-23,2026-05-24 17:40:00,2026-05-24 21:40:00,1,1,gen_20260922_200_30
202304005,中心图书馆,3,电子阅览区,19-22,2026-05-24 21:55:00,2026-05-24 22:30:00,0,1,gen_20260922_200_30
202408002,专业资料室,1,电子阅览区,16-01,2026-05-24 20:40:00,2026-05-24 21:10:00,0,1,gen_20260922_200_30
202105002,南苑分馆,3,三层开架区,19-01,2026-05-24 21:27:00,2026-05-24 22:29:00,0,1,gen_20260922_200_30
202303013,中心图书馆,4,一号自习区,22-05,2026-05-24 18:58:00,2026-05-24 19:34:00,0,1,gen_20260922_200_30
202303013,专业资料室,2,三层开架区,02-08,2026-05-24 21:39:00,2026-05-24 22:29:00,0,1,gen_20260922_200_30
202304007,中心图书馆,5,三层开架区,30-13,2026-05-24 15:00:00,2026-05-24 17:25:00,0,1,gen_20260922_200_30
202406004,南苑分馆,2,报刊阅览室,09-24,2026-05-24 19:46:00,2026-05-24 22:29:00,0,1,gen_20260922_200_30
202406004,南苑分馆,2,静音研读间,27-06,2026-05-24 21:55:00,2026-05-24 22:30:00,0,1,gen_20260922_200_30
202206004,中心图书馆,3,报刊阅览室,29-07,2026-05-24 14:23:00,2026-05-24 16:41:00,0,1,gen_20260922_200_30
202206004,专业资料室,4,二号自习区,31-21,2026-05-24 17:40:00,2026-05-24 18:26:00,0,1,gen_20260922_200_30
202407004,南苑分馆,3,静音研读间,04-13,2026-05-24 20:01:00,2026-05-24 22:29:00,0,1,gen_20260922_200_30
202108004,南苑分馆,2,二号自习区,37-11,2026-05-24 17:40:00,2026-05-24 18:22:00,0,1,gen_20260922_200_30
202108004,专业资料室,5,静音研读间,36-20,2026-05-24 19:11:00,2026-05-24 21:07:00,0,1,gen_20260922_200_30
202402010,中心图书馆,1,三层开架区,16-02,2026-05-24 13:14:00,2026-05-24 15:27:00,0,1,gen_20260922_200_30
202301010,中心图书馆,3,静音研读间,15-10,2026-05-24 09:39:00,2026-05-24 11:41:00,0,1,gen_20260922_200_30
202402011,专业资料室,4,电子阅览区,12-22,2026-05-24 14:42:00,2026-05-24 18:42:00,1,1,gen_20260922_200_30
202401009,中心图书馆,5,静音研读间,39-10,2026-05-24 20:08:00,2026-05-24 21:04:00,0,1,gen_20260922_200_30
202108006,专业资料室,2,一号自习区,32-07,2026-05-24 17:40:00,2026-05-24 18:57:00,0,1,gen_20260922_200_30
202108006,南苑分馆,2,电子阅览区,13-12,2026-05-24 20:22:00,2026-05-24 22:23:00,0,1,gen_20260922_200_30
202203010,专业资料室,1,二号自习区,19-06,2026-05-24 14:48:00,2026-05-24 17:39:00,1,1,gen_20260922_200_30
202203010,中心图书馆,2,静音研读间,21-14,2026-05-24 18:12:00,2026-05-24 22:07:00,1,1,gen_20260922_200_30
202302008,南苑分馆,1,电子阅览区,05-11,2026-05-24 17:40:00,2026-05-24 19:54:00,1,1,gen_20260922_200_30
202302008,专业资料室,3,电子阅览区,17-24,2026-05-24 21:01:00,2026-05-24 22:29:00,0,1,gen_20260922_200_30
202203011,中心图书馆,4,电子阅览区,36-04,2026-05-24 16:20:00,2026-05-24 17:36:00,0,1,gen_20260922_200_30
202107003,南苑分馆,3,二号自习区,02-22,2026-05-24 12:51:00,2026-05-24 13:21:00,0,1,gen_20260922_200_30
202108004,专业资料室,5,静音研读间,36-20,2026-05-24 19:11:00,2026-05-24 17:29:00,0,0,gen_20260922_200_30
202207003,南苑分馆,2,一号自习区,06-10,2026-05-24 17:40:00,2026-05-26 12:09:00,0,0,gen_20260922_200_30
202301001,南苑分馆,2,一号自习区,36-10,2026-05-25 14:44:00,2026-05-25 15:54:00,0,1,gen_20260922_200_30
202301001,专业资料室,4,静音研读间,39-06,2026-05-25 17:40:00,2026-05-25 21:40:00,1,1,gen_20260922_200_30
202308001,中心图书馆,4,三层开架区,14-09,2026-05-25 14:48:00,2026-05-25 15:18:00,0,1,gen_20260922_200_30
202308001,南苑分馆,1,静音研读间,06-12,2026-05-25 17:40:00,2026-05-25 18:22:00,0,1,gen_20260922_200_30
202302001,南苑分馆,4,静音研读间,18-20,2026-05-25 17:40:00,2026-05-25 18:24:00,0,1,gen_20260922_200_30
202302001,专业资料室,3,三层开架区,27-10,2026-05-25 18:42:00,2026-05-25 19:12:00,0,1,gen_20260922_200_30
202102001,专业资料室,4,一号自习区,25-08,2026-05-25 14:18:00,2026-05-25 16:25:00,0,1,gen_20260922_200_30
202102001,中心图书馆,3,一号自习区,01-08,2026-05-25 20:40:00,2026-05-25 22:29:00,0,1,gen_20260922_200_30
202102002,南苑分馆,3,报刊阅览室,37-16,2026-05-25 19:58:00,2026-05-25 22:29:00,0,1,gen_20260922_200_30
202102002,专业资料室,5,三层开架区,24-06,2026-05-25 21:55:00,2026-05-25 22:30:00,0,1,gen_20260922_200_30
202104001,专业资料室,4,二号自习区,31-17,2026-05-25 16:30:00,2026-05-25 17:04:00,0,1,gen_20260922_200_30
202302002,南苑分馆,2,静音研读间,13-22,2026-05-25 15:29:00,2026-05-25 17:00:00,0,1,gen_20260922_200_30
202201001,中心图书馆,3,二号自习区,17-15,2026-05-25 20:36:00,2026-05-25 21:14:00,0,1,gen_20260922_200_30
202201002,南苑分馆,5,静音研读间,33-10,2026-05-25 15:06:00,2026-05-25 15:59:00,0,1,gen_20260922_200_30
202201002,中心图书馆,4,电子阅览区,11-21,2026-05-25 17:50:00,2026-05-25 19:43:00,0,1,gen_20260922_200_30
202303001,专业资料室,4,一号自习区,04-17,2026-05-25 19:01:00,2026-05-25 22:29:00,0,1,gen_20260922_200_30
202303001,专业资料室,5,电子阅览区,27-21,2026-05-25 21:55:00,2026-05-25 22:30:00,0,1,gen_20260922_200_30
202304001,专业资料室,2,一号自习区,16-02,2026-05-25 15:11:00,2026-05-25 16:48:00,0,1,gen_20260922_200_30
202401001,南苑分馆,5,二号自习区,11-19,2026-05-25 12:21:00,2026-05-25 13:13:00,0,1,gen_20260922_200_30
202407001,南苑分馆,3,二号自习区,24-17,2026-05-25 15:53:00,2026-05-25 17:59:00,1,1,gen_20260922_200_30
202303002,中心图书馆,1,报刊阅览室,23-21,2026-05-25 15:05:00,2026-05-25 15:55:00,0,1,gen_20260922_200_30
202401002,中心图书馆,2,一号自习区,35-08,2026-05-25 19:29:00,2026-05-25 20:29:00,0,1,gen_20260922_200_30
202401002,专业资料室,5,二号自习区,14-18,2026-05-25 21:22:00,2026-05-25 22:29:00,0,1,gen_20260922_200_30
202201003,南苑分馆,3,一号自习区,33-23,2026-05-25 13:20:00,2026-05-25 14:32:00,0,1,gen_20260922_200_30
202201003,南苑分馆,2,二号自习区,11-18,2026-05-25 17:40:00,2026-05-25 18:49:00,0,1,gen_20260922_200_30
202201004,南苑分馆,1,电子阅览区,04-05,2026-05-25 17:40:00,2026-05-25 19:13:00,0,1,gen_20260922_200_30
202201004,中心图书馆,4,一号自习区,32-21,2026-05-25 20:14:00,2026-05-25 21:04:00,0,1,gen_20260922_200_30
202307001,中心图书馆,5,三层开架区,31-08,2026-05-25 18:21:00,2026-05-25 21:16:00,1,1,gen_20260922_200_30
202402001,南苑分馆,3,二号自习区,18-02,2026-05-25 13:44:00,2026-05-25 16:05:00,0,1,gen_20260922_200_30
202402001,专业资料室,5,二号自习区,34-13,2026-05-25 19:45:00,2026-05-25 22:29:00,0,1,gen_20260922_200_30
202306001,南苑分馆,5,报刊阅览室,10-15,2026-05-25 16:43:00,2026-05-25 20:43:00,1,1,gen_20260922_200_30
202306001,专业资料室,1,静音研读间,29-07,2026-05-25 21:05:00,2026-05-25 22:29:00,0,1,gen_20260922_200_30
202303003,中心图书馆,3,报刊阅览室,27-11,2026-05-25 15:09:00,2026-05-25 19:09:00,1,1,gen_20260922_200_30
202303003,南苑分馆,3,一号自习区,37-06,2026-05-25 19:45:00,2026-05-25 20:30:00,0,1,gen_20260922_200_30
202201005,专业资料室,2,三层开架区,03-10,2026-05-25 15:18:00,2026-05-25 16:46:00,0,1,gen_20260922_200_30
202201005,专业资料室,1,电子阅览区,25-07,2026-05-25 19:17:00,2026-05-25 21:33:00,0,1,gen_20260922_200_30
202303005,专业资料室,3,电子阅览区,38-08,2026-05-25 17:40:00,2026-05-25 20:20:00,1,1,gen_20260922_200_30
202303005,南苑分馆,3,电子阅览区,15-23,2026-05-25 21:13:00,2026-05-25 22:29:00,0,1,gen_20260922_200_30
202301002,中心图书馆,5,报刊阅览室,28-05,2026-05-25 17:40:00,2026-05-25 18:46:00,0,1,gen_20260922_200_30
202301002,专业资料室,1,二号自习区,08-07,2026-05-25 21:40:00,2026-05-25 22:29:00,0,1,gen_20260922_200_30
202404001,专业资料室,3,电子阅览区,19-13,2026-05-25 15:00:00,2026-05-25 16:25:00,0,1,gen_20260922_200_30
202404001,专业资料室,1,三层开架区,11-13,2026-05-25 17:40:00,2026-05-25 18:27:00,0,1,gen_20260922_200_30
202201007,中心图书馆,5,静音研读间,39-18,2026-05-25 13:34:00,2026-05-25 14:32:00,0,1,gen_20260922_200_30
202201007,南苑分馆,1,报刊阅览室,08-21,2026-05-25 20:05:00,2026-05-25 20:59:00,0,1,gen_20260922_200_30
202306002,南苑分馆,1,三层开架区,10-24,2026-05-25 20:42:00,2026-05-25 22:08:00,0,1,gen_20260922_200_30
202308002,专业资料室,2,一号自习区,24-23,2026-05-25 08:10:00,2026-05-25 08:40:00,0,1,gen_20260922_200_30
202308002,中心图书馆,4,一号自习区,39-16,2026-05-25 17:40:00,2026-05-25 19:07:00,0,1,gen_20260922_200_30
202302004,南苑分馆,2,电子阅览区,38-24,2026-05-25 19:03:00,2026-05-25 20:11:00,0,1,gen_20260922_200_30
202302004,中心图书馆,4,静音研读间,32-17,2026-05-25 20:48:00,2026-05-25 22:29:00,0,1,gen_20260922_200_30
202201008,专业资料室,2,一号自习区,39-14,2026-05-25 20:38:00,2026-05-25 21:37:00,0,1,gen_20260922_200_30
202201008,南苑分馆,5,二号自习区,15-14,2026-05-25 21:40:00,2026-05-25 22:29:00,0,1,gen_20260922_200_30
202302005,专业资料室,3,一号自习区,14-19,2026-05-25 17:40:00,2026-05-25 18:42:00,0,1,gen_20260922_200_30
202302005,中心图书馆,5,报刊阅览室,09-12,2026-05-25 19:24:00,2026-05-25 20:22:00,0,1,gen_20260922_200_30
202206001,中心图书馆,2,三层开架区,19-21,2026-05-25 14:38:00,2026-05-25 15:08:00,0,1,gen_20260922_200_30
202206001,南苑分馆,4,报刊阅览室,26-11,2026-05-25 17:40:00,2026-05-25 19:01:00,0,1,gen_20260922_200_30
202307002,中心图书馆,2,二号自习区,01-16,2026-05-25 14:51:00,2026-05-25 17:55:00,1,1,gen_20260922_200_30
202302006,中心图书馆,5,电子阅览区,02-08,2026-05-25 12:24:00,2026-05-25 14:15:00,0,1,gen_20260922_200_30
202403001,专业资料室,1,静音研读间,38-01,2026-05-25 19:38:00,2026-05-25 20:33:00,0,1,gen_20260922_200_30
202204001,专业资料室,3,二号自习区,32-21,2026-05-25 17:40:00,2026-05-25 21:28:00,1,1,gen_20260922_200_30
202204001,中心图书馆,3,二号自习区,19-11,2026-05-25 21:55:00,2026-05-25 22:30:00,0,1,gen_20260922_200_30
202403002,南苑分馆,3,三层开架区,31-23,2026-05-25 20:13:00,2026-05-25 22:29:00,0,1,gen_20260922_200_30
202403002,南苑分馆,1,二号自习区,32-18,2026-05-25 21:55:00,2026-05-25 22:30:00,0,1,gen_20260922_200_30
202401003,专业资料室,5,三层开架区,35-09,2026-05-25 17:40:00,2026-05-25 19:20:00,0,1,gen_20260922_200_30
202401003,南苑分馆,5,一号自习区,27-05,2026-05-25 19:34:00,2026-05-25 22:29:00,0,1,gen_20260922_200_30
202301003,中心图书馆,4,一号自习区,33-10,2026-05-25 17:22:00,2026-05-25 19:29:00,1,1,gen_20260922_200_30
202301003,中心图书馆,4,二号自习区,07-19,2026-05-25 19:51:00,2026-05-25 22:11:00,0,1,gen_20260922_200_30
202201009,中心图书馆,1,一号自习区,01-07,2026-05-25 19:22:00,2026-05-25 21:41:00,0,1,gen_20260922_200_30
202403003,中心图书馆,4,三层开架区,24-09,2026-05-25 20:36:00,2026-05-25 22:29:00,0,1,gen_20260922_200_30
202201010,中心图书馆,3,二号自习区,38-10,2026-05-25 15:55:00,2026-05-25 17:03:00,0,1,gen_20260922_200_30
202201010,专业资料室,2,二号自习区,10-05,2026-05-25 17:40:00,2026-05-25 19:57:00,1,1,gen_20260922_200_30
202307003,南苑分馆,4,三层开架区,34-21,2026-05-25 19:44:00,2026-05-25 20:58:00,0,1,gen_20260922_200_30
202303006,专业资料室,1,静音研读间,10-19,2026-05-25 14:16:00,2026-05-25 17:30:00,1,1,gen_20260922_200_30
202303006,中心图书馆,1,三层开架区,28-24,2026-05-25 17:40:00,2026-05-25 20:15:00,1,1,gen_20260922_200_30
202304002,中心图书馆,3,电子阅览区,07-14,2026-05-25 18:52:00,2026-05-25 21:48:00,0,1,gen_20260922_200_30
202203002,南苑分馆,1,三层开架区,19-11,2026-05-25 18:59:00,2026-05-25 22:29:00,0,1,gen_20260922_200_30
202101001,专业资料室,3,三层开架区,13-20,2026-05-25 17:40:00,2026-05-25 18:37:00,0,1,gen_20260922_200_30
202101001,南苑分馆,5,电子阅览区,13-06,2026-05-25 18:39:00,2026-05-25 20:07:00,0,1,gen_20260922_200_30
202207001,专业资料室,5,一号自习区,26-05,2026-05-25 19:18:00,2026-05-25 19:55:00,0,1,gen_20260922_200_30
202304003,专业资料室,2,报刊阅览室,34-10,2026-05-25 16:31:00,2026-05-25 18:25:00,0,1,gen_20260922_200_30
202201011,专业资料室,1,电子阅览区,27-21,2026-05-25 16:18:00,,1,1,gen_20260922_200_30
202201011,中心图书馆,2,电子阅览区,38-18,2026-05-25 21:38:00,2026-05-25 22:29:00,0,1,gen_20260922_200_30
202306003,中心图书馆,4,报刊阅览室,25-20,2026-05-25 14:44:00,2026-05-25 16:33:00,0,1,gen_20260922_200_30
202306003,专业资料室,3,静音研读间,35-21,2026-05-25 17:40:00,2026-05-25 19:17:00,0,1,gen_20260922_200_30
202401004,专业资料室,5,报刊阅览室,28-10,2026-05-25 19:18:00,2026-05-25 20:29:00,0,1,gen_20260922_200_30
202408001,专业资料室,5,静音研读间,06-21,2026-05-25 17:40:00,2026-05-25 18:10:00,0,1,gen_20260922_200_30
202408001,中心图书馆,5,二号自习区,08-13,2026-05-25 18:42:00,2026-05-25 19:22:00,0,1,gen_20260922_200_30
202201012,南苑分馆,1,二号自习区,09-15,2026-05-25 20:31:00,2026-05-25 21:56:00,0,1,gen_20260922_200_30
202204003,中心图书馆,1,三层开架区,31-08,2026-05-25 15:59:00,2026-05-25 19:59:00,1,1,gen_20260922_200_30
202205002,南苑分馆,1,一号自习区,02-17,2026-05-25 18:26:00,2026-05-25 20:09:00,0,1,gen_20260922_200_30
202205002,南苑分馆,3,一号自习区,22-02,2026-05-25 20:18:00,2026-05-25 21:54:00,0,1,gen_20260922_200_30
202202002,南苑分馆,4,静音研读间,39-17,2026-05-25 09:00:00,2026-05-25 10:06:00,0,1,gen_20260922_200_30
202202002,专业资料室,4,静音研读间,02-12,2026-05-25 19:22:00,2026-05-25 20:01:00,0,1,gen_20260922_200_30
202407003,中心图书馆,1,报刊阅览室,27-02,2026-05-25 20:22:00,2026-05-25 21:34:00,0,1,gen_20260922_200_30
202301005,南苑分馆,5,报刊阅览室,04-01,2026-05-25 14:40:00,2026-05-25 18:40:00,1,1,gen_20260922_200_30
202301005,南苑分馆,4,电子阅览区,10-07,2026-05-25 19:35:00,2026-05-25 21:45:00,0,1,gen_20260922_200_30
202101002,南苑分馆,5,静音研读间,09-09,2026-05-25 15:27:00,2026-05-25 16:43:00,0,1,gen_20260922_200_30
202101002,南苑分馆,2,静音研读间,22-20,2026-05-25 17:40:00,2026-05-25 18:24:00,0,1,gen_20260922_200_30
202304004,专业资料室,4,电子阅览区,05-01,2026-05-25 15:23:00,2026-05-25 18:28:00,1,1,gen_20260922_200_30
202304004,南苑分馆,5,报刊阅览室,18-07,2026-05-25 20:24:00,2026-05-25 22:29:00,0,1,gen_20260922_200_30
202301006,中心图书馆,5,静音研读间,34-13,2026-05-25 14:55:00,2026-05-25 16:17:00,0,1,gen_20260922_200_30
202301006,专业资料室,5,报刊阅览室,10-21,2026-05-25 17:40:00,2026-05-25 18:10:00,0,1,gen_20260922_200_30
202303007,中心图书馆,3,二号自习区,30-01,2026-05-25 19:17:00,2026-05-25 22:29:00,0,1,gen_20260922_200_30
202201013,中心图书馆,5,电子阅览区,03-11,2026-05-25 17:40:00,2026-05-25 18:53:00,0,1,gen_20260922_200_30
202201013,中心图书馆,1,电子阅览区,35-02,2026-05-25 20:50:00,2026-05-25 22:29:00,0,1,gen_20260922_200_30
202403004,南苑分馆,4,静音研读间,30-06,2026-05-25 14:02:00,2026-05-25 15:18:00,0,1,gen_20260922_200_30
202401005,中心图书馆,1,静音研读间,26-18,2026-05-25 17:40:00,2026-05-25 18:12:00,0,1,gen_20260922_200_30
202401005,南苑分馆,5,静音研读间,37-04,2026-05-25 18:34:00,2026-05-25 19:20:00,0,1,gen_20260922_200_30
202206002,南苑分馆,3,一号自习区,21-14,2026-05-25 19:32:00,2026-05-25 20:48:00,0,1,gen_20260922_200_30
202308003,中心图书馆,1,一号自习区,19-15,2026-05-25 14:33:00,2026-05-25 16:09:00,0,1,gen_20260922_200_30
202203003,专业资料室,3,三层开架区,30-11,2026-05-25 17:40:00,2026-05-25 21:40:00,1,1,gen_20260922_200_30
202203003,南苑分馆,5,报刊阅览室,08-21,2026-05-25 21:55:00,2026-05-25 22:30:00,0,1,gen_20260922_200_30
202201014,南苑分馆,5,报刊阅览室,38-05,2026-05-25 14:42:00,2026-05-25 15:23:00,0,1,gen_20260922_200_30
202405001,专业资料室,5,三层开架区,07-14,2026-05-25 15:02:00,2026-05-25 15:58:00,0,1,gen_20260922_200_30
202202003,南苑分馆,5,静音研读间,01-02,2026-05-25 19:16:00,2026-05-25 19:48:00,0,1,gen_20260922_200_30
202203004,中心图书馆,2,一号自习区,23-06,2026-05-25 17:56:00,2026-05-25 20:00:00,1,1,gen_20260922_200_30
202205003,中心图书馆,1,二号自习区,11-14,2026-05-25 15:13:00,2026-05-25 17:59:00,1,1,gen_20260922_200_30
202401006,专业资料室,5,静音研读间,18-23,2026-05-25 17:40:00,2026-05-25 21:40:00,1,1,gen_20260922_200_30
202401006,南苑分馆,5,报刊阅览室,04-07,2026-05-25 21:55:00,2026-05-25 22:30:00,0,1,gen_20260922_200_30
202201015,专业资料室,3,三层开架区,27-09,2026-05-25 13:54:00,2026-05-25 14:42:00,0,1,gen_20260922_200_30
202201015,中心图书馆,3,一号自习区,13-14,2026-05-25 17:40:00,2026-05-25 21:17:00,1,1,gen_20260922_200_30
202307004,中心图书馆,1,一号自习区,25-11,2026-05-25 15:04:00,2026-05-25 16:09:00,0,1,gen_20260922_200_30
202307004,南苑分馆,4,一号自习区,16-12,2026-05-25 17:40:00,2026-05-25 18:28:00,0,1,gen_20260922_200_30
202208002,南苑分馆,1,二号自习区,36-03,2026-05-25 15:47:00,2026-05-25 16:50:00,0,1,gen_20260922_200_30
202208002,中心图书馆,3,三层开架区,08-08,2026-05-25 20:21:00,2026-05-25 22:06:00,0,1,gen_20260922_200_30
202406001,中心图书馆,5,二号自习区,01-18,2026-05-25 14:00:00,2026-05-25 14:30:00,0,1,gen_20260922_200_30
202106001,中心图书馆,2,报刊阅览室,27-14,2026-05-25 08:58:00,2026-05-25 09:58:00,0,1,gen_20260922_200_30
202106001,专业资料室,3,三层开架区,05-19,2026-05-25 17:40:00,2026-05-25 19:01:00,0,1,gen_20260922_200_30
202204004,专业资料室,5,二号自习区,06-15,2026-05-25 14:56:00,2026-05-25 16:41:00,0,1,gen_20260922_200_30
202204004,中心图书馆,5,三层开架区,38-21,2026-05-25 19:15:00,2026-05-25 20:55:00,0,1,gen_20260922_200_30
202406002,专业资料室,4,静音研读间,13-14,2026-05-25 15:26:00,2026-05-25 19:18:00,1,1,gen_20260922_200_30
202406002,专业资料室,1,二号自习区,19-16,2026-05-25 19:48:00,2026-05-25 21:03:00,0,1,gen_20260922_200_30
202101003,专业资料室,4,三层开架区,25-03,2026-05-25 20:06:00,2026-05-25 20:36:00,0,1,gen_20260922_200_30
202101003,中心图书馆,2,一号自习区,34-16,2026-05-25 20:58:00,2026-05-25 21:42:00,0,1,gen_20260922_200_30
202403006,中心图书馆,3,静音研读间,15-05,2026-05-25 15:54:00,2026-05-25 19:54:00,1,1,gen_20260922_200_30
202403006,中心图书馆,1,一号自习区,29-07,2026-05-25 20:22:00,2026-05-25 22:29:00,0,1,gen_20260922_200_30
202103001,中心图书馆,2,电子阅览区,11-13,2026-05-25 19:11:00,2026-05-25 20:37:00,0,1,gen_20260922_200_30
202303009,中心图书馆,3,静音研读间,38-15,2026-05-25 14:56:00,2026-05-25 15:53:00,0,1,gen_20260922_200_30
202303009,专业资料室,4,二号自习区,39-19,2026-05-25 21:55:00,2026-05-25 22:30:00,0,1,gen_20260922_200_30
202108002,南苑分馆,4,三层开架区,13-21,2026-05-25 13:32:00,2026-05-25 15:55:00,0,1,gen_20260922_200_30
202108002,南苑分馆,4,电子阅览区,38-23,2026-05-25 17:40:00,2026-05-25 19:03:00,0,1,gen_20260922_200_30
202403007,中心图书馆,2,二号自习区,12-02,2026-05-25 15:46:00,2026-05-25 16:25:00,0,1,gen_20260922_200_30
202203005,专业资料室,2,静音研读间,32-02,2026-05-25 16:29:00,2026-05-25 18:56:00,1,1,gen_20260922_200_30
202203005,专业资料室,4,电子阅览区,28-17,2026-05-25 19:29:00,2026-05-25 22:11:00,0,1,gen_20260922_200_30
202305001,专业资料室,3,静音研读间,21-02,2026-05-25 15:21:00,2026-05-25 18:31:00,1,1,gen_20260922_200_30
202305001,南苑分馆,3,一号自习区,25-13,2026-05-25 19:21:00,2026-05-25 19:55:00,0,1,gen_20260922_200_30
202303010,专业资料室,4,一号自习区,38-18,2026-05-25 20:51:00,2026-05-25 21:40:00,0,1,gen_20260922_200_30
202303010,南苑分馆,5,报刊阅览室,04-02,2026-05-25 21:55:00,2026-05-25 22:30:00,0,1,gen_20260922_200_30
202105001,专业资料室,4,静音研读间,24-18,2026-05-25 13:14:00,2026-05-25 15:29:00,0,1,gen_20260922_200_30
202105001,南苑分馆,5,三层开架区,29-23,2026-05-25 21:01:00,2026-05-25 22:29:00,0,1,gen_20260922_200_30
202205004,南苑分馆,3,报刊阅览室,27-09,2026-05-25 19:11:00,2026-05-25 20:11:00,0,1,gen_20260922_200_30
202205005,专业资料室,2,电子阅览区,08-08,2026-05-25 15:31:00,2026-05-25 16:54:00,0,1,gen_20260922_200_30
202201016,专业资料室,3,静音研读间,18-01,2026-05-25 12:50:00,2026-05-25 14:59:00,0,1,gen_20260922_200_30
202201016,南苑分馆,4,报刊阅览室,10-13,2026-05-25 17:40:00,2026-05-25 21:40:00,1,1,gen_20260922_200_30
202206003,南苑分馆,5,报刊阅览室,30-19,2026-05-25 17:40:00,2026-05-25 21:40:00,1,1,gen_20260922_200_30
202206003,南苑分馆,1,静音研读间,10-08,2026-05-25 21:55:00,2026-05-25 22:30:00,0,1,gen_20260922_200_30
202107002,专业资料室,2,报刊阅览室,03-06,2026-05-25 17:40:00,2026-05-25 20:17:00,1,1,gen_20260922_200_30
202107002,专业资料室,2,二号自习区,37-03,2026-05-25 20:43:00,2026-05-25 21:41:00,0,1,gen_20260922_200_30
202404002,专业资料室,3,三层开架区,02-10,2026-05-25 14:34:00,2026-05-25 17:11:00,0,1,gen_20260922_200_30
202404002,中心图书馆,1,二号自习区,19-13,2026-05-25 18:58:00,2026-05-25 21:00:00,0,1,gen_20260922_200_30
202303011,专业资料室,2,二号自习区,23-19,2026-05-25 20:14:00,2026-05-25 21:13:00,0,1,gen_20260922_200_30
202402003,南苑分馆,5,报刊阅览室,19-02,2026-05-25 17:40:00,2026-05-25 20:24:00,1,1,gen_20260922_200_30
202402003,南苑分馆,2,报刊阅览室,30-12,2026-05-25 20:40:00,2026-05-25 22:29:00,0,1,gen_20260922_200_30
202202004,中心图书馆,3,电子阅览区,09-07,2026-05-25 16:42:00,2026-05-25 17:12:00,0,1,gen_20260922_200_30
202204005,中心图书馆,3,三层开架区,11-14,2026-05-25 09:40:00,2026-05-25 13:40:00,1,1,gen_20260922_200_30
202102003,中心图书馆,1,三层开架区,32-17,2026-05-25 14:37:00,2026-05-25 18:37:00,1,1,gen_20260922_200_30
202102003,南苑分馆,5,电子阅览区,34-15,2026-05-25 19:33:00,2026-05-25 22:29:00,0,1,gen_20260922_200_30
202104003,南苑分馆,2,静音研读间,10-13,2026-05-25 18:40:00,2026-05-25 19:22:00,0,1,gen_20260922_200_30
202301007,中心图书馆,4,电子阅览区,15-10,2026-05-25 14:43:00,2026-05-25 15:52:00,0,1,gen_20260922_200_30
202303012,中心图书馆,3,静音研读间,01-17,2026-05-25 19:35:00,2026-05-25 20:38:00,0,1,gen_20260922_200_30
202303012,中心图书馆,4,静音研读间,34-11,2026-05-25 21:36:00,2026-05-25 22:25:00,0,1,gen_20260922_200_30
202102004,中心图书馆,5,一号自习区,31-12,2026-05-25 15:44:00,2026-05-25 16:58:00,0,1,gen_20260922_200_30
202102004,南苑分馆,4,三层开架区,19-07,2026-05-25 19:51:00,2026-05-25 21:00:00,0,1,gen_20260922_200_30
202402004,南苑分馆,5,二号自习区,37-01,2026-05-25 14:53:00,2026-05-25 18:53:00,1,1,gen_20260922_200_30
202402004,专业资料室,4,三层开架区,33-20,2026-05-25 19:43:00,2026-05-25 22:29:00,0,1,gen_20260922_200_30
202203006,专业资料室,5,电子阅览区,12-24,2026-05-25 13:11:00,2026-05-25 14:18:00,0,1,gen_20260922_200_30
202203006,专业资料室,4,二号自习区,28-12,2026-05-25 20:09:00,,0,1,gen_20260922_200_30
202201017,南苑分馆,1,三层开架区,29-21,2026-05-25 14:37:00,2026-05-25 15:13:00,0,1,gen_20260922_200_30
202402005,中心图书馆,1,三层开架区,16-12,2026-05-25 15:07:00,2026-05-25 18:13:00,1,1,gen_20260922_200_30
202402005,南苑分馆,1,二号自习区,11-01,2026-05-25 19:14:00,2026-05-25 21:15:00,0,1,gen_20260922_200_30
202306005,专业资料室,1,报刊阅览室,18-05,2026-05-25 15:16:00,2026-05-25 17:50:00,1,1,gen_20260922_200_30
202306005,中心图书馆,3,三层开架区,06-22,2026-05-25 18:32:00,2026-05-25 20:14:00,0,1,gen_20260922_200_30
202402006,中心图书馆,4,电子阅览区,03-21,2026-05-25 20:43:00,2026-05-25 22:29:00,0,1,gen_20260922_200_30
202405002,中心图书馆,1,三层开架区,20-19,2026-05-25 13:15:00,2026-05-25 15:17:00,0,1,gen_20260922_200_30
202405002,专业资料室,1,一号自习区,08-16,2026-05-25 20:12:00,2026-05-25 22:29:00,0,1,gen_20260922_200_30
202403008,中心图书馆,4,二号自习区,04-08,2026-05-25 15:39:00,2026-05-25 16:09:00,0,1,gen_20260922_200_30
202403008,南苑分馆,3,静音研读间,17-03,2026-05-25 17:40:00,2026-05-25 18:12:00,0,1,gen_20260922_200_30
202106002,专业资料室,5,三层开架区,33-19,2026-05-25 14:19:00,2026-05-25 15:52:00,0,1,gen_20260922_200_30
202402007,专业资料室,4,三层开架区,18-14,2026-05-25 14:50:00,2026-05-25 18:50:00,1,1,gen_20260922_200_30
202204006,专业资料室,4,静音研读间,03-06,2026-05-25 15:44:00,2026-05-25 16:56:00,0,1,gen_20260922_200_30
202204006,专业资料室,4,三层开架区,29-10,2026-05-25 20:18:00,2026-05-25 22:29:00,0,1,gen_20260922_200_30
202403009,专业资料室,3,二号自习区,10-04,2026-05-25 16:59:00,2026-05-25 17:52:00,0,1,gen_20260922_200_30
202403009,专业资料室,2,二号自习区,21-04,2026-05-25 18:28:00,2026-05-25 19:56:00,0,1,gen_20260922_200_30
202202005,南苑分馆,1,电子阅览区,34-22,2026-05-25 17:40:00,2026-05-25 21:40:00,1,1,gen_20260922_200_30
202202005,南苑分馆,3,三层开架区,29-10,2026-05-25 21:55:00,2026-05-25 22:30:00,0,1,gen_20260922_200_30
202108003,专业资料室,5,三层开架区,02-04,2026-05-25 13:57:00,2026-05-25 14:52:00,0,1,gen_20260922_200_30
202402008,中心图书馆,1,静音研读间,35-17,2026-05-25 15:21:00,2026-05-25 16:33:00,0,1,gen_20260922_200_30
202403010,中心图书馆,3,二号自习区,06-03,2026-05-25 20:50:00,2026-05-25 22:29:00,0,1,gen_20260922_200_30
202403010,中心图书馆,1,二号自习区,28-23,2026-05-25 21:55:00,2026-05-25 22:30:00,0,1,gen_20260922_200_30
202403011,专业资料室,2,一号自习区,31-15,2026-05-25 14:42:00,2026-05-25 15:43:00,0,1,gen_20260922_200_30
202403012,中心图书馆,3,一号自习区,20-22,2026-05-25 15:15:00,2026-05-25 16:31:00,0,1,gen_20260922_200_30
202301009,专业资料室,2,三层开架区,08-02,2026-05-25 16:33:00,2026-05-25 19:47:00,1,1,gen_20260922_200_30
202301009,专业资料室,5,静音研读间,14-17,2026-05-25 20:07:00,2026-05-25 22:29:00,0,1,gen_20260922_200_30
202204007,南苑分馆,3,电子阅览区,23-22,2026-05-25 16:09:00,2026-05-25 18:20:00,1,1,gen_20260922_200_30
202204007,专业资料室,5,电子阅览区,31-21,2026-05-25 18:53:00,2026-05-25 22:07:00,0,1,gen_20260922_200_30
202207002,中心图书馆,1,静音研读间,23-05,2026-05-25 17:40:00,2026-05-25 21:40:00,1,1,gen_20260922_200_30
202207002,南苑分馆,2,一号自习区,32-17,2026-05-25 21:55:00,2026-05-25 22:30:00,0,1,gen_20260922_200_30
202207003,专业资料室,5,电子阅览区,36-16,2026-05-25 14:44:00,2026-05-25 18:17:00,1,1,gen_20260922_200_30
202207003,南苑分馆,5,报刊阅览室,04-19,2026-05-25 19:13:00,2026-05-25 22:29:00,0,1,gen_20260922_200_30
202201019,中心图书馆,1,一号自习区,10-16,2026-05-25 15:20:00,2026-05-25 19:17:00,1,1,gen_20260922_200_30
202201019,南苑分馆,2,静音研读间,13-15,2026-05-25 20:16:00,2026-05-25 22:29:00,0,1,gen_20260922_200_30
202203008,南苑分馆,1,报刊阅览室,38-16,2026-05-25 13:20:00,2026-05-25 14:20:00,0,1,gen_20260922_200_30
202101005,南苑分馆,2,电子阅览区,34-08,2026-05-25 17:40:00,2026-05-25 19:18:00,0,1,gen_20260922_200_30
202101005,专业资料室,4,二号自习区,30-05,2026-05-25 19:54:00,2026-05-25 21:41:00,0,1,gen_20260922_200_30
202201020,中心图书馆,1,三层开架区,18-13,2026-05-25 20:03:00,2026-05-25 22:29:00,0,1,gen_20260922_200_30
202201020,中心图书馆,1,静音研读间,02-09,2026-05-25 21:55:00,2026-05-25 22:30:00,0,1,gen_20260922_200_30
202402009,南苑分馆,4,电子阅览区,06-05,2026-05-25 14:26:00,2026-05-25 17:30:00,1,1,gen_20260922_200_30
202402009,南苑分馆,1,电子阅览区,31-24,2026-05-25 17:40:00,2026-05-25 20:09:00,1,1,gen_20260922_200_30
202401007,南苑分馆,2,一号自习区,36-13,2026-05-25 15:26:00,2026-05-25 16:16:00,0,1,gen_20260922_200_30
202304005,南苑分馆,3,一号自习区,20-10,2026-05-25 16:11:00,2026-05-25 17:30:00,0,1,gen_20260922_200_30
202304005,南苑分馆,4,静音研读间,18-17,2026-05-25 17:40:00,2026-05-25 19:09:00,0,1,gen_20260922_200_30
202306006,专业资料室,4,一号自习区,04-20,2026-05-25 16:15:00,2026-05-25 16:55:00,0,1,gen_20260922_200_30
202105002,南苑分馆,3,电子阅览区,09-15,2026-05-25 15:33:00,2026-05-25 16:46:00,0,1,gen_20260922_200_30
202105002,专业资料室,3,三层开架区,21-14,2026-05-25 17:40:00,2026-05-25 19:08:00,0,1,gen_20260922_200_30
202201021,专业资料室,3,一号自习区,32-07,2026-05-25 14:49:00,2026-05-25 18:49:00,1,1,gen_20260922_200_30
202201021,中心图书馆,1,电子阅览区,17-24,2026-05-25 20:42:00,2026-05-25 22:29:00,0,1,gen_20260922_200_30
202406003,专业资料室,4,二号自习区,17-16,2026-05-25 17:40:00,,0,1,gen_20260922_200_30
202406003,南苑分馆,5,电子阅览区,03-14,2026-05-25 21:20:00,2026-05-25 22:29:00,0,1,gen_20260922_200_30
202303013,南苑分馆,4,静音研读间,27-21,2026-05-25 17:40:00,2026-05-25 21:26:00,1,1,gen_20260922_200_30
202303013,专业资料室,2,电子阅览区,14-01,2026-05-25 21:49:00,2026-05-25 22:29:00,0,1,gen_20260922_200_30
202401008,南苑分馆,3,静音研读间,10-17,2026-05-25 17:40:00,2026-05-25 19:16:00,0,1,gen_20260922_200_30
202401008,专业资料室,1,报刊阅览室,22-18,2026-05-25 21:55:00,2026-05-25 22:30:00,0,1,gen_20260922_200_30
202304007,南苑分馆,5,电子阅览区,18-21,2026-05-25 14:10:00,2026-05-25 15:36:00,0,1,gen_20260922_200_30
202304007,专业资料室,3,电子阅览区,16-08,2026-05-25 20:14:00,2026-05-25 21:34:00,0,1,gen_20260922_200_30
202406004,专业资料室,5,三层开架区,32-24,2026-05-25 14:41:00,2026-05-25 16:24:00,0,1,gen_20260922_200_30
202406004,南苑分馆,4,报刊阅览室,15-13,2026-05-25 17:40:00,2026-05-25 20:15:00,1,1,gen_20260922_200_30
202204008,专业资料室,1,三层开架区,21-21,2026-05-25 17:06:00,2026-05-25 18:06:00,0,1,gen_20260922_200_30
202206004,南苑分馆,4,三层开架区,19-20,2026-05-25 20:19:00,2026-05-25 21:33:00,0,1,gen_20260922_200_30
202407004,南苑分馆,3,一号自习区,12-03,2026-05-25 16:44:00,2026-05-25 18:48:00,1,1,gen_20260922_200_30
202407004,中心图书馆,5,三层开架区,17-01,2026-05-25 19:32:00,2026-05-25 22:29:00,0,1,gen_20260922_200_30
202108004,南苑分馆,5,电子阅览区,11-23,2026-05-25 14:32:00,2026-05-25 17:28:00,0,1,gen_20260922_200_30
202108004,专业资料室,2,电子阅览区,37-02,2026-05-25 21:55:00,2026-05-25 22:30:00,0,1,gen_20260922_200_30
202205007,中心图书馆,5,静音研读间,30-12,2026-05-25 19:30:00,2026-05-25 22:20:00,0,1,gen_20260922_200_30
202301010,中心图书馆,1,一号自习区,27-06,2026-05-25 21:09:00,2026-05-25 22:29:00,0,1,gen_20260922_200_30
202306007,专业资料室,2,电子阅览区,28-16,2026-05-25 13:11:00,2026-05-25 14:45:00,0,1,gen_20260922_200_30
202402011,中心图书馆,4,二号自习区,26-19,2026-05-25 16:14:00,2026-05-25 17:38:00,0,1,gen_20260922_200_30
202402011,南苑分馆,2,二号自习区,38-08,2026-05-25 17:40:00,2026-05-25 19:05:00,0,1,gen_20260922_200_30
202304009,中心图书馆,5,一号自习区,23-22,2026-05-25 20:33:00,2026-05-25 22:29:00,0,1,gen_20260922_200_30
202401009,南苑分馆,4,二号自习区,06-17,2026-05-25 16:18:00,2026-05-25 19:27:00,1,1,gen_20260922_200_30
202401009,专业资料室,3,三层开架区,03-07,2026-05-25 19:54:00,2026-05-25 22:20:00,0,1,gen_20260922_200_30
202108006,中心图书馆,2,一号自习区,15-11,2026-05-25 19:19:00,2026-05-25 20:45:00,0,1,gen_20260922_200_30
202203010,南苑分馆,1,一号自习区,23-02,2026-05-25 20:52:00,2026-05-25 22:29:00,0,1,gen_20260922_200_30
202303014,专业资料室,5,电子阅览区,19-21,2026-05-25 17:36:00,2026-05-25 18:33:00,0,1,gen_20260922_200_30
202306008,南苑分馆,3,一号自习区,03-05,2026-05-25 14:27:00,2026-05-25 16:54:00,0,1,gen_20260922_200_30
202306008,专业资料室,1,电子阅览区,06-05,2026-05-25 17:40:00,2026-05-25 19:00:00,0,1,gen_20260922_200_30
202406005,中心图书馆,5,电子阅览区,22-08,2026-05-25 09:29:00,2026-05-25 09:59:00,0,1,gen_20260922_200_30
202302008,中心图书馆,5,电子阅览区,14-05,2026-05-25 15:28:00,2026-05-25 16:20:00,0,1,gen_20260922_200_30
202302008,南苑分馆,5,静音研读间,04-14,2026-05-25 19:22:00,2026-05-25 19:58:00,0,1,gen_20260922_200_30
202304010,南苑分馆,1,三层开架区,09-15,2026-05-25 20:55:00,2026-05-25 21:40:00,0,1,gen_20260922_200_30
202203011,南苑分馆,2,电子阅览区,20-22,2026-05-25 17:40:00,2026-05-25 19:27:00,0,1,gen_20260922_200_30
202203011,中心图书馆,2,三层开架区,03-03,2026-05-25 19:54:00,2026-05-25 20:54:00,0,1,gen_20260922_200_30
202107003,南苑分馆,2,报刊阅览室,04-08,2026-05-25 21:30:00,2026-05-25 22:11:00,0,1,gen_20260922_200_30
202201022,南苑分馆,1,电子阅览区,36-04,2026-05-25 14:32:00,2026-05-25 18:32:00,1,1,gen_20260922_200_30
202201022,南苑分馆,1,静音研读间,28-09,2026-05-25 20:57:00,2026-05-25 22:29:00,0,1,gen_20260922_200_30
202107002,专业资料室,2,报刊阅览室,03-06,2026-05-25 17:40:00,2026-05-25 17:15:00,1,0,gen_20260922_200_30
202101005,南苑分馆,2,电子阅览区,34-08,2026-05-25 17:40:00,2026-05-27 10:07:00,0,0,gen_20260922_200_30
202402005,中心图书馆,1,三层开架区,16-12,2026-05-25 15:07:00,2026-05-28 21:20:00,1,0,gen_20260922_200_30
202102004,南苑分馆,4,三层开架区,19-07,2026-05-25 19:51:00,2026-05-25 19:23:00,0,0,gen_20260922_200_30
202404002,中心图书馆,1,二号自习区,19-13,2026-05-25 18:58:00,2026-05-27 23:12:00,0,0,gen_20260922_200_30
202203001,南苑分馆,3,静音研读间,07-09,2026-05-26 16:09:00,2026-05-26 17:26:00,0,1,gen_20260922_200_30
202301001,专业资料室,1,报刊阅览室,14-01,2026-05-26 20:00:00,2026-05-26 21:44:00,0,1,gen_20260922_200_30
202308001,专业资料室,3,二号自习区,12-08,2026-05-26 14:56:00,2026-05-26 15:26:00,0,1,gen_20260922_200_30
202302001,专业资料室,3,静音研读间,04-19,2026-05-26 13:33:00,2026-05-26 14:19:00,0,1,gen_20260922_200_30
202102001,南苑分馆,2,静音研读间,08-17,2026-05-26 20:55:00,2026-05-26 22:29:00,0,1,gen_20260922_200_30
202102001,南苑分馆,4,静音研读间,03-09,2026-05-26 21:55:00,2026-05-26 22:30:00,0,1,gen_20260922_200_30
202102002,专业资料室,4,三层开架区,34-14,2026-05-26 14:27:00,2026-05-26 18:27:00,1,1,gen_20260922_200_30
202102002,南苑分馆,4,三层开架区,08-19,2026-05-26 19:10:00,2026-05-26 22:29:00,0,1,gen_20260922_200_30
202104001,南苑分馆,3,静音研读间,19-23,2026-05-26 20:26:00,2026-05-26 21:01:00,0,1,gen_20260922_200_30
202302002,南苑分馆,4,一号自习区,27-16,2026-05-26 19:24:00,2026-05-26 20:24:00,0,1,gen_20260922_200_30
202302002,专业资料室,5,电子阅览区,19-18,2026-05-26 20:55:00,2026-05-26 22:16:00,0,1,gen_20260922_200_30
202201002,南苑分馆,3,三层开架区,12-03,2026-05-26 15:18:00,2026-05-26 17:21:00,0,1,gen_20260922_200_30
202201002,中心图书馆,2,电子阅览区,21-18,2026-05-26 19:09:00,2026-05-26 19:57:00,0,1,gen_20260922_200_30
202303001,中心图书馆,4,报刊阅览室,13-12,2026-05-26 13:20:00,2026-05-26 14:34:00,0,1,gen_20260922_200_30
202304001,中心图书馆,2,一号自习区,30-08,2026-05-26 19:31:00,2026-05-26 20:41:00,0,1,gen_20260922_200_30
202304001,中心图书馆,4,静音研读间,20-22,2026-05-26 21:01:00,2026-05-26 21:40:00,0,1,gen_20260922_200_30
202407001,专业资料室,2,静音研读间,19-01,2026-05-26 17:40:00,2026-05-26 21:05:00,1,1,gen_20260922_200_30
202407001,南苑分馆,5,二号自习区,01-08,2026-05-26 21:49:00,2026-05-26 22:29:00,0,1,gen_20260922_200_30
202303002,中心图书馆,3,电子阅览区,24-06,2026-05-26 14:25:00,2026-05-26 16:29:00,0,1,gen_20260922_200_30
202401002,中心图书馆,3,电子阅览区,02-03,2026-05-26 08:33:00,2026-05-26 12:30:00,1,1,gen_20260922_200_30
202201004,南苑分馆,1,三层开架区,13-12,2026-05-26 20:21:00,2026-05-26 22:29:00,0,1,gen_20260922_200_30
202104002,南苑分馆,1,电子阅览区,37-24,2026-05-26 15:09:00,2026-05-26 15:42:00,0,1,gen_20260922_200_30
202307001,南苑分馆,3,静音研读间,29-09,2026-05-26 14:12:00,2026-05-26 18:11:00,1,1,gen_20260922_200_30
202402001,中心图书馆,5,静音研读间,01-02,2026-05-26 20:31:00,2026-05-26 21:30:00,0,1,gen_20260922_200_30
202306001,南苑分馆,1,电子阅览区,29-23,2026-05-26 14:16:00,2026-05-26 16:13:00,0,1,gen_20260922_200_30
202208001,专业资料室,4,电子阅览区,03-10,2026-05-26 18:43:00,2026-05-26 19:17:00,0,1,gen_20260922_200_30
202201005,专业资料室,2,一号自习区,17-15,2026-05-26 14:19:00,2026-05-26 15:25:00,0,1,gen_20260922_200_30
202201006,专业资料室,2,电子阅览区,05-14,2026-05-26 15:02:00,2026-05-26 16:36:00,0,1,gen_20260922_200_30
202201006,中心图书馆,1,静音研读间,29-05,2026-05-26 17:40:00,2026-05-26 18:49:00,0,1,gen_20260922_200_30
202303005,专业资料室,4,报刊阅览室,37-13,2026-05-26 15:53:00,2026-05-26 18:54:00,1,1,gen_20260922_200_30
202303005,专业资料室,4,电子阅览区,32-24,2026-05-26 19:54:00,2026-05-26 22:27:00,0,1,gen_20260922_200_30
202301002,南苑分馆,1,三层开架区,34-23,2026-05-26 19:42:00,2026-05-26 20:27:00,0,1,gen_20260922_200_30
202404001,中心图书馆,4,电子阅览区,01-11,2026-05-26 15:14:00,2026-05-26 19:14:00,1,1,gen_20260922_200_30
202407002,中心图书馆,5,报刊阅览室,39-21,2026-05-26 19:24:00,2026-05-26 22:24:00,0,1,gen_20260922_200_30
202201007,南苑分馆,1,一号自习区,26-03,2026-05-26 09:00:00,2026-05-26 10:20:00,0,1,gen_20260922_200_30
202306002,专业资料室,5,二号自习区,07-20,2026-05-26 14:35:00,2026-05-26 18:35:00,1,1,gen_20260922_200_30
202306002,南苑分馆,4,报刊阅览室,21-03,2026-05-26 19:22:00,2026-05-26 21:54:00,0,1,gen_20260922_200_30
202308002,中心图书馆,2,静音研读间,24-06,2026-05-26 15:11:00,2026-05-26 16:22:00,0,1,gen_20260922_200_30
202302004,南苑分馆,5,一号自习区,15-24,2026-05-26 14:18:00,2026-05-26 18:18:00,1,1,gen_20260922_200_30
202302005,专业资料室,5,一号自习区,18-17,2026-05-26 14:49:00,2026-05-26 15:20:00,0,1,gen_20260922_200_30
202206001,南苑分馆,2,报刊阅览室,25-09,2026-05-26 17:40:00,2026-05-26 19:34:00,0,1,gen_20260922_200_30
202206001,中心图书馆,5,报刊阅览室,14-05,2026-05-26 20:19:00,2026-05-26 22:29:00,0,1,gen_20260922_200_30
202307002,中心图书馆,3,三层开架区,33-16,2026-05-26 20:52:00,2026-05-26 22:17:00,0,1,gen_20260922_200_30
202302006,南苑分馆,2,静音研读间,32-16,2026-05-26 16:14:00,2026-05-26 18:41:00,1,1,gen_20260922_200_30
202302006,中心图书馆,3,静音研读间,02-13,2026-05-26 19:15:00,2026-05-26 22:04:00,0,1,gen_20260922_200_30
202403001,中心图书馆,1,一号自习区,10-24,2026-05-26 14:47:00,2026-05-26 16:01:00,0,1,gen_20260922_200_30
202204001,专业资料室,5,三层开架区,23-19,2026-05-26 15:28:00,2026-05-26 17:22:00,0,1,gen_20260922_200_30
202204001,南苑分馆,2,二号自习区,16-24,2026-05-26 17:40:00,2026-05-26 21:27:00,1,1,gen_20260922_200_30
202401003,南苑分馆,3,报刊阅览室,18-03,2026-05-26 17:40:00,2026-05-26 20:56:00,1,1,gen_20260922_200_30
202401003,中心图书馆,1,三层开架区,23-14,2026-05-26 21:02:00,2026-05-26 22:29:00,0,1,gen_20260922_200_30
202301003,专业资料室,3,电子阅览区,22-17,2026-05-26 13:34:00,2026-05-26 15:19:00,0,1,gen_20260922_200_30
202301003,南苑分馆,5,报刊阅览室,01-14,2026-05-26 17:40:00,2026-05-26 21:12:00,1,1,gen_20260922_200_30
202201009,南苑分馆,2,二号自习区,16-11,2026-05-26 20:13:00,2026-05-26 22:24:00,0,1,gen_20260922_200_30
202201009,南苑分馆,4,电子阅览区,22-19,2026-05-26 21:55:00,2026-05-26 22:30:00,0,1,gen_20260922_200_30
202403003,专业资料室,3,二号自习区,04-05,2026-05-26 20:33:00,2026-05-26 22:29:00,0,1,gen_20260922_200_30
202301004,中心图书馆,4,三层开架区,37-23,2026-05-26 15:29:00,2026-05-26 17:44:00,1,1,gen_20260922_200_30
202201010,中心图书馆,3,报刊阅览室,07-14,2026-05-26 20:00:00,2026-05-26 22:29:00,0,1,gen_20260922_200_30
202201010,南苑分馆,1,电子阅览区,03-04,2026-05-26 21:55:00,2026-05-26 22:30:00,0,1,gen_20260922_200_30
202107001,中心图书馆,3,静音研读间,26-09,2026-05-26 20:22:00,2026-05-26 22:29:00,0,1,gen_20260922_200_30
202205001,中心图书馆,2,电子阅览区,28-21,2026-05-26 14:00:00,2026-05-26 17:21:00,0,1,gen_20260922_200_30
202303006,中心图书馆,4,二号自习区,38-06,2026-05-26 18:51:00,2026-05-26 22:29:00,0,1,gen_20260922_200_30
202304002,中心图书馆,5,三层开架区,16-18,2026-05-26 15:30:00,2026-05-26 17:10:00,0,1,gen_20260922_200_30
202203002,专业资料室,5,三层开架区,31-06,2026-05-26 18:39:00,2026-05-26 20:09:00,0,1,gen_20260922_200_30
202203002,专业资料室,4,报刊阅览室,03-14,2026-05-26 21:03:00,2026-05-26 22:02:00,0,1,gen_20260922_200_30
202101001,专业资料室,2,二号自习区,23-19,2026-05-26 14:38:00,2026-05-26 16:03:00,0,1,gen_20260922_200_30
202207001,专业资料室,2,电子阅览区,37-11,2026-05-26 14:09:00,2026-05-26 14:41:00,0,1,gen_20260922_200_30
202304003,中心图书馆,3,电子阅览区,05-05,2026-05-26 16:46:00,2026-05-26 18:04:00,0,1,gen_20260922_200_30
202304003,中心图书馆,1,三层开架区,32-01,2026-05-26 19:24:00,2026-05-26 22:15:00,0,1,gen_20260922_200_30
202306003,专业资料室,5,一号自习区,20-23,2026-05-26 17:40:00,2026-05-26 21:40:00,1,1,gen_20260922_200_30
202306003,专业资料室,3,电子阅览区,32-20,2026-05-26 21:55:00,2026-05-26 22:30:00,0,1,gen_20260922_200_30
202204003,中心图书馆,2,静音研读间,33-22,2026-05-26 08:43:00,2026-05-26 11:22:00,0,1,gen_20260922_200_30
202205002,中心图书馆,5,电子阅览区,03-17,2026-05-26 20:49:00,2026-05-26 22:29:00,0,1,gen_20260922_200_30
202205002,中心图书馆,5,三层开架区,01-03,2026-05-26 21:55:00,2026-05-26 22:30:00,0,1,gen_20260922_200_30
202407003,中心图书馆,5,三层开架区,12-05,2026-05-26 15:32:00,2026-05-26 17:16:00,0,1,gen_20260922_200_30
202301005,专业资料室,4,报刊阅览室,19-23,2026-05-26 16:14:00,2026-05-26 20:14:00,1,1,gen_20260922_200_30
202301005,专业资料室,1,静音研读间,07-11,2026-05-26 21:00:00,2026-05-26 22:29:00,0,1,gen_20260922_200_30
202101002,中心图书馆,3,电子阅览区,14-19,2026-05-26 15:20:00,2026-05-26 17:19:00,0,1,gen_20260922_200_30
202101002,南苑分馆,1,报刊阅览室,36-24,2026-05-26 20:09:00,2026-05-26 21:47:00,0,1,gen_20260922_200_30
202304004,南苑分馆,4,二号自习区,04-15,2026-05-26 17:40:00,2026-05-26 19:23:00,0,1,gen_20260922_200_30
202304004,中心图书馆,3,二号自习区,26-09,2026-05-26 19:55:00,2026-05-26 22:29:00,0,1,gen_20260922_200_30
202108001,南苑分馆,3,静音研读间,33-23,2026-05-26 16:39:00,2026-05-26 18:28:00,0,1,gen_20260922_200_30
202303007,中心图书馆,2,二号自习区,08-11,2026-05-26 17:40:00,2026-05-26 18:45:00,0,1,gen_20260922_200_30
202303007,南苑分馆,3,二号自习区,02-14,2026-05-26 20:21:00,2026-05-26 22:15:00,0,1,gen_20260922_200_30
202303008,专业资料室,2,三层开架区,18-01,2026-05-26 13:28:00,2026-05-26 15:34:00,0,1,gen_20260922_200_30
202201013,专业资料室,4,一号自习区,18-03,2026-05-26 15:40:00,2026-05-26 16:43:00,0,1,gen_20260922_200_30
202403004,南苑分馆,2,静音研读间,02-08,2026-05-26 17:40:00,2026-05-26 19:05:00,0,1,gen_20260922_200_30
202403004,南苑分馆,2,二号自习区,28-04,2026-05-26 20:21:00,2026-05-26 21:24:00,0,1,gen_20260922_200_30
202403005,南苑分馆,3,静音研读间,22-01,2026-05-26 15:12:00,2026-05-26 16:15:00,0,1,gen_20260922_200_30
202206002,南苑分馆,2,一号自习区,15-06,2026-05-26 13:52:00,2026-05-26 16:30:00,0,1,gen_20260922_200_30
202203003,中心图书馆,5,报刊阅览室,32-13,2026-05-26 15:21:00,2026-05-26 18:22:00,1,1,gen_20260922_200_30
202203003,南苑分馆,2,报刊阅览室,05-12,2026-05-26 18:40:00,2026-05-26 21:52:00,0,1,gen_20260922_200_30
202405001,专业资料室,1,一号自习区,04-03,2026-05-26 15:26:00,2026-05-26 16:24:00,0,1,gen_20260922_200_30
202202003,专业资料室,1,报刊阅览室,04-07,2026-05-26 08:30:00,2026-05-26 09:19:00,0,1,gen_20260922_200_30
202202003,南苑分馆,1,报刊阅览室,09-07,2026-05-26 20:54:00,2026-05-26 22:29:00,0,1,gen_20260922_200_30
202203004,南苑分馆,2,电子阅览区,11-01,2026-05-26 15:32:00,2026-05-26 17:35:00,1,1,gen_20260922_200_30
202205003,南苑分馆,3,静音研读间,09-09,2026-05-26 14:45:00,2026-05-26 15:52:00,0,1,gen_20260922_200_30
202205003,南苑分馆,1,静音研读间,29-18,2026-05-26 18:54:00,2026-05-26 21:57:00,0,1,gen_20260922_200_30
202401006,南苑分馆,1,一号自习区,11-01,2026-05-26 16:00:00,2026-05-26 17:29:00,0,1,gen_20260922_200_30
202401006,专业资料室,5,静音研读间,39-23,2026-05-26 17:40:00,2026-05-26 18:35:00,0,1,gen_20260922_200_30
202201015,中心图书馆,2,二号自习区,04-20,2026-05-26 20:29:00,2026-05-26 22:25:00,0,1,gen_20260922_200_30
202307004,中心图书馆,2,静音研读间,24-19,2026-05-26 15:29:00,2026-05-26 16:41:00,0,1,gen_20260922_200_30
202208002,中心图书馆,3,电子阅览区,26-18,2026-05-26 19:11:00,2026-05-26 20:41:00,0,1,gen_20260922_200_30
202208002,中心图书馆,3,一号自习区,01-04,2026-05-26 21:00:00,2026-05-26 22:29:00,0,1,gen_20260922_200_30
202406001,南苑分馆,4,报刊阅览室,17-14,2026-05-26 14:02:00,2026-05-26 14:44:00,0,1,gen_20260922_200_30
202406001,中心图书馆,1,静音研读间,05-04,2026-05-26 20:49:00,2026-05-26 22:29:00,0,1,gen_20260922_200_30
202106001,中心图书馆,3,二号自习区,20-08,2026-05-26 13:40:00,2026-05-26 15:20:00,0,1,gen_20260922_200_30
202204004,专业资料室,2,电子阅览区,36-08,2026-05-26 13:59:00,2026-05-26 15:23:00,0,1,gen_20260922_200_30
202204004,专业资料室,3,三层开架区,08-24,2026-05-26 17:40:00,2026-05-26 20:01:00,1,1,gen_20260922_200_30
202406002,南苑分馆,2,三层开架区,13-21,2026-05-26 19:25:00,2026-05-26 20:34:00,0,1,gen_20260922_200_30
202101003,南苑分馆,1,一号自习区,29-10,2026-05-26 15:03:00,2026-05-26 16:05:00,0,1,gen_20260922_200_30
202101003,中心图书馆,1,二号自习区,13-23,2026-05-26 20:19:00,2026-05-26 22:29:00,0,1,gen_20260922_200_30
202101004,南苑分馆,5,静音研读间,02-14,2026-05-26 17:40:00,2026-05-26 18:10:00,0,1,gen_20260922_200_30
202101004,中心图书馆,3,三层开架区,35-19,2026-05-26 20:55:00,2026-05-26 21:25:00,0,1,gen_20260922_200_30
202403006,南苑分馆,5,三层开架区,25-19,2026-05-26 13:17:00,2026-05-26 14:18:00,0,1,gen_20260922_200_30
202403006,中心图书馆,4,报刊阅览室,27-23,2026-05-26 20:05:00,2026-05-26 21:30:00,0,1,gen_20260922_200_30
202303009,中心图书馆,1,报刊阅览室,31-09,2026-05-26 17:26:00,2026-05-26 20:40:00,1,1,gen_20260922_200_30
202303009,南苑分馆,1,静音研读间,19-21,2026-05-26 21:02:00,2026-05-26 22:29:00,0,1,gen_20260922_200_30
202108002,专业资料室,4,静音研读间,06-03,2026-05-26 19:31:00,2026-05-26 20:15:00,0,1,gen_20260922_200_30
202403007,中心图书馆,3,三层开架区,07-04,2026-05-26 20:36:00,2026-05-26 21:20:00,0,1,gen_20260922_200_30
202203005,南苑分馆,4,一号自习区,09-12,2026-05-26 16:21:00,2026-05-26 17:47:00,0,1,gen_20260922_200_30
202203005,中心图书馆,5,二号自习区,26-24,2026-05-26 18:26:00,2026-05-26 21:31:00,1,1,gen_20260922_200_30
202305001,南苑分馆,3,二号自习区,33-15,2026-05-26 20:11:00,2026-05-26 21:07:00,0,1,gen_20260922_200_30
202305001,专业资料室,1,二号自习区,17-08,2026-05-26 21:55:00,2026-05-26 22:30:00,0,1,gen_20260922_200_30
202303010,中心图书馆,3,二号自习区,37-18,2026-05-26 15:56:00,2026-05-26 17:51:00,0,1,gen_20260922_200_30
202303010,中心图书馆,1,三层开架区,25-23,2026-05-26 20:12:00,2026-05-26 21:49:00,0,1,gen_20260922_200_30
202105001,南苑分馆,5,电子阅览区,01-17,2026-05-26 14:38:00,2026-05-26 18:38:00,1,1,gen_20260922_200_30
202105001,专业资料室,2,一号自习区,35-17,2026-05-26 18:53:00,2026-05-26 21:53:00,0,1,gen_20260922_200_30
202205005,南苑分馆,5,二号自习区,11-04,2026-05-26 14:14:00,2026-05-26 15:19:00,0,1,gen_20260922_200_30
202201016,南苑分馆,1,静音研读间,28-22,2026-05-26 14:43:00,2026-05-26 18:05:00,1,1,gen_20260922_200_30
202206003,南苑分馆,4,一号自习区,12-20,2026-05-26 16:24:00,2026-05-26 20:24:00,1,1,gen_20260922_200_30
202206003,专业资料室,3,二号自习区,35-14,2026-05-26 21:12:00,2026-05-26 22:29:00,0,1,gen_20260922_200_30
202107002,专业资料室,4,一号自习区,23-24,2026-05-26 13:34:00,2026-05-26 15:54:00,0,1,gen_20260922_200_30
202107002,南苑分馆,3,报刊阅览室,10-16,2026-05-26 17:40:00,2026-05-26 19:38:00,0,1,gen_20260922_200_30
202404002,南苑分馆,3,三层开架区,09-04,2026-05-26 13:12:00,2026-05-26 17:12:00,0,1,gen_20260922_200_30
202404002,中心图书馆,3,二号自习区,35-12,2026-05-26 19:35:00,2026-05-26 22:29:00,0,1,gen_20260922_200_30
202308004,中心图书馆,1,一号自习区,12-24,2026-05-26 08:20:00,2026-05-26 08:51:00,0,1,gen_20260922_200_30
202303011,专业资料室,4,静音研读间,05-13,2026-05-26 15:09:00,2026-05-26 15:39:00,0,1,gen_20260922_200_30
202303011,专业资料室,3,报刊阅览室,32-23,2026-05-26 21:40:00,2026-05-26 22:29:00,0,1,gen_20260922_200_30
202402003,南苑分馆,1,二号自习区,24-12,2026-05-26 17:40:00,2026-05-26 20:26:00,1,1,gen_20260922_200_30
202402003,南苑分馆,5,二号自习区,14-13,2026-05-26 21:06:00,2026-05-26 22:29:00,0,1,gen_20260922_200_30
202202004,中心图书馆,4,二号自习区,19-23,2026-05-26 19:40:00,2026-05-26 22:26:00,0,1,gen_20260922_200_30
202204005,中心图书馆,1,二号自习区,36-11,2026-05-26 16:03:00,2026-05-26 19:50:00,1,1,gen_20260922_200_30
202204005,南苑分馆,4,一号自习区,02-20,2026-05-26 20:34:00,2026-05-26 21:31:00,0,1,gen_20260922_200_30
202102003,专业资料室,5,二号自习区,14-08,2026-05-26 19:05:00,2026-05-26 20:21:00,0,1,gen_20260922_200_30
202102003,中心图书馆,1,电子阅览区,33-11,2026-05-26 20:33:00,2026-05-26 22:27:00,0,1,gen_20260922_200_30
202301007,中心图书馆,1,电子阅览区,22-03,2026-05-26 14:32:00,2026-05-26 16:07:00,0,1,gen_20260922_200_30
202301007,南苑分馆,2,三层开架区,03-02,2026-05-26 19:54:00,2026-05-26 22:11:00,0,1,gen_20260922_200_30
202102004,南苑分馆,1,二号自习区,12-14,2026-05-26 13:29:00,2026-05-26 16:32:00,0,1,gen_20260922_200_30
202402004,专业资料室,2,三层开架区,37-08,2026-05-26 13:58:00,2026-05-26 17:58:00,1,1,gen_20260922_200_30
202402004,南苑分馆,1,一号自习区,08-18,2026-05-26 18:14:00,2026-05-26 19:32:00,0,1,gen_20260922_200_30
202203006,中心图书馆,3,报刊阅览室,31-03,2026-05-26 14:09:00,2026-05-26 14:55:00,0,1,gen_20260922_200_30
202201017,南苑分馆,4,二号自习区,09-05,2026-05-26 14:54:00,2026-05-26 15:54:00,0,1,gen_20260922_200_30
202402005,专业资料室,4,三层开架区,08-03,2026-05-26 09:44:00,2026-05-26 12:05:00,1,1,gen_20260922_200_30
202306005,南苑分馆,5,电子阅览区,33-11,2026-05-26 13:27:00,2026-05-26 17:27:00,0,1,gen_20260922_200_30
202306005,专业资料室,1,二号自习区,24-23,2026-05-26 17:40:00,2026-05-26 19:28:00,0,1,gen_20260922_200_30
202402006,中心图书馆,1,三层开架区,34-18,2026-05-26 17:40:00,2026-05-26 18:42:00,0,1,gen_20260922_200_30
202402006,中心图书馆,4,报刊阅览室,28-14,2026-05-26 20:28:00,2026-05-26 22:29:00,0,1,gen_20260922_200_30
202405002,南苑分馆,4,报刊阅览室,12-17,2026-05-26 13:50:00,2026-05-26 17:15:00,0,1,gen_20260922_200_30
202405002,中心图书馆,1,电子阅览区,23-01,2026-05-26 17:40:00,2026-05-26 19:21:00,0,1,gen_20260922_200_30
202301008,中心图书馆,4,二号自习区,22-09,2026-05-26 14:42:00,2026-05-26 15:16:00,0,1,gen_20260922_200_30
202301008,专业资料室,2,一号自习区,05-13,2026-05-26 19:41:00,2026-05-26 20:36:00,0,1,gen_20260922_200_30
202402007,专业资料室,1,三层开架区,36-07,2026-05-26 15:51:00,2026-05-26 16:44:00,0,1,gen_20260922_200_30
202204006,专业资料室,5,报刊阅览室,14-17,2026-05-26 17:40:00,2026-05-26 19:41:00,1,1,gen_20260922_200_30
202204006,专业资料室,1,二号自习区,36-09,2026-05-26 21:20:00,2026-05-26 22:29:00,0,1,gen_20260922_200_30
202403009,专业资料室,3,报刊阅览室,28-24,2026-05-26 19:23:00,2026-05-26 21:09:00,0,1,gen_20260922_200_30
202202005,专业资料室,2,三层开架区,21-05,2026-05-26 15:26:00,2026-05-26 16:49:00,0,1,gen_20260922_200_30
202202005,专业资料室,4,电子阅览区,22-17,2026-05-26 17:40:00,2026-05-26 19:35:00,0,1,gen_20260922_200_30
202305003,南苑分馆,3,电子阅览区,27-14,2026-05-26 17:40:00,2026-05-26 18:12:00,0,1,gen_20260922_200_30
202305003,中心图书馆,5,报刊阅览室,31-11,2026-05-26 19:41:00,2026-05-26 20:11:00,0,1,gen_20260922_200_30
202403010,南苑分馆,4,报刊阅览室,39-24,2026-05-26 08:59:00,2026-05-26 10:17:00,0,1,gen_20260922_200_30
202403010,专业资料室,3,报刊阅览室,12-19,2026-05-26 21:15:00,2026-05-26 22:29:00,0,1,gen_20260922_200_30
202403011,中心图书馆,3,电子阅览区,25-04,2026-05-26 17:40:00,2026-05-26 21:40:00,1,1,gen_20260922_200_30
202403011,中心图书馆,1,二号自习区,35-14,2026-05-26 21:55:00,2026-05-26 22:30:00,0,1,gen_20260922_200_30
202403012,南苑分馆,2,一号自习区,31-17,2026-05-26 10:04:00,2026-05-26 13:37:00,1,1,gen_20260922_200_30
202301009,南苑分馆,1,静音研读间,27-01,2026-05-26 15:27:00,2026-05-26 17:25:00,0,1,gen_20260922_200_30
202204007,中心图书馆,4,一号自习区,15-21,2026-05-26 15:14:00,2026-05-26 18:41:00,1,1,gen_20260922_200_30
202204007,专业资料室,1,一号自习区,15-12,2026-05-26 19:21:00,2026-05-26 22:29:00,0,1,gen_20260922_200_30
202207002,专业资料室,1,二号自习区,12-20,2026-05-26 17:40:00,,1,1,gen_20260922_200_30
202207002,中心图书馆,4,报刊阅览室,36-13,2026-05-26 21:55:00,2026-05-26 22:30:00,0,1,gen_20260922_200_30
202207003,南苑分馆,2,报刊阅览室,35-14,2026-05-26 16:19:00,2026-05-26 18:02:00,0,1,gen_20260922_200_30
202207003,南苑分馆,5,三层开架区,21-07,2026-05-26 19:25:00,2026-05-26 22:03:00,0,1,gen_20260922_200_30
202201019,专业资料室,5,一号自习区,05-08,2026-05-26 14:46:00,2026-05-26 16:38:00,0,1,gen_20260922_200_30
202201019,专业资料室,2,三层开架区,22-12,2026-05-26 17:40:00,2026-05-26 20:24:00,1,1,gen_20260922_200_30
202203008,中心图书馆,2,电子阅览区,06-02,2026-05-26 07:30:00,2026-05-26 08:08:00,0,1,gen_20260922_200_30
202101005,中心图书馆,1,三层开架区,17-04,2026-05-26 13:36:00,2026-05-26 14:37:00,0,1,gen_20260922_200_30
202101005,中心图书馆,5,静音研读间,14-06,2026-05-26 21:06:00,2026-05-26 22:01:00,0,1,gen_20260922_200_30
202201020,中心图书馆,4,三层开架区,20-24,2026-05-26 19:29:00,2026-05-26 21:54:00,0,1,gen_20260922_200_30
202201020,专业资料室,1,二号自习区,11-18,2026-05-26 21:55:00,2026-05-26 22:30:00,0,1,gen_20260922_200_30
202402009,中心图书馆,3,二号自习区,35-19,2026-05-26 14:14:00,2026-05-26 16:19:00,0,1,gen_20260922_200_30
202402009,专业资料室,5,电子阅览区,33-16,2026-05-26 17:40:00,2026-05-26 21:40:00,1,1,gen_20260922_200_30
202304005,中心图书馆,4,电子阅览区,37-04,2026-05-26 13:16:00,2026-05-26 16:21:00,0,1,gen_20260922_200_30
202304005,中心图书馆,3,一号自习区,04-18,2026-05-26 17:40:00,2026-05-26 21:40:00,1,1,gen_20260922_200_30
202306006,专业资料室,5,二号自习区,13-04,2026-05-26 13:56:00,2026-05-26 14:28:00,0,1,gen_20260922_200_30
202105002,专业资料室,4,三层开架区,22-04,2026-05-26 17:40:00,2026-05-26 19:40:00,1,1,gen_20260922_200_30
202105002,专业资料室,3,三层开架区,04-21,2026-05-26 20:42:00,2026-05-26 21:49:00,0,1,gen_20260922_200_30
202201021,中心图书馆,4,电子阅览区,34-16,2026-05-26 16:19:00,2026-05-26 20:19:00,1,1,gen_20260922_200_30
202201021,南苑分馆,4,报刊阅览室,08-03,2026-05-26 20:36:00,2026-05-26 22:29:00,0,1,gen_20260922_200_30
202406003,南苑分馆,5,二号自习区,36-06,2026-05-26 19:57:00,2026-05-26 20:57:00,0,1,gen_20260922_200_30
202406003,中心图书馆,3,二号自习区,05-11,2026-05-26 21:55:00,2026-05-26 22:30:00,0,1,gen_20260922_200_30
202303013,专业资料室,3,一号自习区,23-18,2026-05-26 13:57:00,2026-05-26 15:08:00,0,1,gen_20260922_200_30
202303013,专业资料室,2,报刊阅览室,13-08,2026-05-26 21:46:00,2026-05-26 22:29:00,0,1,gen_20260922_200_30
202304007,中心图书馆,3,一号自习区,07-24,2026-05-26 17:29:00,2026-05-26 20:46:00,1,1,gen_20260922_200_30
202304007,专业资料室,5,报刊阅览室,30-01,2026-05-26 21:35:00,2026-05-26 22:29:00,0,1,gen_20260922_200_30
202406004,专业资料室,5,一号自习区,31-02,2026-05-26 17:40:00,2026-05-26 21:40:00,1,1,gen_20260922_200_30
202406004,中心图书馆,4,静音研读间,31-01,2026-05-26 21:55:00,2026-05-26 22:30:00,0,1,gen_20260922_200_30
202206004,南苑分馆,5,报刊阅览室,16-14,2026-05-26 13:22:00,2026-05-26 16:12:00,0,1,gen_20260922_200_30
202204009,专业资料室,3,电子阅览区,03-08,2026-05-26 15:02:00,2026-05-26 16:27:00,0,1,gen_20260922_200_30
202407004,专业资料室,2,一号自习区,39-07,2026-05-26 13:43:00,2026-05-26 17:43:00,1,1,gen_20260922_200_30
202407004,中心图书馆,5,静音研读间,01-19,2026-05-26 21:26:00,2026-05-26 22:29:00,0,1,gen_20260922_200_30
202108004,南苑分馆,3,三层开架区,19-11,2026-05-26 15:40:00,2026-05-26 19:06:00,1,1,gen_20260922_200_30
202108004,南苑分馆,3,静音研读间,15-10,2026-05-26 20:59:00,2026-05-26 22:29:00,0,1,gen_20260922_200_30
202205007,中心图书馆,3,二号自习区,04-22,2026-05-26 14:38:00,2026-05-26 16:12:00,0,1,gen_20260922_200_30
202205007,中心图书馆,2,二号自习区,11-14,2026-05-26 20:38:00,2026-05-26 21:52:00,0,1,gen_20260922_200_30
202402010,南苑分馆,5,报刊阅览室,11-09,2026-05-26 15:35:00,2026-05-26 17:27:00,0,1,gen_20260922_200_30
202301010,中心图书馆,5,电子阅览区,26-05,2026-05-26 15:15:00,2026-05-26 16:31:00,0,1,gen_20260922_200_30
202306007,南苑分馆,1,一号自习区,19-09,2026-05-26 19:48:00,2026-05-26 21:38:00,0,1,gen_20260922_200_30
202306007,中心图书馆,5,静音研读间,28-02,2026-05-26 21:55:00,2026-05-26 22:30:00,0,1,gen_20260922_200_30
202402011,专业资料室,3,二号自习区,28-01,2026-05-26 19:55:00,2026-05-26 22:29:00,0,1,gen_20260922_200_30
202408003,中心图书馆,1,静音研读间,13-13,2026-05-26 18:40:00,2026-05-26 19:49:00,0,1,gen_20260922_200_30
202304009,南苑分馆,2,二号自习区,25-04,2026-05-26 12:21:00,2026-05-26 13:22:00,0,1,gen_20260922_200_30
202401009,中心图书馆,3,报刊阅览室,28-05,2026-05-26 15:21:00,2026-05-26 16:01:00,0,1,gen_20260922_200_30
202108006,专业资料室,3,二号自习区,05-20,2026-05-26 14:42:00,2026-05-26 15:54:00,0,1,gen_20260922_200_30
202203010,专业资料室,4,报刊阅览室,35-16,2026-05-26 17:45:00,2026-05-26 21:43:00,1,1,gen_20260922_200_30
202203010,专业资料室,4,三层开架区,01-24,2026-05-26 21:55:00,2026-05-26 22:30:00,0,1,gen_20260922_200_30
202306008,专业资料室,3,报刊阅览室,31-19,2026-05-26 13:04:00,2026-05-26 17:04:00,0,1,gen_20260922_200_30
202306008,南苑分馆,2,静音研读间,27-17,2026-05-26 17:40:00,2026-05-26 18:16:00,0,1,gen_20260922_200_30
202406005,中心图书馆,5,电子阅览区,06-15,2026-05-26 21:02:00,2026-05-26 21:33:00,0,1,gen_20260922_200_30
202302008,南苑分馆,1,三层开架区,26-01,2026-05-26 18:50:00,2026-05-26 21:37:00,0,1,gen_20260922_200_30
202304010,南苑分馆,3,静音研读间,09-12,2026-05-26 17:40:00,2026-05-26 18:20:00,0,1,gen_20260922_200_30
202304010,专业资料室,2,三层开架区,21-12,2026-05-26 19:36:00,2026-05-26 20:47:00,0,1,gen_20260922_200_30
202201022,专业资料室,2,二号自习区,14-05,2026-05-26 16:06:00,2026-05-26 18:47:00,1,1,gen_20260922_200_30
202201022,专业资料室,3,一号自习区,26-01,2026-05-26 19:08:00,2026-05-26 22:29:00,0,1,gen_20260922_200_30
202403003,专业资料室,3,二号自习区,04-05,2026-05-26 20:33:00,2026-05-26 18:34:00,0,0,gen_20260922_200_30
202204005,中心图书馆,1,二号自习区,36-11,2026-05-26 16:03:00,2026-05-29 08:04:00,1,0,gen_20260922_200_30
202203008,中心图书馆,2,电子阅览区,06-02,2026-05-26 07:30:00,2026-05-29 12:35:00,0,0,gen_20260922_200_30
202301010,中心图书馆,5,电子阅览区,26-05,2026-05-26 15:15:00,2026-05-26 13:45:00,0,0,gen_20260922_200_30
202203001,中心图书馆,1,二号自习区,22-17,2026-05-27 09:49:00,2026-05-27 11:43:00,0,1,gen_20260922_200_30
202301001,中心图书馆,3,一号自习区,04-19,2026-05-27 17:58:00,2026-05-27 21:07:00,1,1,gen_20260922_200_30
202308001,中心图书馆,4,电子阅览区,36-19,2026-05-27 13:21:00,2026-05-27 14:24:00,0,1,gen_20260922_200_30
202308001,专业资料室,2,报刊阅览室,38-20,2026-05-27 20:29:00,2026-05-27 21:03:00,0,1,gen_20260922_200_30
202302001,南苑分馆,4,一号自习区,22-10,2026-05-27 16:27:00,2026-05-27 16:57:00,0,1,gen_20260922_200_30
202202001,专业资料室,4,静音研读间,19-07,2026-05-27 12:33:00,2026-05-27 13:54:00,0,1,gen_20260922_200_30
202102001,专业资料室,2,报刊阅览室,16-08,2026-05-27 16:13:00,2026-05-27 17:37:00,0,1,gen_20260922_200_30
202102002,专业资料室,2,静音研读间,07-19,2026-05-27 16:37:00,2026-05-27 20:37:00,1,1,gen_20260922_200_30
202102002,专业资料室,5,电子阅览区,18-09,2026-05-27 21:05:00,2026-05-27 22:29:00,0,1,gen_20260922_200_30
202104001,专业资料室,5,报刊阅览室,30-24,2026-05-27 14:59:00,2026-05-27 15:29:00,0,1,gen_20260922_200_30
202302002,专业资料室,5,报刊阅览室,06-14,2026-05-27 14:55:00,2026-05-27 17:32:00,1,1,gen_20260922_200_30
202302002,南苑分馆,4,一号自习区,11-21,2026-05-27 17:40:00,2026-05-27 19:02:00,0,1,gen_20260922_200_30
202201001,中心图书馆,3,一号自习区,16-01,2026-05-27 15:59:00,2026-05-27 16:29:00,0,1,gen_20260922_200_30
202201002,专业资料室,4,二号自习区,14-02,2026-05-27 15:26:00,2026-05-27 17:48:00,1,1,gen_20260922_200_30
202303001,专业资料室,4,二号自习区,03-07,2026-05-27 14:14:00,2026-05-27 15:34:00,0,1,gen_20260922_200_30
202304001,南苑分馆,2,一号自习区,27-12,2026-05-27 09:40:00,2026-05-27 10:57:00,0,1,gen_20260922_200_30
202304001,中心图书馆,4,电子阅览区,14-01,2026-05-27 17:40:00,2026-05-27 18:42:00,0,1,gen_20260922_200_30
202401001,南苑分馆,3,二号自习区,39-14,2026-05-27 15:37:00,2026-05-27 17:49:00,1,1,gen_20260922_200_30
202407001,专业资料室,5,三层开架区,14-10,2026-05-27 17:40:00,,0,1,gen_20260922_200_30
202407001,南苑分馆,5,电子阅览区,35-08,2026-05-27 20:16:00,2026-05-27 22:29:00,0,1,gen_20260922_200_30
202303002,中心图书馆,5,三层开架区,38-09,2026-05-27 14:24:00,2026-05-27 16:55:00,0,1,gen_20260922_200_30
202303002,中心图书馆,3,三层开架区,03-24,2026-05-27 20:20:00,2026-05-27 22:29:00,0,1,gen_20260922_200_30
202201003,专业资料室,4,电子阅览区,15-06,2026-05-27 20:06:00,2026-05-27 21:32:00,0,1,gen_20260922_200_30
202201004,专业资料室,2,报刊阅览室,24-05,2026-05-27 17:40:00,2026-05-27 20:08:00,1,1,gen_20260922_200_30
202201004,南苑分馆,5,二号自习区,02-02,2026-05-27 20:44:00,2026-05-27 22:29:00,0,1,gen_20260922_200_30
202104002,中心图书馆,1,一号自习区,30-13,2026-05-27 14:10:00,2026-05-27 17:22:00,0,1,gen_20260922_200_30
202104002,南苑分馆,5,静音研读间,23-18,2026-05-27 17:40:00,2026-05-27 19:33:00,0,1,gen_20260922_200_30
202307001,中心图书馆,1,静音研读间,15-04,2026-05-27 14:32:00,2026-05-27 16:11:00,0,1,gen_20260922_200_30
202307001,南苑分馆,3,三层开架区,10-05,2026-05-27 17:40:00,2026-05-27 21:11:00,1,1,gen_20260922_200_30
202402001,专业资料室,3,二号自习区,05-23,2026-05-27 17:40:00,2026-05-27 19:41:00,1,1,gen_20260922_200_30
202402001,中心图书馆,3,二号自习区,09-06,2026-05-27 20:32:00,2026-05-27 22:01:00,0,1,gen_20260922_200_30
202306001,专业资料室,1,报刊阅览室,29-21,2026-05-27 09:13:00,2026-05-27 13:13:00,1,1,gen_20260922_200_30
202303003,专业资料室,1,电子阅览区,06-15,2026-05-27 14:46:00,2026-05-27 18:46:00,1,1,gen_20260922_200_30
202208001,专业资料室,3,报刊阅览室,22-07,2026-05-27 09:24:00,2026-05-27 09:54:00,0,1,gen_20260922_200_30
202208001,中心图书馆,2,三层开架区,21-17,2026-05-27 17:40:00,2026-05-27 19:17:00,0,1,gen_20260922_200_30
202201005,中心图书馆,1,报刊阅览室,35-01,2026-05-27 19:10:00,2026-05-27 19:54:00,0,1,gen_20260922_200_30
202201006,专业资料室,3,电子阅览区,16-07,2026-05-27 13:52:00,2026-05-27 16:23:00,0,1,gen_20260922_200_30
202201006,中心图书馆,3,二号自习区,03-11,2026-05-27 20:54:00,2026-05-27 22:29:00,0,1,gen_20260922_200_30
202303004,专业资料室,3,电子阅览区,06-11,2026-05-27 21:04:00,2026-05-27 21:34:00,0,1,gen_20260922_200_30
202402002,中心图书馆,4,一号自习区,16-15,2026-05-27 15:32:00,2026-05-27 17:01:00,0,1,gen_20260922_200_30
202402002,南苑分馆,2,一号自习区,32-01,2026-05-27 17:40:00,2026-05-27 19:00:00,0,1,gen_20260922_200_30
202303005,南苑分馆,5,报刊阅览室,33-18,2026-05-27 15:25:00,2026-05-27 16:59:00,0,1,gen_20260922_200_30
202303005,专业资料室,5,电子阅览区,31-19,2026-05-27 19:13:00,2026-05-27 21:15:00,0,1,gen_20260922_200_30
202301002,专业资料室,4,电子阅览区,16-23,2026-05-27 14:18:00,2026-05-27 15:22:00,0,1,gen_20260922_200_30
202404001,南苑分馆,4,报刊阅览室,06-03,2026-05-27 13:31:00,2026-05-27 14:31:00,0,1,gen_20260922_200_30
202201007,南苑分馆,3,二号自习区,19-12,2026-05-27 21:10:00,2026-05-27 22:29:00,0,1,gen_20260922_200_30
202306002,专业资料室,3,报刊阅览室,13-09,2026-05-27 20:45:00,2026-05-27 22:29:00,0,1,gen_20260922_200_30
202308002,专业资料室,1,报刊阅览室,31-18,2026-05-27 14:43:00,2026-05-27 15:33:00,0,1,gen_20260922_200_30
202308002,南苑分馆,2,一号自习区,23-10,2026-05-27 19:03:00,2026-05-27 19:38:00,0,1,gen_20260922_200_30
202302004,南苑分馆,3,静音研读间,26-15,2026-05-27 19:30:00,2026-05-27 20:38:00,0,1,gen_20260922_200_30
202302004,中心图书馆,4,一号自习区,15-24,2026-05-27 20:41:00,2026-05-27 22:29:00,0,1,gen_20260922_200_30
202201008,南苑分馆,2,一号自习区,09-18,2026-05-27 18:57:00,2026-05-27 22:29:00,0,1,gen_20260922_200_30
202201008,专业资料室,2,一号自习区,05-19,2026-05-27 21:55:00,2026-05-27 22:30:00,0,1,gen_20260922_200_30
202206001,专业资料室,2,静音研读间,22-22,2026-05-27 19:03:00,2026-05-27 22:29:00,0,1,gen_20260922_200_30
202206001,中心图书馆,5,静音研读间,13-14,2026-05-27 21:55:00,2026-05-27 22:30:00,0,1,gen_20260922_200_30
202302006,南苑分馆,1,一号自习区,16-02,2026-05-27 17:40:00,2026-05-27 21:17:00,1,1,gen_20260922_200_30
202302006,中心图书馆,2,电子阅览区,10-24,2026-05-27 21:55:00,2026-05-27 22:30:00,0,1,gen_20260922_200_30
202403001,专业资料室,1,静音研读间,26-24,2026-05-27 14:52:00,2026-05-27 17:16:00,0,1,gen_20260922_200_30
202403001,专业资料室,1,三层开架区,10-21,2026-05-27 17:40:00,2026-05-27 20:17:00,1,1,gen_20260922_200_30
202204001,南苑分馆,3,电子阅览区,05-09,2026-05-27 17:40:00,2026-05-27 18:46:00,0,1,gen_20260922_200_30
202204001,专业资料室,4,一号自习区,25-22,2026-05-27 20:02:00,2026-05-27 21:19:00,0,1,gen_20260922_200_30
202403002,专业资料室,1,一号自习区,11-23,2026-05-27 14:43:00,2026-05-27 16:53:00,0,1,gen_20260922_200_30
202401003,南苑分馆,3,报刊阅览室,21-19,2026-05-27 17:40:00,2026-05-27 19:44:00,1,1,gen_20260922_200_30
202401003,南苑分馆,2,二号自习区,37-04,2026-05-27 20:32:00,2026-05-27 22:29:00,0,1,gen_20260922_200_30
202301003,中心图书馆,1,二号自习区,32-14,2026-05-27 15:29:00,2026-05-27 18:24:00,1,1,gen_20260922_200_30
202301003,中心图书馆,5,报刊阅览室,06-16,2026-05-27 19:00:00,2026-05-27 20:55:00,0,1,gen_20260922_200_30
202201009,中心图书馆,2,二号自习区,05-15,2026-05-27 19:44:00,2026-05-27 21:33:00,0,1,gen_20260922_200_30
202201009,南苑分馆,4,静音研读间,30-02,2026-05-27 21:55:00,2026-05-27 22:30:00,0,1,gen_20260922_200_30
202403003,南苑分馆,3,报刊阅览室,28-09,2026-05-27 15:39:00,2026-05-27 17:41:00,1,1,gen_20260922_200_30
202403003,南苑分馆,5,三层开架区,03-02,2026-05-27 18:37:00,2026-05-27 21:34:00,1,1,gen_20260922_200_30
202301004,中心图书馆,3,一号自习区,15-15,2026-05-27 14:42:00,2026-05-27 15:43:00,0,1,gen_20260922_200_30
202201010,专业资料室,2,电子阅览区,25-04,2026-05-27 15:23:00,2026-05-27 17:46:00,1,1,gen_20260922_200_30
202201010,中心图书馆,2,二号自习区,39-08,2026-05-27 18:41:00,2026-05-27 22:29:00,0,1,gen_20260922_200_30
202204002,南苑分馆,3,三层开架区,10-03,2026-05-27 19:34:00,2026-05-27 20:45:00,0,1,gen_20260922_200_30
202307003,专业资料室,5,报刊阅览室,16-06,2026-05-27 16:46:00,2026-05-27 18:27:00,0,1,gen_20260922_200_30
202307003,专业资料室,4,三层开架区,07-22,2026-05-27 19:28:00,2026-05-27 21:33:00,0,1,gen_20260922_200_30
202205001,南苑分馆,2,一号自习区,19-11,2026-05-27 13:53:00,2026-05-27 14:46:00,0,1,gen_20260922_200_30
202205001,南苑分馆,1,电子阅览区,15-10,2026-05-27 17:40:00,2026-05-27 20:50:00,1,1,gen_20260922_200_30
202303006,中心图书馆,1,报刊阅览室,35-07,2026-05-27 17:40:00,2026-05-27 21:40:00,1,1,gen_20260922_200_30
202303006,专业资料室,4,报刊阅览室,32-08,2026-05-27 21:55:00,2026-05-27 22:30:00,0,1,gen_20260922_200_30
202203002,中心图书馆,2,一号自习区,09-13,2026-05-27 15:23:00,2026-05-27 16:28:00,0,1,gen_20260922_200_30
202101001,中心图书馆,2,一号自习区,34-19,2026-05-27 14:33:00,2026-05-27 16:59:00,0,1,gen_20260922_200_30
202207001,中心图书馆,4,二号自习区,18-06,2026-05-27 15:25:00,2026-05-27 16:11:00,0,1,gen_20260922_200_30
202304003,中心图书馆,3,三层开架区,30-03,2026-05-27 14:52:00,2026-05-27 15:50:00,0,1,gen_20260922_200_30
202304003,中心图书馆,3,静音研读间,38-05,2026-05-27 17:40:00,2026-05-27 18:11:00,0,1,gen_20260922_200_30
202201011,南苑分馆,3,电子阅览区,08-01,2026-05-27 16:17:00,2026-05-27 18:40:00,1,1,gen_20260922_200_30
202201011,专业资料室,1,二号自习区,32-17,2026-05-27 20:17:00,2026-05-27 21:54:00,0,1,gen_20260922_200_30
202306003,专业资料室,1,电子阅览区,10-12,2026-05-27 14:58:00,2026-05-27 16:53:00,0,1,gen_20260922_200_30
202401004,南苑分馆,3,电子阅览区,36-07,2026-05-27 14:31:00,2026-05-27 16:44:00,0,1,gen_20260922_200_30
202408001,专业资料室,3,二号自习区,07-08,2026-05-27 14:11:00,2026-05-27 18:01:00,1,1,gen_20260922_200_30
202201012,专业资料室,1,二号自习区,28-12,2026-05-27 12:53:00,2026-05-27 14:16:00,0,1,gen_20260922_200_30
202204003,专业资料室,2,三层开架区,36-01,2026-05-27 17:47:00,2026-05-27 20:31:00,1,1,gen_20260922_200_30
202204003,中心图书馆,5,报刊阅览室,22-19,2026-05-27 20:57:00,2026-05-27 22:12:00,0,1,gen_20260922_200_30
202205002,南苑分馆,5,电子阅览区,24-13,2026-05-27 17:40:00,2026-05-27 21:40:00,1,1,gen_20260922_200_30
202205002,专业资料室,5,静音研读间,11-02,2026-05-27 21:55:00,2026-05-27 22:30:00,0,1,gen_20260922_200_30
202202002,专业资料室,2,三层开架区,36-24,2026-05-27 14:55:00,2026-05-27 15:58:00,0,1,gen_20260922_200_30
202202002,中心图书馆,2,二号自习区,04-14,2026-05-27 17:40:00,2026-05-27 21:40:00,1,1,gen_20260922_200_30
202407003,中心图书馆,1,一号自习区,09-09,2026-05-27 14:20:00,2026-05-27 15:02:00,0,1,gen_20260922_200_30
202407003,专业资料室,3,静音研读间,04-24,2026-05-27 17:40:00,2026-05-27 19:25:00,0,1,gen_20260922_200_30
202301005,南苑分馆,3,静音研读间,10-21,2026-05-27 14:38:00,2026-05-27 17:20:00,0,1,gen_20260922_200_30
202301005,南苑分馆,3,三层开架区,03-14,2026-05-27 17:40:00,2026-05-27 21:40:00,1,1,gen_20260922_200_30
202101002,中心图书馆,2,静音研读间,17-22,2026-05-27 19:33:00,2026-05-27 22:29:00,0,1,gen_20260922_200_30
202101002,南苑分馆,1,报刊阅览室,30-23,2026-05-27 21:55:00,2026-05-27 22:30:00,0,1,gen_20260922_200_30
202304004,中心图书馆,2,报刊阅览室,31-18,2026-05-27 17:40:00,2026-05-27 20:22:00,1,1,gen_20260922_200_30
202304004,南苑分馆,4,三层开架区,04-21,2026-05-27 21:55:00,2026-05-27 22:30:00,0,1,gen_20260922_200_30
202108001,南苑分馆,4,三层开架区,19-18,2026-05-27 15:22:00,2026-05-27 15:52:00,0,1,gen_20260922_200_30
202301006,中心图书馆,3,一号自习区,15-22,2026-05-27 16:09:00,2026-05-27 17:40:00,0,1,gen_20260922_200_30
202301006,专业资料室,2,报刊阅览室,32-09,2026-05-27 20:38:00,2026-05-27 21:57:00,0,1,gen_20260922_200_30
202303007,南苑分馆,4,静音研读间,19-24,2026-05-27 15:51:00,2026-05-27 19:51:00,1,1,gen_20260922_200_30
202303007,中心图书馆,3,电子阅览区,30-14,2026-05-27 20:21:00,2026-05-27 22:29:00,0,1,gen_20260922_200_30
202303008,专业资料室,4,电子阅览区,32-07,2026-05-27 15:34:00,2026-05-27 16:39:00,0,1,gen_20260922_200_30
202201013,专业资料室,3,电子阅览区,06-17,2026-05-27 13:42:00,2026-05-27 15:33:00,0,1,gen_20260922_200_30
202201013,专业资料室,5,三层开架区,32-08,2026-05-27 17:40:00,2026-05-27 21:40:00,1,1,gen_20260922_200_30
202403004,南苑分馆,5,报刊阅览室,11-11,2026-05-27 17:40:00,2026-05-27 18:13:00,0,1,gen_20260922_200_30
202403004,中心图书馆,3,二号自习区,10-04,2026-05-27 18:38:00,2026-05-27 19:28:00,0,1,gen_20260922_200_30
202403005,中心图书馆,4,一号自习区,03-14,2026-05-27 17:40:00,2026-05-27 19:13:00,0,1,gen_20260922_200_30
202403005,专业资料室,3,三层开架区,37-19,2026-05-27 20:15:00,2026-05-27 21:27:00,0,1,gen_20260922_200_30
202401005,中心图书馆,3,三层开架区,18-11,2026-05-27 15:15:00,2026-05-27 15:52:00,0,1,gen_20260922_200_30
202206002,专业资料室,4,三层开架区,10-03,2026-05-27 20:06:00,2026-05-27 21:51:00,0,1,gen_20260922_200_30
202206002,中心图书馆,3,一号自习区,23-06,2026-05-27 21:55:00,2026-05-27 22:30:00,0,1,gen_20260922_200_30
202203003,中心图书馆,1,二号自习区,29-21,2026-05-27 18:45:00,2026-05-27 21:01:00,0,1,gen_20260922_200_30
202203003,南苑分馆,3,二号自习区,24-19,2026-05-27 21:37:00,2026-05-27 22:29:00,0,1,gen_20260922_200_30
202201014,中心图书馆,5,三层开架区,19-13,2026-05-27 19:06:00,2026-05-27 19:55:00,0,1,gen_20260922_200_30
202202003,南苑分馆,4,报刊阅览室,05-01,2026-05-27 09:52:00,2026-05-27 11:57:00,0,1,gen_20260922_200_30
202203004,专业资料室,5,电子阅览区,32-09,2026-05-27 14:43:00,2026-05-27 16:56:00,0,1,gen_20260922_200_30
202203004,专业资料室,5,报刊阅览室,22-23,2026-05-27 20:25:00,2026-05-27 22:29:00,0,1,gen_20260922_200_30
202205003,专业资料室,2,一号自习区,02-17,2026-05-27 17:40:00,2026-05-27 19:39:00,0,1,gen_20260922_200_30
202205003,专业资料室,2,一号自习区,29-22,2026-05-27 19:48:00,2026-05-27 21:41:00,0,1,gen_20260922_200_30
202401006,专业资料室,4,二号自习区,22-04,2026-05-27 16:53:00,2026-05-27 19:34:00,1,1,gen_20260922_200_30
202401006,中心图书馆,1,二号自习区,13-23,2026-05-27 21:31:00,2026-05-27 22:29:00,0,1,gen_20260922_200_30
202201015,专业资料室,5,静音研读间,23-21,2026-05-27 16:46:00,2026-05-27 19:14:00,1,1,gen_20260922_200_30
202201015,中心图书馆,5,一号自习区,09-01,2026-05-27 19:57:00,2026-05-27 22:29:00,0,1,gen_20260922_200_30
202307004,南苑分馆,3,电子阅览区,05-01,2026-05-27 17:40:00,2026-05-27 19:58:00,1,1,gen_20260922_200_30
202307004,南苑分馆,4,一号自习区,39-22,2026-05-27 20:43:00,2026-05-27 22:29:00,0,1,gen_20260922_200_30
202208002,南苑分馆,4,静音研读间,04-10,2026-05-27 21:44:00,2026-05-27 22:15:00,0,1,gen_20260922_200_30
202406001,中心图书馆,4,三层开架区,39-03,2026-05-27 19:36:00,2026-05-27 20:15:00,0,1,gen_20260922_200_30
202406001,南苑分馆,1,静音研读间,15-21,2026-05-27 21:04:00,2026-05-27 21:43:00,0,1,gen_20260922_200_30
202106001,南苑分馆,5,三层开架区,36-01,2026-05-27 18:41:00,2026-05-27 20:32:00,0,1,gen_20260922_200_30
202204004,南苑分馆,5,三层开架区,33-13,2026-05-27 18:43:00,2026-05-27 22:29:00,0,1,gen_20260922_200_30
202101003,中心图书馆,3,三层开架区,07-02,2026-05-27 14:48:00,2026-05-27 16:17:00,0,1,gen_20260922_200_30
202101003,南苑分馆,5,一号自习区,21-13,2026-05-27 17:40:00,2026-05-27 18:45:00,0,1,gen_20260922_200_30
202403006,专业资料室,1,二号自习区,33-15,2026-05-27 13:43:00,2026-05-27 17:43:00,1,1,gen_20260922_200_30
202403006,专业资料室,5,三层开架区,26-06,2026-05-27 18:05:00,2026-05-27 20:05:00,1,1,gen_20260922_200_30
202103001,中心图书馆,3,二号自习区,11-16,2026-05-27 20:21:00,2026-05-27 20:51:00,0,1,gen_20260922_200_30
202303009,中心图书馆,3,二号自习区,36-08,2026-05-27 14:52:00,2026-05-27 18:46:00,1,1,gen_20260922_200_30
202303009,南苑分馆,3,报刊阅览室,18-16,2026-05-27 19:50:00,2026-05-27 21:16:00,0,1,gen_20260922_200_30
202108002,中心图书馆,1,报刊阅览室,08-07,2026-05-27 15:24:00,2026-05-27 16:54:00,0,1,gen_20260922_200_30
202403007,中心图书馆,1,一号自习区,14-01,2026-05-27 15:21:00,2026-05-27 16:18:00,0,1,gen_20260922_200_30
202203005,南苑分馆,3,静音研读间,18-16,2026-05-27 15:15:00,2026-05-27 18:56:00,1,1,gen_20260922_200_30
202203005,专业资料室,2,报刊阅览室,20-12,2026-05-27 19:56:00,2026-05-27 21:04:00,0,1,gen_20260922_200_30
202305001,专业资料室,2,三层开架区,27-09,2026-05-27 18:44:00,2026-05-27 19:39:00,0,1,gen_20260922_200_30
202303010,中心图书馆,5,一号自习区,15-15,2026-05-27 14:29:00,2026-05-27 17:46:00,1,1,gen_20260922_200_30
202303010,南苑分馆,1,二号自习区,01-14,2026-05-27 18:21:00,2026-05-27 19:39:00,0,1,gen_20260922_200_30
202105001,南苑分馆,5,静音研读间,37-09,2026-05-27 17:40:00,2026-05-27 21:04:00,1,1,gen_20260922_200_30
202105001,专业资料室,1,三层开架区,20-03,2026-05-27 21:36:00,2026-05-27 22:29:00,0,1,gen_20260922_200_30
202205004,专业资料室,4,报刊阅览室,38-06,2026-05-27 21:11:00,2026-05-27 22:29:00,0,1,gen_20260922_200_30
202205005,南苑分馆,4,二号自习区,17-14,2026-05-27 14:48:00,2026-05-27 15:23:00,0,1,gen_20260922_200_30
202201016,南苑分馆,4,一号自习区,32-21,2026-05-27 17:40:00,2026-05-27 19:14:00,0,1,gen_20260922_200_30
202201016,南苑分馆,1,电子阅览区,13-08,2026-05-27 19:42:00,2026-05-27 21:04:00,0,1,gen_20260922_200_30
202206003,专业资料室,3,电子阅览区,10-23,2026-05-27 18:27:00,2026-05-27 19:34:00,0,1,gen_20260922_200_30
202206003,中心图书馆,2,电子阅览区,07-19,2026-05-27 20:04:00,2026-05-27 22:16:00,0,1,gen_20260922_200_30
202107002,专业资料室,2,静音研读间,13-02,2026-05-27 09:06:00,2026-05-27 10:50:00,0,1,gen_20260922_200_30
202303011,专业资料室,5,二号自习区,33-05,2026-05-27 13:32:00,2026-05-27 17:32:00,1,1,gen_20260922_200_30
202402003,南苑分馆,5,报刊阅览室,12-13,2026-05-27 17:06:00,2026-05-27 19:54:00,1,1,gen_20260922_200_30
202402003,专业资料室,2,一号自习区,33-20,2026-05-27 20:23:00,2026-05-27 21:41:00,0,1,gen_20260922_200_30
202204005,中心图书馆,1,报刊阅览室,11-19,2026-05-27 13:26:00,2026-05-27 17:26:00,0,1,gen_20260922_200_30
202204005,南苑分馆,3,报刊阅览室,22-12,2026-05-27 17:40:00,2026-05-27 19:20:00,0,1,gen_20260922_200_30
202102003,专业资料室,3,报刊阅览室,22-09,2026-05-27 14:56:00,2026-05-27 18:46:00,1,1,gen_20260922_200_30
202102003,专业资料室,4,报刊阅览室,34-05,2026-05-27 21:13:00,2026-05-27 22:29:00,0,1,gen_20260922_200_30
202104003,南苑分馆,3,电子阅览区,31-19,2026-05-27 17:40:00,2026-05-27 18:39:00,0,1,gen_20260922_200_30
202104003,中心图书馆,2,三层开架区,03-16,2026-05-27 20:01:00,2026-05-27 21:52:00,0,1,gen_20260922_200_30
202301007,中心图书馆,3,三层开架区,24-01,2026-05-27 15:25:00,2026-05-27 16:00:00,0,1,gen_20260922_200_30
202301007,中心图书馆,4,报刊阅览室,01-08,2026-05-27 17:40:00,2026-05-27 19:32:00,0,1,gen_20260922_200_30
202102004,专业资料室,2,一号自习区,39-08,2026-05-27 11:14:00,2026-05-27 12:54:00,0,1,gen_20260922_200_30
202402004,中心图书馆,3,静音研读间,03-08,2026-05-27 16:43:00,2026-05-27 18:54:00,1,1,gen_20260922_200_30
202402004,中心图书馆,4,一号自习区,26-02,2026-05-27 20:53:00,2026-05-27 22:29:00,0,1,gen_20260922_200_30
202203006,南苑分馆,5,三层开架区,18-06,2026-05-27 15:43:00,2026-05-27 17:06:00,0,1,gen_20260922_200_30
202201017,中心图书馆,4,一号自习区,17-15,2026-05-27 15:47:00,2026-05-27 16:26:00,0,1,gen_20260922_200_30
202205006,南苑分馆,1,一号自习区,13-07,2026-05-27 14:17:00,2026-05-27 15:35:00,0,1,gen_20260922_200_30
202402005,南苑分馆,2,静音研读间,17-17,2026-05-27 16:09:00,2026-05-27 19:29:00,1,1,gen_20260922_200_30
202402005,中心图书馆,4,二号自习区,30-23,2026-05-27 20:17:00,2026-05-27 22:29:00,0,1,gen_20260922_200_30
202306005,中心图书馆,2,一号自习区,21-13,2026-05-27 10:03:00,2026-05-27 14:03:00,1,1,gen_20260922_200_30
202402006,南苑分馆,2,二号自习区,33-02,2026-05-27 20:09:00,2026-05-27 21:18:00,0,1,gen_20260922_200_30
202402006,专业资料室,5,电子阅览区,02-05,2026-05-27 21:55:00,2026-05-27 22:30:00,0,1,gen_20260922_200_30
202405002,南苑分馆,4,一号自习区,38-11,2026-05-27 15:55:00,2026-05-27 19:55:00,1,1,gen_20260922_200_30
202405002,南苑分馆,2,二号自习区,26-19,2026-05-27 20:32:00,2026-05-27 21:45:00,0,1,gen_20260922_200_30
202403008,南苑分馆,2,三层开架区,30-01,2026-05-27 13:56:00,2026-05-27 14:26:00,0,1,gen_20260922_200_30
202301008,专业资料室,3,静音研读间,04-09,2026-05-27 09:25:00,2026-05-27 13:25:00,1,1,gen_20260922_200_30
202106002,南苑分馆,4,二号自习区,31-12,2026-05-27 15:54:00,2026-05-27 16:37:00,0,1,gen_20260922_200_30
202106002,南苑分馆,3,静音研读间,02-18,2026-05-27 19:00:00,2026-05-27 22:29:00,0,1,gen_20260922_200_30
202402007,中心图书馆,4,静音研读间,11-08,2026-05-27 17:40:00,2026-05-27 18:24:00,0,1,gen_20260922_200_30
202402007,南苑分馆,3,静音研读间,18-06,2026-05-27 20:03:00,2026-05-27 22:29:00,0,1,gen_20260922_200_30
202201018,中心图书馆,3,一号自习区,25-11,2026-05-27 19:08:00,2026-05-27 20:48:00,0,1,gen_20260922_200_30
202204006,南苑分馆,3,一号自习区,16-01,2026-05-27 14:51:00,2026-05-27 16:56:00,0,1,gen_20260922_200_30
202403009,南苑分馆,4,电子阅览区,27-23,2026-05-27 14:02:00,2026-05-27 15:29:00,0,1,gen_20260922_200_30
202403009,专业资料室,5,报刊阅览室,38-16,2026-05-27 18:38:00,2026-05-27 20:43:00,1,1,gen_20260922_200_30
202202005,中心图书馆,5,报刊阅览室,04-17,2026-05-27 15:08:00,2026-05-27 19:08:00,1,1,gen_20260922_200_30
202202005,专业资料室,3,静音研读间,05-06,2026-05-27 19:56:00,2026-05-27 21:27:00,0,1,gen_20260922_200_30
202108003,专业资料室,3,一号自习区,04-23,2026-05-27 21:17:00,2026-05-27 21:58:00,0,1,gen_20260922_200_30
202402008,南苑分馆,5,报刊阅览室,12-24,2026-05-27 19:55:00,2026-05-27 20:38:00,0,1,gen_20260922_200_30
202403010,专业资料室,4,报刊阅览室,28-01,2026-05-27 13:31:00,2026-05-27 17:31:00,1,1,gen_20260922_200_30
202403010,南苑分馆,5,三层开架区,29-06,2026-05-27 17:40:00,2026-05-27 20:44:00,1,1,gen_20260922_200_30
202403011,南苑分馆,5,静音研读间,34-14,2026-05-27 15:29:00,2026-05-27 16:34:00,0,1,gen_20260922_200_30
202403012,中心图书馆,3,三层开架区,17-12,2026-05-27 21:31:00,2026-05-27 22:24:00,0,1,gen_20260922_200_30
202301009,南苑分馆,1,一号自习区,20-11,2026-05-27 13:28:00,2026-05-27 17:28:00,0,1,gen_20260922_200_30
202204007,中心图书馆,3,静音研读间,02-13,2026-05-27 15:05:00,2026-05-27 19:05:00,1,1,gen_20260922_200_30
202204007,中心图书馆,3,三层开架区,21-13,2026-05-27 19:45:00,2026-05-27 22:29:00,0,1,gen_20260922_200_30
202207002,南苑分馆,4,电子阅览区,10-21,2026-05-27 14:49:00,2026-05-27 17:21:00,0,1,gen_20260922_200_30
202207002,中心图书馆,5,二号自习区,28-12,2026-05-27 20:53:00,2026-05-27 22:29:00,0,1,gen_20260922_200_30
202207003,南苑分馆,2,电子阅览区,37-21,2026-05-27 11:34:00,2026-05-27 14:23:00,1,1,gen_20260922_200_30
202207003,专业资料室,5,一号自习区,38-13,2026-05-27 21:28:00,2026-05-27 22:29:00,0,1,gen_20260922_200_30
202201019,南苑分馆,5,报刊阅览室,21-08,2026-05-27 15:05:00,2026-05-27 17:16:00,0,1,gen_20260922_200_30
202201019,专业资料室,1,电子阅览区,32-01,2026-05-27 18:08:00,2026-05-27 20:42:00,1,1,gen_20260922_200_30
202201020,专业资料室,2,三层开架区,04-04,2026-05-27 20:20:00,2026-05-27 22:29:00,0,1,gen_20260922_200_30
202201020,中心图书馆,3,二号自习区,30-02,2026-05-27 21:55:00,2026-05-27 22:30:00,0,1,gen_20260922_200_30
202402009,南苑分馆,2,静音研读间,14-20,2026-05-27 13:32:00,2026-05-27 17:32:00,1,1,gen_20260922_200_30
202402009,南苑分馆,4,一号自习区,10-17,2026-05-27 19:16:00,2026-05-27 22:29:00,0,1,gen_20260922_200_30
202401007,中心图书馆,1,一号自习区,15-17,2026-05-27 14:11:00,2026-05-27 15:04:00,0,1,gen_20260922_200_30
202401007,中心图书馆,3,电子阅览区,10-22,2026-05-27 17:40:00,2026-05-27 18:31:00,0,1,gen_20260922_200_30
202202006,中心图书馆,3,一号自习区,12-16,2026-05-27 20:46:00,2026-05-27 22:14:00,0,1,gen_20260922_200_30
202304005,中心图书馆,5,电子阅览区,01-18,2026-05-27 14:21:00,2026-05-27 18:21:00,1,1,gen_20260922_200_30
202304005,南苑分馆,2,静音研读间,08-13,2026-05-27 19:09:00,2026-05-27 22:28:00,0,1,gen_20260922_200_30
202408002,中心图书馆,2,二号自习区,11-05,2026-05-27 14:29:00,2026-05-27 15:29:00,0,1,gen_20260922_200_30
202306006,南苑分馆,2,静音研读间,19-04,2026-05-27 20:44:00,2026-05-27 22:29:00,0,1,gen_20260922_200_30
202105002,南苑分馆,3,报刊阅览室,01-18,2026-05-27 15:20:00,2026-05-27 17:17:00,0,1,gen_20260922_200_30
202105002,南苑分馆,2,静音研读间,19-13,2026-05-27 20:03:00,2026-05-27 21:22:00,0,1,gen_20260922_200_30
202304006,中心图书馆,1,一号自习区,38-08,2026-05-27 13:18:00,2026-05-27 13:57:00,0,1,gen_20260922_200_30
202201021,南苑分馆,2,静音研读间,14-23,2026-05-27 17:40:00,2026-05-27 19:29:00,0,1,gen_20260922_200_30
202201021,南苑分馆,2,静音研读间,25-12,2026-05-27 19:47:00,2026-05-27 21:38:00,0,1,gen_20260922_200_30
202302007,中心图书馆,1,静音研读间,22-13,2026-05-27 14:17:00,2026-05-27 14:55:00,0,1,gen_20260922_200_30
202302007,中心图书馆,1,一号自习区,19-07,2026-05-27 21:54:00,2026-05-27 22:29:00,0,1,gen_20260922_200_30
202406003,中心图书馆,5,电子阅览区,28-08,2026-05-27 14:48:00,2026-05-27 18:33:00,1,1,gen_20260922_200_30
202406003,南苑分馆,4,报刊阅览室,26-04,2026-05-27 20:42:00,2026-05-27 22:29:00,0,1,gen_20260922_200_30
202303013,专业资料室,2,电子阅览区,22-09,2026-05-27 15:33:00,2026-05-27 17:27:00,0,1,gen_20260922_200_30
202303013,专业资料室,2,静音研读间,20-12,2026-05-27 17:40:00,2026-05-27 19:18:00,0,1,gen_20260922_200_30
202401008,中心图书馆,2,三层开架区,22-01,2026-05-27 15:55:00,2026-05-27 17:17:00,0,1,gen_20260922_200_30
202304007,中心图书馆,2,报刊阅览室,33-20,2026-05-27 19:36:00,2026-05-27 22:29:00,0,1,gen_20260922_200_30
202304007,南苑分馆,1,三层开架区,08-23,2026-05-27 21:55:00,2026-05-27 22:30:00,0,1,gen_20260922_200_30
202406004,南苑分馆,4,静音研读间,04-02,2026-05-27 15:46:00,2026-05-27 17:40:00,0,1,gen_20260922_200_30
202204008,南苑分馆,4,二号自习区,14-02,2026-05-27 19:28:00,2026-05-27 21:03:00,0,1,gen_20260922_200_30
202206004,专业资料室,1,三层开架区,12-24,2026-05-27 20:32:00,2026-05-27 21:20:00,0,1,gen_20260922_200_30
202407004,南苑分馆,2,一号自习区,37-13,2026-05-27 10:22:00,2026-05-27 13:13:00,1,1,gen_20260922_200_30
202407004,南苑分馆,5,二号自习区,33-08,2026-05-27 17:40:00,2026-05-27 20:27:00,1,1,gen_20260922_200_30
202108004,中心图书馆,3,二号自习区,20-21,2026-05-27 14:46:00,2026-05-27 16:15:00,0,1,gen_20260922_200_30
202108004,专业资料室,2,三层开架区,29-01,2026-05-27 17:40:00,2026-05-27 18:47:00,0,1,gen_20260922_200_30
202205007,南苑分馆,2,一号自习区,28-08,2026-05-27 17:43:00,2026-05-27 20:37:00,1,1,gen_20260922_200_30
202205007,专业资料室,5,二号自习区,29-20,2026-05-27 20:41:00,2026-05-27 22:18:00,0,1,gen_20260922_200_30
202402010,南苑分馆,5,静音研读间,01-07,2026-05-27 13:41:00,2026-05-27 15:06:00,0,1,gen_20260922_200_30
202402010,专业资料室,2,报刊阅览室,19-13,2026-05-27 21:05:00,2026-05-27 22:29:00,0,1,gen_20260922_200_30
202301010,中心图书馆,5,静音研读间,23-15,2026-05-27 13:46:00,2026-05-27 17:46:00,1,1,gen_20260922_200_30
202301010,专业资料室,4,电子阅览区,38-06,2026-05-27 20:13:00,2026-05-27 22:29:00,0,1,gen_20260922_200_30
202402011,专业资料室,3,一号自习区,38-12,2026-05-27 10:38:00,2026-05-27 13:56:00,1,1,gen_20260922_200_30
202402011,专业资料室,4,二号自习区,21-07,2026-05-27 20:14:00,2026-05-27 22:07:00,0,1,gen_20260922_200_30
202408003,专业资料室,5,报刊阅览室,25-16,2026-05-27 15:09:00,2026-05-27 16:22:00,0,1,gen_20260922_200_30
202408003,南苑分馆,3,静音研读间,04-23,2026-05-27 17:40:00,2026-05-27 21:31:00,1,1,gen_20260922_200_30
202401009,专业资料室,4,三层开架区,09-14,2026-05-27 16:53:00,2026-05-27 19:24:00,1,1,gen_20260922_200_30
202203009,专业资料室,1,二号自习区,04-01,2026-05-27 10:33:00,2026-05-27 11:27:00,0,1,gen_20260922_200_30
202108006,专业资料室,4,三层开架区,36-17,2026-05-27 09:26:00,2026-05-27 09:57:00,0,1,gen_20260922_200_30
202203010,中心图书馆,2,报刊阅览室,13-16,2026-05-27 12:22:00,2026-05-27 13:10:00,0,1,gen_20260922_200_30
202203010,专业资料室,1,静音研读间,12-03,2026-05-27 18:54:00,2026-05-27 22:29:00,0,1,gen_20260922_200_30
202303014,专业资料室,2,二号自习区,09-11,2026-05-27 19:25:00,2026-05-27 22:12:00,0,1,gen_20260922_200_30
202101006,南苑分馆,1,静音研读间,28-14,2026-05-27 20:03:00,2026-05-27 22:02:00,0,1,gen_20260922_200_30
202101006,南苑分馆,5,静音研读间,38-16,2026-05-27 21:55:00,2026-05-27 22:30:00,0,1,gen_20260922_200_30
202306008,南苑分馆,1,二号自习区,20-11,2026-05-27 18:09:00,2026-05-27 20:12:00,1,1,gen_20260922_200_30
202302008,专业资料室,3,静音研读间,22-21,2026-05-27 16:03:00,2026-05-27 17:50:00,0,1,gen_20260922_200_30
202304010,专业资料室,3,三层开架区,17-12,2026-05-27 15:41:00,2026-05-27 18:01:00,1,1,gen_20260922_200_30
202203011,中心图书馆,2,静音研读间,23-09,2026-05-27 14:38:00,2026-05-27 17:37:00,1,1,gen_20260922_200_30
202201022,专业资料室,2,静音研读间,32-13,2026-05-27 16:33:00,2026-05-27 19:04:00,1,1,gen_20260922_200_30
202201022,南苑分馆,5,静音研读间,30-02,2026-05-27 20:05:00,2026-05-27 22:29:00,0,1,gen_20260922_200_30
202101003,南苑分馆,5,一号自习区,21-13,2026-05-27 17:40:00,2026-05-27 17:10:00,0,0,gen_20260922_200_30
202201013,专业资料室,3,电子阅览区,06-17,2026-05-27 13:42:00,2026-05-30 00:15:00,0,0,gen_20260922_200_30
202402003,南苑分馆,5,报刊阅览室,12-13,2026-05-27 17:06:00,2026-05-30 03:14:00,1,0,gen_20260922_200_30
202201006,专业资料室,3,电子阅览区,16-07,2026-05-27 13:52:00,2026-05-27 12:40:00,0,0,gen_20260922_200_30
202405002,南苑分馆,4,一号自习区,38-11,2026-05-27 15:55:00,2026-05-30 23:26:00,1,0,gen_20260922_200_30
202203001,中心图书馆,1,三层开架区,28-07,2026-05-28 14:07:00,2026-05-28 15:33:00,0,1,gen_20260922_200_30
202203001,南苑分馆,4,一号自习区,24-04,2026-05-28 17:40:00,2026-05-28 18:38:00,0,1,gen_20260922_200_30
202301001,中心图书馆,1,电子阅览区,15-14,2026-05-28 17:40:00,2026-05-28 19:52:00,1,1,gen_20260922_200_30
202301001,专业资料室,2,静音研读间,02-14,2026-05-28 20:31:00,2026-05-28 21:28:00,0,1,gen_20260922_200_30
202308001,中心图书馆,3,静音研读间,07-10,2026-05-28 15:17:00,2026-05-28 17:18:00,0,1,gen_20260922_200_30
202302001,中心图书馆,2,静音研读间,33-07,2026-05-28 13:53:00,2026-05-28 14:23:00,0,1,gen_20260922_200_30
202202001,中心图书馆,4,电子阅览区,34-11,2026-05-28 15:36:00,2026-05-28 19:36:00,1,1,gen_20260922_200_30
202102002,中心图书馆,4,电子阅览区,38-24,2026-05-28 15:30:00,2026-05-28 19:16:00,1,1,gen_20260922_200_30
202102002,中心图书馆,2,二号自习区,04-05,2026-05-28 19:53:00,2026-05-28 22:29:00,0,1,gen_20260922_200_30
202104001,中心图书馆,1,三层开架区,02-14,2026-05-28 15:41:00,2026-05-28 16:11:00,0,1,gen_20260922_200_30
202302002,中心图书馆,3,静音研读间,24-14,2026-05-28 17:40:00,2026-05-28 20:17:00,1,1,gen_20260922_200_30
202302002,南苑分馆,4,一号自习区,09-18,2026-05-28 21:06:00,2026-05-28 22:27:00,0,1,gen_20260922_200_30
202201001,专业资料室,5,静音研读间,04-18,2026-05-28 16:45:00,2026-05-28 17:22:00,0,1,gen_20260922_200_30
202201001,专业资料室,4,电子阅览区,02-14,2026-05-28 17:40:00,2026-05-28 20:03:00,1,1,gen_20260922_200_30
202201002,专业资料室,2,二号自习区,16-06,2026-05-28 15:51:00,2026-05-28 18:47:00,1,1,gen_20260922_200_30
202303001,南苑分馆,2,三层开架区,03-20,2026-05-28 18:02:00,2026-05-28 20:04:00,1,1,gen_20260922_200_30
202303001,南苑分馆,1,报刊阅览室,36-03,2026-05-28 20:36:00,2026-05-28 22:29:00,0,1,gen_20260922_200_30
202401001,专业资料室,4,电子阅览区,05-13,2026-05-28 18:53:00,2026-05-28 19:25:00,0,1,gen_20260922_200_30
202407001,专业资料室,1,二号自习区,29-19,2026-05-28 14:14:00,2026-05-28 18:14:00,1,1,gen_20260922_200_30
202407001,中心图书馆,3,电子阅览区,30-22,2026-05-28 19:04:00,2026-05-28 20:34:00,0,1,gen_20260922_200_30
202201003,中心图书馆,3,一号自习区,32-15,2026-05-28 17:40:00,2026-05-28 21:08:00,1,1,gen_20260922_200_30
202201003,专业资料室,5,二号自习区,36-01,2026-05-28 21:55:00,2026-05-28 22:30:00,0,1,gen_20260922_200_30
202201004,中心图书馆,2,电子阅览区,06-17,2026-05-28 14:56:00,2026-05-28 15:28:00,0,1,gen_20260922_200_30
202104002,专业资料室,2,一号自习区,16-09,2026-05-28 14:44:00,2026-05-28 16:31:00,0,1,gen_20260922_200_30
202307001,专业资料室,4,静音研读间,29-07,2026-05-28 20:03:00,2026-05-28 22:29:00,0,1,gen_20260922_200_30
202307001,中心图书馆,5,二号自习区,33-08,2026-05-28 21:55:00,2026-05-28 22:30:00,0,1,gen_20260922_200_30
202402001,中心图书馆,2,报刊阅览室,08-10,2026-05-28 13:34:00,2026-05-28 14:24:00,0,1,gen_20260922_200_30
202402001,中心图书馆,4,静音研读间,34-20,2026-05-28 17:40:00,2026-05-28 19:57:00,1,1,gen_20260922_200_30
202303003,专业资料室,2,二号自习区,12-08,2026-05-28 13:49:00,2026-05-28 15:13:00,0,1,gen_20260922_200_30
202303003,中心图书馆,1,一号自习区,31-10,2026-05-28 17:40:00,2026-05-28 19:19:00,0,1,gen_20260922_200_30
202201005,专业资料室,5,一号自习区,07-20,2026-05-28 14:12:00,2026-05-28 15:38:00,0,1,gen_20260922_200_30
202201005,专业资料室,3,电子阅览区,23-01,2026-05-28 17:40:00,2026-05-28 19:18:00,0,1,gen_20260922_200_30
202201006,中心图书馆,1,三层开架区,05-20,2026-05-28 14:44:00,2026-05-28 16:10:00,0,1,gen_20260922_200_30
202201006,中心图书馆,2,三层开架区,28-05,2026-05-28 17:40:00,2026-05-28 20:21:00,1,1,gen_20260922_200_30
202303004,专业资料室,5,报刊阅览室,36-19,2026-05-28 14:10:00,2026-05-28 15:10:00,0,1,gen_20260922_200_30
202402002,中心图书馆,3,静音研读间,20-05,2026-05-28 13:55:00,2026-05-28 15:20:00,0,1,gen_20260922_200_30
202303005,南苑分馆,2,一号自习区,22-23,2026-05-28 16:34:00,2026-05-28 17:27:00,0,1,gen_20260922_200_30
202303005,南苑分馆,3,静音研读间,14-12,2026-05-28 17:40:00,2026-05-28 20:46:00,1,1,gen_20260922_200_30
202301002,中心图书馆,1,电子阅览区,12-15,2026-05-28 13:32:00,2026-05-28 15:51:00,0,1,gen_20260922_200_30
202404001,南苑分馆,2,报刊阅览室,06-04,2026-05-28 14:22:00,2026-05-28 18:22:00,1,1,gen_20260922_200_30
202407002,专业资料室,4,静音研读间,06-15,2026-05-28 14:46:00,2026-05-28 15:59:00,0,1,gen_20260922_200_30
202201007,中心图书馆,3,静音研读间,31-06,2026-05-28 20:43:00,2026-05-28 21:13:00,0,1,gen_20260922_200_30
202306002,南苑分馆,2,二号自习区,38-15,2026-05-28 08:53:00,2026-05-28 11:58:00,0,1,gen_20260922_200_30
202306002,南苑分馆,2,三层开架区,04-24,2026-05-28 17:40:00,2026-05-28 20:11:00,1,1,gen_20260922_200_30
202308002,中心图书馆,5,电子阅览区,17-04,2026-05-28 14:36:00,2026-05-28 18:04:00,1,1,gen_20260922_200_30
202302004,南苑分馆,2,一号自习区,03-23,2026-05-28 15:07:00,2026-05-28 19:07:00,1,1,gen_20260922_200_30
202302004,中心图书馆,1,电子阅览区,14-04,2026-05-28 19:58:00,2026-05-28 21:42:00,0,1,gen_20260922_200_30
202201008,专业资料室,1,三层开架区,09-06,2026-05-28 20:04:00,2026-05-28 20:39:00,0,1,gen_20260922_200_30
202302005,南苑分馆,3,二号自习区,22-13,2026-05-28 20:37:00,2026-05-28 21:07:00,0,1,gen_20260922_200_30
202302005,专业资料室,4,三层开架区,11-19,2026-05-28 21:30:00,2026-05-28 22:29:00,0,1,gen_20260922_200_30
202206001,专业资料室,2,静音研读间,25-04,2026-05-28 13:48:00,2026-05-28 17:48:00,1,1,gen_20260922_200_30
202206001,南苑分馆,1,一号自习区,26-10,2026-05-28 18:45:00,2026-05-28 22:29:00,0,1,gen_20260922_200_30
202302006,专业资料室,4,静音研读间,08-16,2026-05-28 17:40:00,2026-05-28 21:40:00,1,1,gen_20260922_200_30
202302006,中心图书馆,5,报刊阅览室,05-13,2026-05-28 21:55:00,2026-05-28 22:30:00,0,1,gen_20260922_200_30
202403001,南苑分馆,2,三层开架区,23-22,2026-05-28 17:40:00,2026-05-28 18:45:00,0,1,gen_20260922_200_30
202403001,中心图书馆,3,二号自习区,33-09,2026-05-28 20:06:00,2026-05-28 22:29:00,0,1,gen_20260922_200_30
202204001,中心图书馆,3,电子阅览区,03-01,2026-05-28 17:40:00,2026-05-28 21:40:00,1,1,gen_20260922_200_30
202204001,南苑分馆,5,三层开架区,08-02,2026-05-28 21:55:00,2026-05-28 22:30:00,0,1,gen_20260922_200_30
202403002,南苑分馆,3,二号自习区,15-18,2026-05-28 20:00:00,2026-05-28 21:06:00,0,1,gen_20260922_200_30
202401003,专业资料室,2,三层开架区,13-03,2026-05-28 15:13:00,2026-05-28 18:48:00,1,1,gen_20260922_200_30
202401003,中心图书馆,4,电子阅览区,02-08,2026-05-28 18:59:00,2026-05-28 22:01:00,0,1,gen_20260922_200_30
202301003,中心图书馆,1,一号自习区,03-20,2026-05-28 20:31:00,2026-05-28 21:28:00,0,1,gen_20260922_200_30
202201009,专业资料室,1,三层开架区,21-06,2026-05-28 13:46:00,2026-05-28 17:46:00,1,1,gen_20260922_200_30
202201009,专业资料室,4,静音研读间,10-16,2026-05-28 18:46:00,2026-05-28 21:23:00,0,1,gen_20260922_200_30
202403003,中心图书馆,1,静音研读间,31-05,2026-05-28 13:52:00,2026-05-28 15:57:00,0,1,gen_20260922_200_30
202301004,中心图书馆,3,三层开架区,03-10,2026-05-28 21:22:00,2026-05-28 21:54:00,0,1,gen_20260922_200_30
202201010,中心图书馆,4,报刊阅览室,21-16,2026-05-28 19:59:00,2026-05-28 22:29:00,0,1,gen_20260922_200_30
202205001,南苑分馆,5,静音研读间,28-02,2026-05-28 13:34:00,2026-05-28 14:42:00,0,1,gen_20260922_200_30
202205001,南苑分馆,4,报刊阅览室,28-17,2026-05-28 17:40:00,2026-05-28 21:22:00,1,1,gen_20260922_200_30
202303006,南苑分馆,2,静音研读间,12-17,2026-05-28 19:31:00,2026-05-28 21:10:00,0,1,gen_20260922_200_30
202303006,中心图书馆,2,静音研读间,06-06,2026-05-28 21:53:00,2026-05-28 22:29:00,0,1,gen_20260922_200_30
202304002,中心图书馆,1,二号自习区,20-16,2026-05-28 15:04:00,2026-05-28 16:31:00,0,1,gen_20260922_200_30
202207001,中心图书馆,2,二号自习区,01-02,2026-05-28 14:55:00,2026-05-28 16:57:00,0,1,gen_20260922_200_30
202201011,南苑分馆,3,二号自习区,29-09,2026-05-28 16:32:00,2026-05-28 18:37:00,1,1,gen_20260922_200_30
202201011,专业资料室,2,三层开架区,35-20,2026-05-28 18:50:00,2026-05-28 21:27:00,0,1,gen_20260922_200_30
202306003,南苑分馆,1,报刊阅览室,32-20,2026-05-28 15:30:00,2026-05-28 16:19:00,0,1,gen_20260922_200_30
202306003,专业资料室,5,一号自习区,36-15,2026-05-28 17:40:00,2026-05-28 18:34:00,0,1,gen_20260922_200_30
202401004,南苑分馆,3,静音研读间,05-17,2026-05-28 20:05:00,2026-05-28 21:44:00,0,1,gen_20260922_200_30
202408001,专业资料室,2,一号自习区,20-08,2026-05-28 14:33:00,2026-05-28 15:22:00,0,1,gen_20260922_200_30
202408001,专业资料室,4,静音研读间,02-07,2026-05-28 17:40:00,2026-05-28 19:53:00,1,1,gen_20260922_200_30
202201012,中心图书馆,4,一号自习区,15-09,2026-05-28 21:21:00,2026-05-28 22:01:00,0,1,gen_20260922_200_30
202201012,南苑分馆,1,一号自习区,35-16,2026-05-28 21:55:00,2026-05-28 22:30:00,0,1,gen_20260922_200_30
202204003,中心图书馆,1,一号自习区,15-15,2026-05-28 16:03:00,2026-05-28 19:08:00,1,1,gen_20260922_200_30
202204003,专业资料室,2,二号自习区,19-07,2026-05-28 19:43:00,2026-05-28 20:31:00,0,1,gen_20260922_200_30
202205002,南苑分馆,1,电子阅览区,22-02,2026-05-28 07:30:00,2026-05-28 08:35:00,0,1,gen_20260922_200_30
202205002,专业资料室,1,一号自习区,09-18,2026-05-28 19:48:00,2026-05-28 22:29:00,0,1,gen_20260922_200_30
202407003,南苑分馆,5,三层开架区,30-06,2026-05-28 17:40:00,2026-05-28 20:48:00,1,1,gen_20260922_200_30
202407003,中心图书馆,3,静音研读间,25-23,2026-05-28 21:22:00,2026-05-28 22:29:00,0,1,gen_20260922_200_30
202301005,专业资料室,2,电子阅览区,21-08,2026-05-28 17:50:00,2026-05-28 19:17:00,0,1,gen_20260922_200_30
202301005,南苑分馆,5,一号自习区,34-10,2026-05-28 20:12:00,2026-05-28 22:29:00,0,1,gen_20260922_200_30
202101002,专业资料室,1,静音研读间,03-04,2026-05-28 19:05:00,2026-05-28 21:42:00,0,1,gen_20260922_200_30
202101002,中心图书馆,5,二号自习区,25-19,2026-05-28 21:55:00,2026-05-28 22:30:00,0,1,gen_20260922_200_30
202304004,中心图书馆,3,报刊阅览室,30-10,2026-05-28 17:23:00,2026-05-28 18:02:00,0,1,gen_20260922_200_30
202304004,中心图书馆,4,报刊阅览室,29-14,2026-05-28 20:55:00,2026-05-28 22:20:00,0,1,gen_20260922_200_30
202108001,专业资料室,3,电子阅览区,17-24,2026-05-28 15:43:00,2026-05-28 16:51:00,0,1,gen_20260922_200_30
202303007,中心图书馆,1,报刊阅览室,05-01,2026-05-28 16:43:00,2026-05-28 20:43:00,1,1,gen_20260922_200_30
202303007,南苑分馆,4,二号自习区,24-19,2026-05-28 21:42:00,2026-05-28 22:29:00,0,1,gen_20260922_200_30
202303008,南苑分馆,5,一号自习区,36-01,2026-05-28 20:51:00,2026-05-28 21:51:00,0,1,gen_20260922_200_30
202201013,中心图书馆,5,静音研读间,17-07,2026-05-28 15:24:00,2026-05-28 16:29:00,0,1,gen_20260922_200_30
202403004,专业资料室,5,二号自习区,07-16,2026-05-28 20:56:00,2026-05-28 22:07:00,0,1,gen_20260922_200_30
202401005,南苑分馆,1,二号自习区,17-22,2026-05-28 14:18:00,2026-05-28 15:40:00,0,1,gen_20260922_200_30
202401005,南苑分馆,1,静音研读间,07-16,2026-05-28 17:40:00,2026-05-28 20:27:00,1,1,gen_20260922_200_30
202206002,中心图书馆,4,一号自习区,28-11,2026-05-28 15:03:00,2026-05-28 18:16:00,1,1,gen_20260922_200_30
202308003,专业资料室,2,静音研读间,01-24,2026-05-28 14:51:00,2026-05-28 15:41:00,0,1,gen_20260922_200_30
202203003,中心图书馆,2,二号自习区,19-18,2026-05-28 14:21:00,2026-05-28 17:57:00,1,1,gen_20260922_200_30
202203003,中心图书馆,4,二号自习区,24-03,2026-05-28 18:53:00,2026-05-28 21:06:00,0,1,gen_20260922_200_30
202202003,中心图书馆,4,电子阅览区,19-02,2026-05-28 20:06:00,2026-05-28 22:29:00,0,1,gen_20260922_200_30
202205003,专业资料室,4,二号自习区,07-03,2026-05-28 13:28:00,2026-05-28 15:21:00,0,1,gen_20260922_200_30
202401006,中心图书馆,1,报刊阅览室,34-09,2026-05-28 19:28:00,2026-05-28 21:11:00,0,1,gen_20260922_200_30
202401006,专业资料室,3,二号自习区,19-23,2026-05-28 21:55:00,2026-05-28 22:30:00,0,1,gen_20260922_200_30
202201015,专业资料室,5,静音研读间,20-08,2026-05-28 17:40:00,2026-05-28 19:36:00,0,1,gen_20260922_200_30
202201015,南苑分馆,3,报刊阅览室,17-17,2026-05-28 20:16:00,2026-05-28 22:29:00,0,1,gen_20260922_200_30
202307004,中心图书馆,4,报刊阅览室,23-08,2026-05-28 16:12:00,2026-05-28 19:55:00,1,1,gen_20260922_200_30
202307004,南苑分馆,4,报刊阅览室,05-22,2026-05-28 20:49:00,2026-05-28 21:57:00,0,1,gen_20260922_200_30
202208002,南苑分馆,4,二号自习区,22-10,2026-05-28 19:28:00,2026-05-28 22:29:00,0,1,gen_20260922_200_30
202106001,中心图书馆,3,一号自习区,13-04,2026-05-28 15:11:00,2026-05-28 16:36:00,0,1,gen_20260922_200_30
202106001,南苑分馆,5,二号自习区,28-17,2026-05-28 17:40:00,2026-05-28 18:32:00,0,1,gen_20260922_200_30
202204004,中心图书馆,3,二号自习区,03-23,2026-05-28 18:42:00,2026-05-28 21:57:00,0,1,gen_20260922_200_30
202406002,南苑分馆,3,报刊阅览室,36-02,2026-05-28 08:39:00,2026-05-28 09:53:00,0,1,gen_20260922_200_30
202101003,专业资料室,2,电子阅览区,10-16,2026-05-28 17:41:00,2026-05-28 18:43:00,0,1,gen_20260922_200_30
202403006,专业资料室,1,报刊阅览室,15-02,2026-05-28 13:10:00,2026-05-28 15:43:00,0,1,gen_20260922_200_30
202403006,专业资料室,5,静音研读间,02-18,2026-05-28 19:28:00,2026-05-28 22:06:00,0,1,gen_20260922_200_30
202103001,中心图书馆,2,一号自习区,05-12,2026-05-28 18:49:00,2026-05-28 20:06:00,0,1,gen_20260922_200_30
202303009,专业资料室,3,二号自习区,15-20,2026-05-28 15:10:00,2026-05-28 19:10:00,1,1,gen_20260922_200_30
202303009,南苑分馆,4,三层开架区,36-06,2026-05-28 20:16:00,2026-05-28 21:49:00,0,1,gen_20260922_200_30
202108002,南苑分馆,3,静音研读间,26-10,2026-05-28 20:28:00,2026-05-28 22:29:00,0,1,gen_20260922_200_30
202403007,中心图书馆,1,报刊阅览室,39-18,2026-05-28 20:02:00,2026-05-28 21:46:00,0,1,gen_20260922_200_30
202403007,中心图书馆,2,二号自习区,37-10,2026-05-28 21:55:00,2026-05-28 22:30:00,0,1,gen_20260922_200_30
202203005,专业资料室,1,二号自习区,06-17,2026-05-28 13:25:00,2026-05-28 15:19:00,0,1,gen_20260922_200_30
202203005,中心图书馆,1,三层开架区,22-02,2026-05-28 17:40:00,2026-05-28 19:36:00,0,1,gen_20260922_200_30
202303010,中心图书馆,1,三层开架区,09-11,2026-05-28 13:36:00,2026-05-28 14:47:00,0,1,gen_20260922_200_30
202303010,中心图书馆,1,二号自习区,24-20,2026-05-28 17:40:00,2026-05-28 19:01:00,0,1,gen_20260922_200_30
202105001,专业资料室,3,电子阅览区,27-22,2026-05-28 14:58:00,2026-05-28 17:16:00,0,1,gen_20260922_200_30
202105001,中心图书馆,4,报刊阅览室,07-13,2026-05-28 17:40:00,2026-05-28 20:38:00,1,1,gen_20260922_200_30
202205005,专业资料室,2,一号自习区,16-06,2026-05-28 19:08:00,2026-05-28 21:11:00,0,1,gen_20260922_200_30
202201016,专业资料室,2,报刊阅览室,06-21,2026-05-28 20:39:00,2026-05-28 22:29:00,0,1,gen_20260922_200_30
202201016,中心图书馆,3,三层开架区,10-04,2026-05-28 21:55:00,2026-05-28 22:30:00,0,1,gen_20260922_200_30
202206003,专业资料室,3,一号自习区,28-24,2026-05-28 15:33:00,2026-05-28 17:37:00,1,1,gen_20260922_200_30
202206003,中心图书馆,5,一号自习区,01-05,2026-05-28 17:40:00,2026-05-28 19:38:00,0,1,gen_20260922_200_30
202107002,中心图书馆,3,电子阅览区,37-18,2026-05-28 15:48:00,2026-05-28 19:48:00,1,1,gen_20260922_200_30
202404002,专业资料室,1,三层开架区,06-06,2026-05-28 17:40:00,2026-05-28 19:47:00,1,1,gen_20260922_200_30
202404002,南苑分馆,5,一号自习区,15-06,2026-05-28 20:17:00,2026-05-28 21:46:00,0,1,gen_20260922_200_30
202303011,中心图书馆,1,报刊阅览室,07-17,2026-05-28 13:35:00,2026-05-28 14:31:00,0,1,gen_20260922_200_30
202402003,专业资料室,5,三层开架区,33-12,2026-05-28 15:48:00,2026-05-28 17:50:00,1,1,gen_20260922_200_30
202402003,中心图书馆,5,三层开架区,16-17,2026-05-28 18:49:00,2026-05-28 22:29:00,0,1,gen_20260922_200_30
202204005,专业资料室,3,一号自习区,35-04,2026-05-28 14:55:00,2026-05-28 16:41:00,0,1,gen_20260922_200_30
202204005,中心图书馆,3,电子阅览区,03-04,2026-05-28 20:56:00,2026-05-28 22:01:00,0,1,gen_20260922_200_30
202102003,南苑分馆,3,报刊阅览室,09-18,2026-05-28 13:04:00,2026-05-28 13:54:00,0,1,gen_20260922_200_30
202102003,中心图书馆,4,一号自习区,34-11,2026-05-28 17:40:00,2026-05-28 21:40:00,1,1,gen_20260922_200_30
202104003,中心图书馆,1,报刊阅览室,09-16,2026-05-28 19:07:00,2026-05-28 19:37:00,0,1,gen_20260922_200_30
202301007,南苑分馆,3,一号自习区,37-07,2026-05-28 19:58:00,2026-05-28 22:29:00,0,1,gen_20260922_200_30
202303012,中心图书馆,4,三层开架区,30-21,2026-05-28 14:10:00,2026-05-28 15:27:00,0,1,gen_20260922_200_30
202102004,南苑分馆,2,报刊阅览室,23-12,2026-05-28 19:02:00,2026-05-28 21:04:00,0,1,gen_20260922_200_30
202102004,专业资料室,2,三层开架区,07-14,2026-05-28 21:32:00,2026-05-28 22:29:00,0,1,gen_20260922_200_30
202402004,南苑分馆,4,三层开架区,25-01,2026-05-28 16:53:00,2026-05-28 18:59:00,1,1,gen_20260922_200_30
202402004,中心图书馆,4,二号自习区,29-03,2026-05-28 19:35:00,2026-05-28 21:55:00,0,1,gen_20260922_200_30
202203006,专业资料室,2,报刊阅览室,32-05,2026-05-28 14:28:00,2026-05-28 15:41:00,0,1,gen_20260922_200_30
202201017,中心图书馆,3,三层开架区,21-14,2026-05-28 09:56:00,2026-05-28 13:10:00,1,1,gen_20260922_200_30
202402005,南苑分馆,1,报刊阅览室,12-21,2026-05-28 20:39:00,2026-05-28 22:29:00,0,1,gen_20260922_200_30
202402005,专业资料室,4,二号自习区,17-17,2026-05-28 21:55:00,2026-05-28 22:30:00,0,1,gen_20260922_200_30
202306005,南苑分馆,5,一号自习区,13-02,2026-05-28 17:40:00,2026-05-28 20:02:00,1,1,gen_20260922_200_30
202306005,中心图书馆,4,报刊阅览室,28-24,2026-05-28 20:11:00,2026-05-28 22:29:00,0,1,gen_20260922_200_30
202402006,南苑分馆,5,报刊阅览室,15-05,2026-05-28 19:41:00,2026-05-28 22:29:00,0,1,gen_20260922_200_30
202405002,中心图书馆,3,电子阅览区,13-07,2026-05-28 15:06:00,2026-05-28 15:55:00,0,1,gen_20260922_200_30
202405002,中心图书馆,2,静音研读间,20-12,2026-05-28 17:40:00,2026-05-28 19:03:00,0,1,gen_20260922_200_30
202403008,南苑分馆,2,静音研读间,04-11,2026-05-28 15:11:00,2026-05-28 17:42:00,1,1,gen_20260922_200_30
202403008,中心图书馆,1,报刊阅览室,29-03,2026-05-28 18:35:00,2026-05-28 19:18:00,0,1,gen_20260922_200_30
202106002,专业资料室,4,静音研读间,10-04,2026-05-28 13:48:00,2026-05-28 14:46:00,0,1,gen_20260922_200_30
202402007,中心图书馆,2,三层开架区,03-12,2026-05-28 20:27:00,2026-05-28 22:29:00,0,1,gen_20260922_200_30
202201018,中心图书馆,2,三层开架区,03-01,2026-05-28 17:24:00,2026-05-28 21:24:00,1,1,gen_20260922_200_30
202201018,中心图书馆,4,静音研读间,32-17,2026-05-28 21:55:00,2026-05-28 22:30:00,0,1,gen_20260922_200_30
202204006,南苑分馆,1,电子阅览区,25-11,2026-05-28 16:40:00,2026-05-28 17:11:00,0,1,gen_20260922_200_30
202204006,专业资料室,1,电子阅览区,20-19,2026-05-28 21:04:00,2026-05-28 22:29:00,0,1,gen_20260922_200_30
202403009,中心图书馆,1,二号自习区,02-10,2026-05-28 14:11:00,2026-05-28 14:55:00,0,1,gen_20260922_200_30
202202005,中心图书馆,1,静音研读间,02-16,2026-05-28 07:31:00,2026-05-28 10:41:00,0,1,gen_20260922_200_30
202202005,中心图书馆,1,报刊阅览室,14-03,2026-05-28 20:00:00,2026-05-28 22:29:00,0,1,gen_20260922_200_30
202108003,专业资料室,1,静音研读间,23-08,2026-05-28 19:11:00,2026-05-28 21:51:00,0,1,gen_20260922_200_30
202403010,中心图书馆,2,二号自习区,21-11,2026-05-28 17:40:00,2026-05-28 21:40:00,1,1,gen_20260922_200_30
202403010,南苑分馆,3,二号自习区,17-09,2026-05-28 21:55:00,2026-05-28 22:30:00,0,1,gen_20260922_200_30
202403011,中心图书馆,2,电子阅览区,37-16,2026-05-28 15:41:00,2026-05-28 18:21:00,1,1,gen_20260922_200_30
202403011,中心图书馆,4,一号自习区,35-03,2026-05-28 20:57:00,2026-05-28 21:27:00,0,1,gen_20260922_200_30
202301009,专业资料室,5,三层开架区,29-24,2026-05-28 09:05:00,2026-05-28 11:55:00,0,1,gen_20260922_200_30
202301009,中心图书馆,4,二号自习区,15-05,2026-05-28 17:40:00,2026-05-28 20:38:00,1,1,gen_20260922_200_30
202204007,南苑分馆,2,静音研读间,14-02,2026-05-28 15:01:00,2026-05-28 16:44:00,0,1,gen_20260922_200_30
202204007,南苑分馆,1,报刊阅览室,37-16,2026-05-28 17:40:00,2026-05-28 21:40:00,1,1,gen_20260922_200_30
202207002,专业资料室,5,一号自习区,25-05,2026-05-28 21:07:00,2026-05-28 21:37:00,0,1,gen_20260922_200_30
202207003,南苑分馆,2,电子阅览区,26-23,2026-05-28 14:13:00,2026-05-28 15:19:00,0,1,gen_20260922_200_30
202207003,中心图书馆,1,电子阅览区,25-12,2026-05-28 20:25:00,2026-05-28 22:29:00,0,1,gen_20260922_200_30
202201019,南苑分馆,5,静音研读间,04-06,2026-05-28 17:40:00,2026-05-28 18:45:00,0,1,gen_20260922_200_30
202201019,中心图书馆,2,二号自习区,36-23,2026-05-28 19:07:00,2026-05-28 21:38:00,0,1,gen_20260922_200_30
202203008,南苑分馆,3,电子阅览区,28-12,2026-05-28 15:04:00,2026-05-28 17:07:00,0,1,gen_20260922_200_30
202101005,中心图书馆,4,静音研读间,33-01,2026-05-28 14:50:00,2026-05-28 15:48:00,0,1,gen_20260922_200_30
202201020,南苑分馆,4,一号自习区,27-06,2026-05-28 14:51:00,2026-05-28 18:51:00,1,1,gen_20260922_200_30
202201020,南苑分馆,1,三层开架区,16-03,2026-05-28 19:25:00,2026-05-28 22:29:00,0,1,gen_20260922_200_30
202402009,中心图书馆,2,静音研读间,10-19,2026-05-28 14:31:00,2026-05-28 15:45:00,0,1,gen_20260922_200_30
202402009,南苑分馆,3,一号自习区,10-07,2026-05-28 17:40:00,2026-05-28 20:23:00,1,1,gen_20260922_200_30
202304005,南苑分馆,3,一号自习区,23-01,2026-05-28 19:20:00,2026-05-28 21:30:00,0,1,gen_20260922_200_30
202304005,南苑分馆,2,一号自习区,05-04,2026-05-28 21:45:00,2026-05-28 22:29:00,0,1,gen_20260922_200_30
202408002,专业资料室,4,一号自习区,02-13,2026-05-28 15:39:00,2026-05-28 17:17:00,0,1,gen_20260922_200_30
202408002,专业资料室,4,三层开架区,32-22,2026-05-28 17:40:00,2026-05-28 18:10:00,0,1,gen_20260922_200_30
202306006,专业资料室,5,二号自习区,04-07,2026-05-28 14:30:00,2026-05-28 17:52:00,1,1,gen_20260922_200_30
202306006,专业资料室,1,静音研读间,29-22,2026-05-28 18:35:00,2026-05-28 20:08:00,0,1,gen_20260922_200_30
202105002,南苑分馆,3,报刊阅览室,02-06,2026-05-28 14:15:00,2026-05-28 18:15:00,1,1,gen_20260922_200_30
202105002,专业资料室,2,一号自习区,14-23,2026-05-28 18:35:00,2026-05-28 19:53:00,0,1,gen_20260922_200_30
202304006,南苑分馆,5,二号自习区,13-11,2026-05-28 14:53:00,2026-05-28 15:23:00,0,1,gen_20260922_200_30
202201021,中心图书馆,3,静音研读间,25-22,2026-05-28 15:01:00,2026-05-28 17:09:00,0,1,gen_20260922_200_30
202201021,专业资料室,4,一号自习区,20-03,2026-05-28 17:40:00,2026-05-28 19:52:00,1,1,gen_20260922_200_30
202302007,南苑分馆,5,一号自习区,19-13,2026-05-28 16:57:00,2026-05-28 17:56:00,0,1,gen_20260922_200_30
202406003,中心图书馆,1,三层开架区,31-09,2026-05-28 19:43:00,2026-05-28 22:29:00,0,1,gen_20260922_200_30
202406003,中心图书馆,3,三层开架区,04-16,2026-05-28 21:55:00,2026-05-28 22:30:00,0,1,gen_20260922_200_30
202303013,中心图书馆,4,电子阅览区,23-11,2026-05-28 16:19:00,2026-05-28 19:33:00,1,1,gen_20260922_200_30
202303013,中心图书馆,3,报刊阅览室,22-02,2026-05-28 20:23:00,2026-05-28 22:29:00,0,1,gen_20260922_200_30
202401008,中心图书馆,4,电子阅览区,07-07,2026-05-28 13:54:00,2026-05-28 15:00:00,0,1,gen_20260922_200_30
202401008,专业资料室,2,二号自习区,21-09,2026-05-28 17:40:00,2026-05-28 21:40:00,1,1,gen_20260922_200_30
202304007,中心图书馆,4,三层开架区,39-04,2026-05-28 17:40:00,2026-05-28 18:59:00,0,1,gen_20260922_200_30
202304007,南苑分馆,4,二号自习区,05-09,2026-05-28 19:56:00,2026-05-28 20:47:00,0,1,gen_20260922_200_30
202304008,中心图书馆,2,三层开架区,11-17,2026-05-28 19:04:00,2026-05-28 20:11:00,0,1,gen_20260922_200_30
202406004,中心图书馆,1,一号自习区,16-23,2026-05-28 15:11:00,2026-05-28 18:09:00,1,1,gen_20260922_200_30
202406004,专业资料室,1,电子阅览区,35-04,2026-05-28 19:01:00,2026-05-28 22:29:00,0,1,gen_20260922_200_30
202206004,南苑分馆,2,二号自习区,05-16,2026-05-28 13:56:00,2026-05-28 15:20:00,0,1,gen_20260922_200_30
202206004,南苑分馆,1,报刊阅览室,16-02,2026-05-28 17:40:00,2026-05-28 19:52:00,1,1,gen_20260922_200_30
202204009,专业资料室,4,报刊阅览室,06-22,2026-05-28 14:22:00,2026-05-28 14:58:00,0,1,gen_20260922_200_30
202407004,南苑分馆,5,电子阅览区,25-07,2026-05-28 15:21:00,2026-05-28 17:50:00,1,1,gen_20260922_200_30
202407004,中心图书馆,3,电子阅览区,11-05,2026-05-28 18:42:00,2026-05-28 20:48:00,0,1,gen_20260922_200_30
202108004,专业资料室,5,一号自习区,13-10,2026-05-28 19:20:00,2026-05-28 20:46:00,0,1,gen_20260922_200_30
202205007,专业资料室,5,三层开架区,07-21,2026-05-28 09:40:00,2026-05-28 10:33:00,0,1,gen_20260922_200_30
202205007,南苑分馆,2,一号自习区,32-14,2026-05-28 20:02:00,2026-05-28 22:29:00,0,1,gen_20260922_200_30
202402010,中心图书馆,3,静音研读间,20-16,2026-05-28 14:34:00,2026-05-28 18:04:00,1,1,gen_20260922_200_30
202402010,专业资料室,1,报刊阅览室,03-19,2026-05-28 18:43:00,2026-05-28 20:50:00,0,1,gen_20260922_200_30
202301010,专业资料室,1,电子阅览区,01-06,2026-05-28 15:14:00,2026-05-28 18:02:00,1,1,gen_20260922_200_30
202402011,专业资料室,4,电子阅览区,17-12,2026-05-28 15:30:00,2026-05-28 18:11:00,1,1,gen_20260922_200_30
202402011,南苑分馆,5,报刊阅览室,13-02,2026-05-28 19:10:00,2026-05-28 22:29:00,0,1,gen_20260922_200_30
202108005,中心图书馆,2,一号自习区,06-20,2026-05-28 15:33:00,2026-05-28 16:03:00,0,1,gen_20260922_200_30
202408003,中心图书馆,3,报刊阅览室,34-04,2026-05-28 17:40:00,2026-05-28 18:50:00,0,1,gen_20260922_200_30
202408003,南苑分馆,4,三层开架区,23-21,2026-05-28 20:20:00,2026-05-28 21:19:00,0,1,gen_20260922_200_30
202304009,专业资料室,5,二号自习区,11-17,2026-05-28 17:40:00,2026-05-28 18:17:00,0,1,gen_20260922_200_30
202304009,专业资料室,3,静音研读间,25-16,2026-05-28 19:43:00,2026-05-28 22:08:00,0,1,gen_20260922_200_30
202401009,专业资料室,2,一号自习区,38-07,2026-05-28 14:19:00,2026-05-28 16:53:00,0,1,gen_20260922_200_30
202203009,南苑分馆,2,二号自习区,30-17,2026-05-28 10:25:00,2026-05-28 11:41:00,0,1,gen_20260922_200_30
202108006,专业资料室,2,报刊阅览室,08-05,2026-05-28 19:59:00,2026-05-28 22:23:00,0,1,gen_20260922_200_30
202108006,中心图书馆,1,二号自习区,38-02,2026-05-28 21:55:00,2026-05-28 22:30:00,0,1,gen_20260922_200_30
202203010,专业资料室,2,二号自习区,30-13,2026-05-28 14:06:00,2026-05-28 16:50:00,0,1,gen_20260922_200_30
202203010,中心图书馆,5,一号自习区,01-08,2026-05-28 17:40:00,2026-05-28 21:10:00,1,1,gen_20260922_200_30
202303014,中心图书馆,2,一号自习区,34-05,2026-05-28 20:15:00,2026-05-28 21:47:00,0,1,gen_20260922_200_30
202101006,南苑分馆,5,二号自习区,04-17,2026-05-28 19:03:00,2026-05-28 19:56:00,0,1,gen_20260922_200_30
202302008,南苑分馆,3,一号自习区,29-04,2026-05-28 20:01:00,2026-05-28 22:29:00,0,1,gen_20260922_200_30
202203011,南苑分馆,1,报刊阅览室,39-06,2026-05-28 14:38:00,2026-05-28 15:08:00,0,1,gen_20260922_200_30
202107003,中心图书馆,2,二号自习区,36-13,2026-05-28 13:26:00,2026-05-28 16:11:00,0,1,gen_20260922_200_30
202201022,中心图书馆,2,电子阅览区,32-11,2026-05-28 17:40:00,2026-05-28 21:40:00,1,1,gen_20260922_200_30
202201022,中心图书馆,1,三层开架区,01-04,2026-05-28 21:55:00,2026-05-28 22:30:00,0,1,gen_20260922_200_30
202103001,中心图书馆,2,一号自习区,05-12,2026-05-28 18:49:00,2026-05-28 17:59:00,0,0,gen_20260922_200_30
202102004,专业资料室,2,三层开架区,07-14,2026-05-28 21:32:00,2026-05-30 14:04:00,0,0,gen_20260922_200_30
202201012,中心图书馆,4,一号自习区,15-09,2026-05-28 21:21:00,2026-05-30 17:14:00,0,0,gen_20260922_200_30
202104003,中心图书馆,1,报刊阅览室,09-16,2026-05-28 19:07:00,2026-05-28 18:57:00,0,0,gen_20260922_200_30
202205002,专业资料室,1,一号自习区,09-18,2026-05-28 19:48:00,2026-05-31 19:52:00,0,0,gen_20260922_200_30
202203001,南苑分馆,4,三层开架区,04-08,2026-05-29 19:41:00,2026-05-29 21:32:00,0,1,gen_20260922_200_30
202301001,南苑分馆,4,三层开架区,35-22,2026-05-29 14:39:00,2026-05-29 15:50:00,0,1,gen_20260922_200_30
202301001,专业资料室,1,电子阅览区,09-21,2026-05-29 17:40:00,2026-05-29 18:41:00,0,1,gen_20260922_200_30
202308001,中心图书馆,2,三层开架区,04-22,2026-05-29 08:10:00,2026-05-29 10:36:00,0,1,gen_20260922_200_30
202302001,中心图书馆,4,一号自习区,19-18,2026-05-29 17:17:00,2026-05-29 19:49:00,1,1,gen_20260922_200_30
202202001,中心图书馆,3,三层开架区,38-12,2026-05-29 14:22:00,2026-05-29 14:52:00,0,1,gen_20260922_200_30
202102001,南苑分馆,1,三层开架区,32-09,2026-05-29 19:17:00,2026-05-29 20:37:00,0,1,gen_20260922_200_30
202102001,中心图书馆,2,静音研读间,28-01,2026-05-29 21:27:00,2026-05-29 22:29:00,0,1,gen_20260922_200_30
202102002,专业资料室,1,三层开架区,34-05,2026-05-29 14:45:00,2026-05-29 17:44:00,1,1,gen_20260922_200_30
202104001,专业资料室,1,电子阅览区,16-22,2026-05-29 15:36:00,2026-05-29 17:31:00,0,1,gen_20260922_200_30
202104001,专业资料室,2,二号自习区,19-09,2026-05-29 17:40:00,2026-05-29 18:39:00,0,1,gen_20260922_200_30
202302002,南苑分馆,5,静音研读间,05-12,2026-05-29 19:40:00,2026-05-29 20:58:00,0,1,gen_20260922_200_30
202201002,中心图书馆,3,电子阅览区,23-14,2026-05-29 20:01:00,2026-05-29 22:29:00,0,1,gen_20260922_200_30
202303001,南苑分馆,1,一号自习区,18-09,2026-05-29 17:40:00,2026-05-29 20:20:00,1,1,gen_20260922_200_30
202303001,南苑分馆,1,一号自习区,05-17,2026-05-29 20:59:00,2026-05-29 21:41:00,0,1,gen_20260922_200_30
202401001,南苑分馆,5,静音研读间,28-24,2026-05-29 13:53:00,2026-05-29 15:10:00,0,1,gen_20260922_200_30
202407001,中心图书馆,3,报刊阅览室,03-09,2026-05-29 13:43:00,2026-05-29 15:10:00,0,1,gen_20260922_200_30
202407001,南苑分馆,3,静音研读间,12-02,2026-05-29 20:04:00,2026-05-29 22:29:00,0,1,gen_20260922_200_30
202303002,中心图书馆,5,静音研读间,16-05,2026-05-29 17:40:00,2026-05-29 19:11:00,0,1,gen_20260922_200_30
202303002,专业资料室,4,静音研读间,30-15,2026-05-29 20:30:00,2026-05-29 21:24:00,0,1,gen_20260922_200_30
202401002,专业资料室,5,电子阅览区,02-20,2026-05-29 14:23:00,2026-05-29 18:23:00,1,1,gen_20260922_200_30
202401002,专业资料室,1,静音研读间,12-21,2026-05-29 18:56:00,2026-05-29 21:55:00,0,1,gen_20260922_200_30
202201003,中心图书馆,2,报刊阅览室,20-04,2026-05-29 17:40:00,2026-05-29 20:43:00,1,1,gen_20260922_200_30
202201003,中心图书馆,4,静音研读间,02-16,2026-05-29 21:27:00,2026-05-29 22:29:00,0,1,gen_20260922_200_30
202201004,专业资料室,2,一号自习区,07-14,2026-05-29 14:24:00,2026-05-29 16:06:00,0,1,gen_20260922_200_30
202201004,专业资料室,5,三层开架区,37-06,2026-05-29 17:40:00,2026-05-29 18:46:00,0,1,gen_20260922_200_30
202307001,专业资料室,5,一号自习区,08-02,2026-05-29 15:16:00,2026-05-29 18:32:00,1,1,gen_20260922_200_30
202307001,南苑分馆,5,一号自习区,33-05,2026-05-29 18:53:00,2026-05-29 22:29:00,0,1,gen_20260922_200_30
202402001,南苑分馆,1,报刊阅览室,39-05,2026-05-29 18:12:00,2026-05-29 20:55:00,1,1,gen_20260922_200_30
202306001,南苑分馆,3,三层开架区,15-11,2026-05-29 14:39:00,2026-05-29 16:13:00,0,1,gen_20260922_200_30
202306001,南苑分馆,5,二号自习区,15-09,2026-05-29 19:21:00,2026-05-29 20:31:00,0,1,gen_20260922_200_30
202303003,中心图书馆,2,电子阅览区,06-05,2026-05-29 15:16:00,2026-05-29 15:54:00,0,1,gen_20260922_200_30
202303003,中心图书馆,2,一号自习区,24-16,2026-05-29 17:40:00,2026-05-29 19:41:00,1,1,gen_20260922_200_30
202208001,专业资料室,4,三层开架区,04-03,2026-05-29 14:42:00,2026-05-29 16:34:00,0,1,gen_20260922_200_30
202201005,南苑分馆,4,报刊阅览室,37-23,2026-05-29 15:07:00,2026-05-29 17:39:00,1,1,gen_20260922_200_30
202201006,专业资料室,3,报刊阅览室,03-06,2026-05-29 13:53:00,2026-05-29 14:51:00,0,1,gen_20260922_200_30
202201006,中心图书馆,2,静音研读间,26-14,2026-05-29 17:40:00,2026-05-29 19:14:00,0,1,gen_20260922_200_30
202303004,中心图书馆,3,电子阅览区,38-18,2026-05-29 07:30:00,2026-05-29 08:05:00,0,1,gen_20260922_200_30
202303004,中心图书馆,4,二号自习区,22-08,2026-05-29 17:40:00,2026-05-29 18:25:00,0,1,gen_20260922_200_30
202402002,南苑分馆,3,一号自习区,14-04,2026-05-29 13:45:00,,1,1,gen_20260922_200_30
202402002,专业资料室,4,二号自习区,32-16,2026-05-29 18:02:00,2026-05-29 19:21:00,0,1,gen_20260922_200_30
202303005,专业资料室,5,电子阅览区,26-16,2026-05-29 17:40:00,2026-05-29 19:23:00,0,1,gen_20260922_200_30
202303005,南苑分馆,5,三层开架区,27-04,2026-05-29 19:24:00,2026-05-29 22:11:00,0,1,gen_20260922_200_30
202301002,专业资料室,1,二号自习区,14-16,2026-05-29 16:10:00,2026-05-29 18:12:00,1,1,gen_20260922_200_30
202404001,中心图书馆,5,三层开架区,25-18,2026-05-29 14:40:00,2026-05-29 15:47:00,0,1,gen_20260922_200_30
202407002,中心图书馆,3,报刊阅览室,02-14,2026-05-29 15:08:00,2026-05-29 15:38:00,0,1,gen_20260922_200_30
202407002,南苑分馆,1,电子阅览区,11-19,2026-05-29 17:40:00,2026-05-29 19:52:00,1,1,gen_20260922_200_30
202201007,南苑分馆,1,三层开架区,33-06,2026-05-29 16:25:00,2026-05-29 17:15:00,0,1,gen_20260922_200_30
202306002,中心图书馆,3,静音研读间,02-09,2026-05-29 21:55:00,2026-05-29 22:30:00,0,1,gen_20260922_200_30
202308002,南苑分馆,1,静音研读间,39-04,2026-05-29 10:23:00,2026-05-29 12:03:00,0,1,gen_20260922_200_30
202302004,南苑分馆,5,报刊阅览室,31-21,2026-05-29 14:45:00,2026-05-29 17:04:00,0,1,gen_20260922_200_30
202302004,中心图书馆,5,三层开架区,05-12,2026-05-29 17:40:00,2026-05-29 18:40:00,0,1,gen_20260922_200_30
202201008,南苑分馆,1,三层开架区,30-04,2026-05-29 17:40:00,2026-05-29 19:35:00,0,1,gen_20260922_200_30
202201008,专业资料室,3,报刊阅览室,35-24,2026-05-29 19:48:00,2026-05-29 22:00:00,0,1,gen_20260922_200_30
202206001,南苑分馆,3,一号自习区,32-13,2026-05-29 18:30:00,2026-05-29 20:16:00,0,1,gen_20260922_200_30
202206001,南苑分馆,3,一号自习区,01-07,2026-05-29 20:52:00,2026-05-29 21:58:00,0,1,gen_20260922_200_30
202307002,中心图书馆,3,二号自习区,33-14,2026-05-29 13:51:00,2026-05-29 15:11:00,0,1,gen_20260922_200_30
202307002,专业资料室,1,二号自习区,31-11,2026-05-29 17:40:00,2026-05-29 19:53:00,1,1,gen_20260922_200_30
202302006,南苑分馆,3,三层开架区,14-18,2026-05-29 13:54:00,2026-05-29 16:03:00,0,1,gen_20260922_200_30
202403001,中心图书馆,2,报刊阅览室,39-11,2026-05-29 18:56:00,2026-05-29 20:06:00,0,1,gen_20260922_200_30
202204001,专业资料室,4,报刊阅览室,13-06,2026-05-29 19:10:00,2026-05-29 20:48:00,0,1,gen_20260922_200_30
202204001,中心图书馆,3,报刊阅览室,25-01,2026-05-29 21:14:00,2026-05-29 22:29:00,0,1,gen_20260922_200_30
202403002,专业资料室,1,一号自习区,05-10,2026-05-29 16:08:00,2026-05-29 20:08:00,1,1,gen_20260922_200_30
202403002,南苑分馆,4,三层开架区,34-09,2026-05-29 20:29:00,2026-05-29 21:46:00,0,1,gen_20260922_200_30
202401003,专业资料室,4,一号自习区,31-19,2026-05-29 15:34:00,2026-05-29 17:12:00,0,1,gen_20260922_200_30
202401003,南苑分馆,2,三层开架区,05-22,2026-05-29 18:02:00,2026-05-29 21:09:00,1,1,gen_20260922_200_30
202301003,南苑分馆,4,二号自习区,09-12,2026-05-29 14:49:00,2026-05-29 18:49:00,1,1,gen_20260922_200_30
202301003,专业资料室,1,一号自习区,34-24,2026-05-29 19:49:00,2026-05-29 20:32:00,0,1,gen_20260922_200_30
202201009,南苑分馆,1,静音研读间,16-06,2026-05-29 17:40:00,2026-05-29 21:40:00,1,1,gen_20260922_200_30
202201009,南苑分馆,4,静音研读间,15-19,2026-05-29 21:55:00,2026-05-29 22:30:00,0,1,gen_20260922_200_30
202403003,专业资料室,1,报刊阅览室,11-17,2026-05-29 14:28:00,2026-05-29 15:51:00,0,1,gen_20260922_200_30
202403003,南苑分馆,1,一号自习区,31-15,2026-05-29 20:14:00,2026-05-29 21:53:00,0,1,gen_20260922_200_30
202301004,专业资料室,2,二号自习区,18-04,2026-05-29 16:04:00,2026-05-29 17:34:00,0,1,gen_20260922_200_30
202201010,中心图书馆,4,二号自习区,16-08,2026-05-29 15:12:00,2026-05-29 18:20:00,1,1,gen_20260922_200_30
202201010,专业资料室,1,一号自习区,13-12,2026-05-29 20:19:00,2026-05-29 22:29:00,0,1,gen_20260922_200_30
202107001,专业资料室,5,静音研读间,31-03,2026-05-29 19:10:00,2026-05-29 20:29:00,0,1,gen_20260922_200_30
202204002,中心图书馆,1,二号自习区,17-22,2026-05-29 19:28:00,2026-05-29 20:47:00,0,1,gen_20260922_200_30
202307003,南苑分馆,5,电子阅览区,36-16,2026-05-29 19:38:00,2026-05-29 20:54:00,0,1,gen_20260922_200_30
202205001,南苑分馆,5,三层开架区,31-14,2026-05-29 20:26:00,2026-05-29 21:15:00,0,1,gen_20260922_200_30
202303006,南苑分馆,3,静音研读间,14-16,2026-05-29 14:29:00,2026-05-29 18:29:00,1,1,gen_20260922_200_30
202304002,专业资料室,4,静音研读间,34-03,2026-05-29 16:18:00,2026-05-29 18:17:00,0,1,gen_20260922_200_30
202304002,南苑分馆,4,电子阅览区,34-10,2026-05-29 18:50:00,2026-05-29 19:56:00,0,1,gen_20260922_200_30
202203002,南苑分馆,2,三层开架区,27-05,2026-05-29 19:17:00,2026-05-29 21:43:00,0,1,gen_20260922_200_30
202201011,南苑分馆,2,三层开架区,23-12,2026-05-29 14:52:00,2026-05-29 17:15:00,0,1,gen_20260922_200_30
202201011,专业资料室,5,二号自习区,07-05,2026-05-29 17:40:00,2026-05-29 19:53:00,1,1,gen_20260922_200_30
202306003,南苑分馆,2,报刊阅览室,23-10,2026-05-29 19:52:00,2026-05-29 22:29:00,0,1,gen_20260922_200_30
202306003,中心图书馆,5,静音研读间,07-21,2026-05-29 21:55:00,2026-05-29 22:30:00,0,1,gen_20260922_200_30
202401004,专业资料室,3,一号自习区,39-05,2026-05-29 14:28:00,2026-05-29 15:01:00,0,1,gen_20260922_200_30
202401004,专业资料室,3,静音研读间,14-18,2026-05-29 17:40:00,2026-05-29 20:28:00,1,1,gen_20260922_200_30
202204003,南苑分馆,1,静音研读间,17-21,2026-05-29 20:26:00,2026-05-29 21:26:00,0,1,gen_20260922_200_30
202204003,南苑分馆,3,报刊阅览室,21-24,2026-05-29 21:55:00,2026-05-29 22:30:00,0,1,gen_20260922_200_30
202205002,中心图书馆,3,一号自习区,04-14,2026-05-29 16:49:00,2026-05-29 20:49:00,1,1,gen_20260922_200_30
202205002,中心图书馆,5,报刊阅览室,36-10,2026-05-29 21:08:00,2026-05-29 22:29:00,0,1,gen_20260922_200_30
202202002,南苑分馆,2,静音研读间,05-18,2026-05-29 16:07:00,2026-05-29 20:07:00,1,1,gen_20260922_200_30
202202002,南苑分馆,4,静音研读间,38-04,2026-05-29 20:45:00,2026-05-29 22:29:00,0,1,gen_20260922_200_30
202407003,中心图书馆,3,二号自习区,04-12,2026-05-29 17:40:00,2026-05-29 20:17:00,1,1,gen_20260922_200_30
202407003,南苑分馆,1,一号自习区,16-20,2026-05-29 20:36:00,2026-05-29 22:16:00,0,1,gen_20260922_200_30
202301005,专业资料室,1,静音研读间,14-10,2026-05-29 20:52:00,2026-05-29 22:29:00,0,1,gen_20260922_200_30
202101002,中心图书馆,4,一号自习区,02-21,2026-05-29 18:23:00,2026-05-29 22:23:00,1,1,gen_20260922_200_30
202101002,专业资料室,5,一号自习区,02-21,2026-05-29 21:55:00,2026-05-29 22:30:00,0,1,gen_20260922_200_30
202304004,南苑分馆,4,电子阅览区,22-09,2026-05-29 15:56:00,2026-05-29 16:44:00,0,1,gen_20260922_200_30
202304004,中心图书馆,5,静音研读间,09-01,2026-05-29 19:28:00,2026-05-29 21:24:00,0,1,gen_20260922_200_30
202108001,中心图书馆,3,电子阅览区,24-23,2026-05-29 15:05:00,2026-05-29 17:04:00,0,1,gen_20260922_200_30
202301006,南苑分馆,4,静音研读间,13-24,2026-05-29 14:52:00,2026-05-29 15:35:00,0,1,gen_20260922_200_30
202301006,专业资料室,2,二号自习区,18-13,2026-05-29 19:59:00,2026-05-29 21:43:00,0,1,gen_20260922_200_30
202303007,专业资料室,2,一号自习区,15-07,2026-05-29 15:00:00,2026-05-29 19:00:00,1,1,gen_20260922_200_30
202303008,专业资料室,5,电子阅览区,34-02,2026-05-29 14:59:00,2026-05-29 16:58:00,0,1,gen_20260922_200_30
202201013,专业资料室,2,静音研读间,11-01,2026-05-29 15:01:00,2026-05-29 16:18:00,0,1,gen_20260922_200_30
202201013,中心图书馆,1,报刊阅览室,09-04,2026-05-29 20:05:00,2026-05-29 22:29:00,0,1,gen_20260922_200_30
202403005,中心图书馆,4,报刊阅览室,17-01,2026-05-29 12:33:00,2026-05-29 15:34:00,0,1,gen_20260922_200_30
202401005,专业资料室,2,电子阅览区,05-16,2026-05-29 10:32:00,2026-05-29 12:13:00,0,1,gen_20260922_200_30
202206002,南苑分馆,2,静音研读间,38-19,2026-05-29 17:40:00,2026-05-29 18:37:00,0,1,gen_20260922_200_30
202206002,中心图书馆,5,二号自习区,24-21,2026-05-29 20:22:00,2026-05-29 21:42:00,0,1,gen_20260922_200_30
202203003,南苑分馆,4,一号自习区,29-01,2026-05-29 14:18:00,2026-05-29 16:36:00,0,1,gen_20260922_200_30
202201014,专业资料室,4,报刊阅览室,21-08,2026-05-29 21:18:00,2026-05-29 21:54:00,0,1,gen_20260922_200_30
202405001,南苑分馆,4,三层开架区,23-02,2026-05-29 20:36:00,2026-05-29 21:40:00,0,1,gen_20260922_200_30
202202003,南苑分馆,3,电子阅览区,08-03,2026-05-29 19:06:00,2026-05-29 22:29:00,0,1,gen_20260922_200_30
202202003,中心图书馆,4,一号自习区,10-03,2026-05-29 21:55:00,2026-05-29 22:30:00,0,1,gen_20260922_200_30
202203004,南苑分馆,4,静音研读间,38-23,2026-05-29 14:50:00,2026-05-29 16:11:00,0,1,gen_20260922_200_30
202205003,南苑分馆,2,一号自习区,06-13,2026-05-29 14:29:00,2026-05-29 18:29:00,1,1,gen_20260922_200_30
202205003,中心图书馆,1,三层开架区,09-21,2026-05-29 19:23:00,2026-05-29 21:40:00,0,1,gen_20260922_200_30
202401006,中心图书馆,1,二号自习区,13-22,2026-05-29 16:07:00,2026-05-29 18:10:00,1,1,gen_20260922_200_30
202401006,中心图书馆,5,静音研读间,29-18,2026-05-29 19:06:00,2026-05-29 20:00:00,0,1,gen_20260922_200_30
202201015,中心图书馆,1,电子阅览区,06-20,2026-05-29 15:41:00,2026-05-29 18:43:00,1,1,gen_20260922_200_30
202201015,中心图书馆,2,二号自习区,13-12,2026-05-29 19:38:00,2026-05-29 20:51:00,0,1,gen_20260922_200_30
202307004,南苑分馆,5,一号自习区,13-14,2026-05-29 20:30:00,2026-05-29 22:29:00,0,1,gen_20260922_200_30
202208002,专业资料室,1,一号自习区,22-10,2026-05-29 15:14:00,2026-05-29 17:13:00,0,1,gen_20260922_200_30
202208002,中心图书馆,3,三层开架区,14-12,2026-05-29 19:17:00,2026-05-29 22:05:00,0,1,gen_20260922_200_30
202106001,专业资料室,3,一号自习区,21-12,2026-05-29 19:48:00,2026-05-29 21:23:00,0,1,gen_20260922_200_30
202204004,专业资料室,4,一号自习区,02-21,2026-05-29 16:11:00,2026-05-29 20:11:00,1,1,gen_20260922_200_30
202204004,专业资料室,2,三层开架区,23-10,2026-05-29 20:36:00,2026-05-29 21:34:00,0,1,gen_20260922_200_30
202406002,南苑分馆,3,一号自习区,20-04,2026-05-29 13:56:00,2026-05-29 17:56:00,1,1,gen_20260922_200_30
202406002,南苑分馆,1,电子阅览区,39-15,2026-05-29 18:47:00,2026-05-29 21:01:00,0,1,gen_20260922_200_30
202101003,中心图书馆,4,报刊阅览室,33-20,2026-05-29 17:06:00,2026-05-29 18:37:00,0,1,gen_20260922_200_30
202101003,中心图书馆,1,报刊阅览室,27-13,2026-05-29 19:20:00,2026-05-29 20:43:00,0,1,gen_20260922_200_30
202101004,中心图书馆,1,二号自习区,11-06,2026-05-29 19:09:00,2026-05-29 20:14:00,0,1,gen_20260922_200_30
202403006,南苑分馆,4,报刊阅览室,26-17,2026-05-29 14:45:00,2026-05-29 16:29:00,0,1,gen_20260922_200_30
202403006,中心图书馆,4,二号自习区,13-09,2026-05-29 17:40:00,2026-05-29 20:17:00,1,1,gen_20260922_200_30
202103001,南苑分馆,4,三层开架区,12-02,2026-05-29 14:36:00,2026-05-29 17:33:00,1,1,gen_20260922_200_30
202303009,中心图书馆,4,电子阅览区,05-13,2026-05-29 17:40:00,2026-05-29 21:06:00,1,1,gen_20260922_200_30
202303009,南苑分馆,4,静音研读间,01-12,2026-05-29 21:43:00,2026-05-29 22:29:00,0,1,gen_20260922_200_30
202108002,中心图书馆,4,报刊阅览室,08-14,2026-05-29 14:11:00,2026-05-29 15:39:00,0,1,gen_20260922_200_30
202403007,专业资料室,5,二号自习区,30-22,2026-05-29 17:40:00,2026-05-29 21:23:00,1,1,gen_20260922_200_30
202403007,中心图书馆,4,静音研读间,39-17,2026-05-29 21:54:00,2026-05-29 22:29:00,0,1,gen_20260922_200_30
202203005,专业资料室,4,静音研读间,16-19,2026-05-29 09:52:00,2026-05-29 13:16:00,1,1,gen_20260922_200_30
202305001,专业资料室,5,静音研读间,31-19,2026-05-29 19:46:00,2026-05-29 22:29:00,0,1,gen_20260922_200_30
202105001,专业资料室,5,电子阅览区,04-09,2026-05-29 14:56:00,2026-05-29 17:06:00,0,1,gen_20260922_200_30
202105001,中心图书馆,5,报刊阅览室,15-23,2026-05-29 19:45:00,2026-05-29 21:52:00,0,1,gen_20260922_200_30
202205004,中心图书馆,2,电子阅览区,23-02,2026-05-29 19:18:00,2026-05-29 21:05:00,0,1,gen_20260922_200_30
202205004,中心图书馆,1,静音研读间,34-03,2026-05-29 21:18:00,2026-05-29 22:29:00,0,1,gen_20260922_200_30
202205005,专业资料室,1,二号自习区,25-19,2026-05-29 17:40:00,2026-05-29 21:10:00,1,1,gen_20260922_200_30
202205005,专业资料室,2,静音研读间,28-05,2026-05-29 21:30:00,2026-05-29 22:02:00,0,1,gen_20260922_200_30
202201016,中心图书馆,2,一号自习区,18-18,2026-05-29 14:42:00,2026-05-29 16:21:00,0,1,gen_20260922_200_30
202206003,南苑分馆,5,静音研读间,02-18,2026-05-29 15:54:00,2026-05-29 16:51:00,0,1,gen_20260922_200_30
202206003,专业资料室,1,一号自习区,32-08,2026-05-29 19:09:00,2026-05-29 21:06:00,0,1,gen_20260922_200_30
202107002,南苑分馆,3,三层开架区,18-20,2026-05-29 15:08:00,2026-05-29 18:48:00,1,1,gen_20260922_200_30
202404002,中心图书馆,4,一号自习区,36-23,2026-05-29 15:36:00,2026-05-29 18:27:00,1,1,gen_20260922_200_30
202308004,中心图书馆,2,二号自习区,21-17,2026-05-29 15:23:00,2026-05-29 17:52:00,1,1,gen_20260922_200_30
202308004,中心图书馆,2,电子阅览区,07-14,2026-05-29 18:18:00,2026-05-29 19:01:00,0,1,gen_20260922_200_30
202303011,专业资料室,4,二号自习区,29-02,2026-05-29 14:19:00,2026-05-29 15:52:00,0,1,gen_20260922_200_30
202303011,专业资料室,4,三层开架区,23-08,2026-05-29 20:31:00,2026-05-29 22:02:00,0,1,gen_20260922_200_30
202402003,中心图书馆,4,三层开架区,20-11,2026-05-29 19:35:00,2026-05-29 21:42:00,0,1,gen_20260922_200_30
202402003,南苑分馆,5,一号自习区,32-12,2026-05-29 21:55:00,2026-05-29 22:30:00,0,1,gen_20260922_200_30
202202004,专业资料室,4,二号自习区,18-17,2026-05-29 17:40:00,2026-05-29 18:10:00,0,1,gen_20260922_200_30
202202004,南苑分馆,4,电子阅览区,08-08,2026-05-29 18:51:00,2026-05-29 20:10:00,0,1,gen_20260922_200_30
202204005,中心图书馆,3,静音研读间,11-23,2026-05-29 16:02:00,2026-05-29 17:01:00,0,1,gen_20260922_200_30
202204005,中心图书馆,5,静音研读间,39-12,2026-05-29 17:40:00,2026-05-29 20:25:00,1,1,gen_20260922_200_30
202102003,专业资料室,4,电子阅览区,08-17,2026-05-29 14:25:00,2026-05-29 16:57:00,0,1,gen_20260922_200_30
202102003,南苑分馆,3,二号自习区,11-03,2026-05-29 18:54:00,2026-05-29 22:29:00,0,1,gen_20260922_200_30
202104003,中心图书馆,3,一号自习区,33-03,2026-05-29 15:15:00,2026-05-29 15:56:00,0,1,gen_20260922_200_30
202301007,南苑分馆,1,二号自习区,38-11,2026-05-29 17:40:00,2026-05-29 19:08:00,0,1,gen_20260922_200_30
202301007,中心图书馆,5,二号自习区,29-05,2026-05-29 20:57:00,2026-05-29 21:50:00,0,1,gen_20260922_200_30
202305002,南苑分馆,5,二号自习区,14-13,2026-05-29 14:13:00,2026-05-29 15:19:00,0,1,gen_20260922_200_30
202305002,南苑分馆,3,一号自习区,06-01,2026-05-29 18:21:00,2026-05-29 18:51:00,0,1,gen_20260922_200_30
202102004,南苑分馆,3,一号自习区,15-15,2026-05-29 17:40:00,2026-05-29 19:04:00,0,1,gen_20260922_200_30
202102004,中心图书馆,3,二号自习区,04-24,2026-05-29 20:55:00,2026-05-29 22:29:00,0,1,gen_20260922_200_30
202402004,南苑分馆,3,三层开架区,21-21,2026-05-29 21:04:00,2026-05-29 22:29:00,0,1,gen_20260922_200_30
202201017,南苑分馆,4,电子阅览区,39-14,2026-05-29 16:45:00,2026-05-29 19:06:00,1,1,gen_20260922_200_30
202201017,南苑分馆,1,电子阅览区,29-15,2026-05-29 19:40:00,2026-05-29 20:32:00,0,1,gen_20260922_200_30
202205006,南苑分馆,1,三层开架区,13-16,2026-05-29 16:30:00,2026-05-29 17:00:00,0,1,gen_20260922_200_30
202402005,专业资料室,4,二号自习区,39-22,2026-05-29 14:49:00,2026-05-29 16:35:00,0,1,gen_20260922_200_30
202402005,中心图书馆,4,二号自习区,07-09,2026-05-29 17:40:00,2026-05-29 21:40:00,1,1,gen_20260922_200_30
202402006,中心图书馆,3,静音研读间,06-24,2026-05-29 19:39:00,2026-05-29 20:09:00,0,1,gen_20260922_200_30
202402006,南苑分馆,3,一号自习区,30-21,2026-05-29 20:30:00,2026-05-29 21:37:00,0,1,gen_20260922_200_30
202405002,中心图书馆,2,静音研读间,06-19,2026-05-29 17:40:00,2026-05-29 19:15:00,0,1,gen_20260922_200_30
202405002,专业资料室,1,静音研读间,06-13,2026-05-29 19:37:00,2026-05-29 22:29:00,0,1,gen_20260922_200_30
202301008,专业资料室,4,二号自习区,24-09,2026-05-29 17:40:00,2026-05-29 20:20:00,1,1,gen_20260922_200_30
202301008,中心图书馆,2,一号自习区,09-21,2026-05-29 21:15:00,2026-05-29 22:29:00,0,1,gen_20260922_200_30
202106002,南苑分馆,2,静音研读间,02-15,2026-05-29 21:01:00,2026-05-29 22:24:00,0,1,gen_20260922_200_30
202402007,中心图书馆,2,二号自习区,08-16,2026-05-29 20:00:00,2026-05-29 20:57:00,0,1,gen_20260922_200_30
202201018,中心图书馆,4,二号自习区,02-20,2026-05-29 14:08:00,2026-05-29 15:32:00,0,1,gen_20260922_200_30
202203007,专业资料室,5,电子阅览区,09-20,2026-05-29 15:01:00,2026-05-29 15:31:00,0,1,gen_20260922_200_30
202204006,中心图书馆,5,报刊阅览室,31-04,2026-05-29 14:27:00,2026-05-29 18:27:00,1,1,gen_20260922_200_30
202204006,专业资料室,5,静音研读间,33-02,2026-05-29 19:05:00,2026-05-29 20:09:00,0,1,gen_20260922_200_30
202403009,南苑分馆,5,三层开架区,25-19,2026-05-29 13:44:00,2026-05-29 14:42:00,0,1,gen_20260922_200_30
202403009,南苑分馆,3,一号自习区,18-16,2026-05-29 17:40:00,2026-05-29 19:48:00,1,1,gen_20260922_200_30
202202005,专业资料室,2,二号自习区,15-24,2026-05-29 16:21:00,2026-05-29 19:35:00,1,1,gen_20260922_200_30
202202005,中心图书馆,2,静音研读间,14-02,2026-05-29 19:52:00,2026-05-29 22:14:00,0,1,gen_20260922_200_30
202305003,南苑分馆,2,报刊阅览室,38-05,2026-05-29 15:52:00,2026-05-29 17:03:00,0,1,gen_20260922_200_30
202108003,中心图书馆,4,电子阅览区,14-19,2026-05-29 15:10:00,2026-05-29 16:33:00,0,1,gen_20260922_200_30
202108003,中心图书馆,5,二号自习区,20-01,2026-05-29 17:40:00,2026-05-29 18:19:00,0,1,gen_20260922_200_30
202402008,南苑分馆,1,电子阅览区,10-10,2026-05-29 15:22:00,2026-05-29 15:52:00,0,1,gen_20260922_200_30
202402008,中心图书馆,1,一号自习区,20-18,2026-05-29 17:40:00,2026-05-29 18:10:00,0,1,gen_20260922_200_30
202403010,南苑分馆,2,一号自习区,20-12,2026-05-29 14:12:00,2026-05-29 18:12:00,1,1,gen_20260922_200_30
202403010,南苑分馆,3,一号自习区,28-13,2026-05-29 18:33:00,2026-05-29 20:09:00,0,1,gen_20260922_200_30
202403011,南苑分馆,5,一号自习区,20-17,2026-05-29 19:40:00,2026-05-29 21:04:00,0,1,gen_20260922_200_30
202403011,专业资料室,5,三层开架区,31-04,2026-05-29 21:28:00,2026-05-29 22:29:00,0,1,gen_20260922_200_30
202301009,中心图书馆,5,三层开架区,09-02,2026-05-29 14:36:00,2026-05-29 15:58:00,0,1,gen_20260922_200_30
202301009,南苑分馆,5,电子阅览区,35-18,2026-05-29 17:40:00,2026-05-29 19:31:00,0,1,gen_20260922_200_30
202204007,专业资料室,5,三层开架区,31-14,2026-05-29 14:28:00,2026-05-29 16:03:00,0,1,gen_20260922_200_30
202204007,中心图书馆,3,报刊阅览室,29-07,2026-05-29 17:40:00,2026-05-29 20:38:00,1,1,gen_20260922_200_30
202207003,南苑分馆,1,报刊阅览室,34-09,2026-05-29 16:01:00,2026-05-29 18:10:00,1,1,gen_20260922_200_30
202207003,南苑分馆,3,三层开架区,13-24,2026-05-29 19:03:00,2026-05-29 19:51:00,0,1,gen_20260922_200_30
202201019,中心图书馆,2,二号自习区,14-09,2026-05-29 14:08:00,2026-05-29 18:08:00,1,1,gen_20260922_200_30
202201019,南苑分馆,1,报刊阅览室,14-17,2026-05-29 19:08:00,2026-05-29 22:29:00,0,1,gen_20260922_200_30
202203008,中心图书馆,1,一号自习区,19-09,2026-05-29 20:06:00,2026-05-29 22:24:00,0,1,gen_20260922_200_30
202101005,南苑分馆,4,电子阅览区,03-10,2026-05-29 18:27:00,2026-05-29 19:16:00,0,1,gen_20260922_200_30
202101005,中心图书馆,1,二号自习区,18-24,2026-05-29 20:04:00,2026-05-29 21:08:00,0,1,gen_20260922_200_30
202201020,专业资料室,2,电子阅览区,34-02,2026-05-29 14:41:00,2026-05-29 18:41:00,1,1,gen_20260922_200_30
202201020,中心图书馆,3,一号自习区,19-04,2026-05-29 19:05:00,2026-05-29 22:29:00,0,1,gen_20260922_200_30
202402009,中心图书馆,4,三层开架区,08-01,2026-05-29 18:57:00,2026-05-29 20:35:00,0,1,gen_20260922_200_30
202402009,中心图书馆,4,静音研读间,29-06,2026-05-29 20:59:00,2026-05-29 22:20:00,0,1,gen_20260922_200_30
202401007,南苑分馆,4,二号自习区,25-08,2026-05-29 13:55:00,2026-05-29 14:48:00,0,1,gen_20260922_200_30
202401007,专业资料室,5,一号自习区,01-06,2026-05-29 17:40:00,2026-05-29 18:10:00,0,1,gen_20260922_200_30
202202006,中心图书馆,3,三层开架区,30-05,2026-05-29 20:33:00,2026-05-29 21:12:00,0,1,gen_20260922_200_30
202304005,专业资料室,2,二号自习区,15-20,2026-05-29 10:44:00,2026-05-29 14:44:00,1,1,gen_20260922_200_30
202304005,专业资料室,3,报刊阅览室,07-23,2026-05-29 21:15:00,2026-05-29 22:29:00,0,1,gen_20260922_200_30
202408002,专业资料室,4,二号自习区,36-18,2026-05-29 14:14:00,2026-05-29 15:43:00,0,1,gen_20260922_200_30
202105002,专业资料室,2,静音研读间,13-23,2026-05-29 16:26:00,2026-05-29 18:09:00,0,1,gen_20260922_200_30
202105002,专业资料室,2,报刊阅览室,25-07,2026-05-29 18:48:00,2026-05-29 22:10:00,0,1,gen_20260922_200_30
202304006,专业资料室,5,电子阅览区,01-15,2026-05-29 20:02:00,2026-05-29 20:56:00,0,1,gen_20260922_200_30
202201021,中心图书馆,5,报刊阅览室,14-18,2026-05-29 20:14:00,2026-05-29 22:29:00,0,1,gen_20260922_200_30
202201021,中心图书馆,5,三层开架区,36-19,2026-05-29 21:55:00,2026-05-29 22:30:00,0,1,gen_20260922_200_30
202406003,南苑分馆,5,电子阅览区,29-12,2026-05-29 13:16:00,2026-05-29 15:41:00,0,1,gen_20260922_200_30
202406003,专业资料室,2,电子阅览区,11-09,2026-05-29 17:40:00,2026-05-29 19:37:00,0,1,gen_20260922_200_30
202303013,南苑分馆,5,报刊阅览室,03-15,2026-05-29 15:50:00,2026-05-29 17:42:00,0,1,gen_20260922_200_30
202303013,中心图书馆,5,电子阅览区,31-02,2026-05-29 18:31:00,2026-05-29 20:57:00,1,1,gen_20260922_200_30
202401008,南苑分馆,2,报刊阅览室,06-14,2026-05-29 17:40:00,2026-05-29 18:54:00,0,1,gen_20260922_200_30
202401008,专业资料室,5,一号自习区,19-14,2026-05-29 21:38:00,2026-05-29 22:26:00,0,1,gen_20260922_200_30
202304007,中心图书馆,2,报刊阅览室,05-20,2026-05-29 17:40:00,2026-05-29 21:40:00,1,1,gen_20260922_200_30
202304007,中心图书馆,4,一号自习区,23-04,2026-05-29 21:55:00,2026-05-29 22:30:00,0,1,gen_20260922_200_30
202304008,南苑分馆,2,报刊阅览室,23-07,2026-05-29 14:33:00,2026-05-29 15:22:00,0,1,gen_20260922_200_30
202406004,专业资料室,3,电子阅览区,24-02,2026-05-29 17:40:00,2026-05-29 19:38:00,0,1,gen_20260922_200_30
202406004,专业资料室,3,二号自习区,03-18,2026-05-29 20:53:00,2026-05-29 22:29:00,0,1,gen_20260922_200_30
202204008,中心图书馆,3,电子阅览区,29-07,2026-05-29 15:26:00,2026-05-29 17:28:00,0,1,gen_20260922_200_30
202204009,专业资料室,4,报刊阅览室,04-21,2026-05-29 10:51:00,2026-05-29 11:34:00,0,1,gen_20260922_200_30
202204009,南苑分馆,4,三层开架区,36-24,2026-05-29 19:15:00,2026-05-29 20:23:00,0,1,gen_20260922_200_30
202407004,中心图书馆,5,静音研读间,19-16,2026-05-29 14:30:00,2026-05-29 16:42:00,0,1,gen_20260922_200_30
202407004,南苑分馆,3,报刊阅览室,30-14,2026-05-29 17:40:00,2026-05-29 20:22:00,1,1,gen_20260922_200_30
202108004,南苑分馆,4,报刊阅览室,26-13,2026-05-29 12:12:00,2026-05-29 13:43:00,0,1,gen_20260922_200_30
202108004,南苑分馆,5,三层开架区,09-12,2026-05-29 19:55:00,2026-05-29 21:25:00,0,1,gen_20260922_200_30
202205007,南苑分馆,2,报刊阅览室,21-19,2026-05-29 16:13:00,2026-05-29 18:04:00,0,1,gen_20260922_200_30
202205007,专业资料室,5,二号自习区,25-06,2026-05-29 18:55:00,2026-05-29 19:35:00,0,1,gen_20260922_200_30
202402010,专业资料室,5,三层开架区,37-23,2026-05-29 14:55:00,2026-05-29 17:29:00,0,1,gen_20260922_200_30
202402010,中心图书馆,1,三层开架区,23-21,2026-05-29 17:40:00,2026-05-29 19:17:00,0,1,gen_20260922_200_30
202301010,专业资料室,3,静音研读间,38-09,2026-05-29 20:25:00,2026-05-29 22:29:00,0,1,gen_20260922_200_30
202301010,专业资料室,4,二号自习区,03-21,2026-05-29 21:55:00,2026-05-29 22:30:00,0,1,gen_20260922_200_30
202306007,南苑分馆,2,一号自习区,20-02,2026-05-29 19:48:00,2026-05-29 22:21:00,0,1,gen_20260922_200_30
202402011,专业资料室,4,一号自习区,27-03,2026-05-29 14:46:00,2026-05-29 15:54:00,0,1,gen_20260922_200_30
202402011,中心图书馆,4,三层开架区,14-12,2026-05-29 19:57:00,2026-05-29 22:29:00,0,1,gen_20260922_200_30
202108005,南苑分馆,1,一号自习区,35-14,2026-05-29 20:21:00,2026-05-29 21:02:00,0,1,gen_20260922_200_30
202408003,中心图书馆,1,三层开架区,09-11,2026-05-29 07:37:00,2026-05-29 09:13:00,0,1,gen_20260922_200_30
202304009,中心图书馆,2,电子阅览区,02-01,2026-05-29 16:05:00,2026-05-29 18:14:00,1,1,gen_20260922_200_30
202401009,专业资料室,5,报刊阅览室,11-09,2026-05-29 14:59:00,2026-05-29 15:50:00,0,1,gen_20260922_200_30
202203009,专业资料室,4,静音研读间,01-12,2026-05-29 16:41:00,2026-05-29 17:39:00,0,1,gen_20260922_200_30
202108006,南苑分馆,2,静音研读间,16-10,2026-05-29 09:11:00,2026-05-29 10:06:00,0,1,gen_20260922_200_30
202203010,中心图书馆,5,电子阅览区,23-14,2026-05-29 14:05:00,2026-05-29 18:01:00,1,1,gen_20260922_200_30
202203010,南苑分馆,3,静音研读间,23-24,2026-05-29 20:02:00,2026-05-29 22:29:00,0,1,gen_20260922_200_30
202101006,专业资料室,4,电子阅览区,22-23,2026-05-29 19:08:00,2026-05-29 20:21:00,0,1,gen_20260922_200_30
202306008,南苑分馆,1,静音研读间,09-19,2026-05-29 12:47:00,2026-05-29 16:47:00,0,1,gen_20260922_200_30
202306008,中心图书馆,5,二号自习区,28-19,2026-05-29 17:40:00,2026-05-29 20:45:00,1,1,gen_20260922_200_30
202406005,专业资料室,1,二号自习区,14-15,2026-05-29 15:00:00,2026-05-29 15:30:00,0,1,gen_20260922_200_30
202302008,中心图书馆,3,一号自习区,32-22,2026-05-29 19:52:00,2026-05-29 22:29:00,0,1,gen_20260922_200_30
202107003,中心图书馆,4,二号自习区,18-06,2026-05-29 15:27:00,2026-05-29 16:11:00,0,1,gen_20260922_200_30
202201022,南苑分馆,2,一号自习区,10-08,2026-05-29 15:32:00,2026-05-29 19:32:00,1,1,gen_20260922_200_30
202201022,南苑分馆,4,一号自习区,14-10,2026-05-29 19:59:00,2026-05-29 22:29:00,0,1,gen_20260922_200_30
202201016,中心图书馆,2,一号自习区,18-18,2026-05-29 14:42:00,2026-05-29 14:02:00,0,0,gen_20260922_200_30
202201013,中心图书馆,1,报刊阅览室,09-04,2026-05-29 20:05:00,2026-06-01 09:33:00,0,0,gen_20260922_200_30
202403011,专业资料室,5,三层开架区,31-04,2026-05-29 21:28:00,2026-06-01 23:53:00,0,0,gen_20260922_200_30
202405002,专业资料室,1,静音研读间,06-13,2026-05-29 19:37:00,2026-05-29 18:26:00,0,0,gen_20260922_200_30
202303013,中心图书馆,5,电子阅览区,31-02,2026-05-29 18:31:00,2026-06-01 18:17:00,1,0,gen_20260922_200_30
202203001,南苑分馆,5,电子阅览区,25-17,2026-05-30 19:10:00,2026-05-30 21:08:00,0,1,gen_20260922_200_30
202301001,专业资料室,2,三层开架区,26-02,2026-05-30 19:28:00,2026-05-30 20:17:00,0,1,gen_20260922_200_30
202308001,专业资料室,5,二号自习区,08-02,2026-05-30 21:55:00,2026-05-30 22:30:00,0,1,gen_20260922_200_30
202102001,南苑分馆,2,三层开架区,20-04,2026-05-30 20:41:00,2026-05-30 22:29:00,0,1,gen_20260922_200_30
202102002,南苑分馆,2,电子阅览区,10-20,2026-05-30 15:12:00,2026-05-30 19:12:00,1,1,gen_20260922_200_30
202104001,南苑分馆,1,一号自习区,33-07,2026-05-30 21:05:00,2026-05-30 21:35:00,0,1,gen_20260922_200_30
202201001,南苑分馆,4,电子阅览区,06-21,2026-05-30 21:08:00,2026-05-30 21:38:00,0,1,gen_20260922_200_30
202201002,专业资料室,2,电子阅览区,08-11,2026-05-30 13:25:00,2026-05-30 14:20:00,0,1,gen_20260922_200_30
202303001,南苑分馆,4,电子阅览区,31-13,2026-05-30 15:03:00,2026-05-30 16:07:00,0,1,gen_20260922_200_30
202304001,专业资料室,2,二号自习区,08-19,2026-05-30 15:32:00,2026-05-30 16:50:00,0,1,gen_20260922_200_30
202407001,专业资料室,2,静音研读间,16-23,2026-05-30 19:25:00,2026-05-30 20:51:00,0,1,gen_20260922_200_30
202401002,南苑分馆,3,一号自习区,08-03,2026-05-30 20:11:00,2026-05-30 21:25:00,0,1,gen_20260922_200_30
202201003,中心图书馆,4,报刊阅览室,33-15,2026-05-30 14:18:00,2026-05-30 18:13:00,1,1,gen_20260922_200_30
202104002,专业资料室,2,二号自习区,38-02,2026-05-30 20:53:00,2026-05-30 21:52:00,0,1,gen_20260922_200_30
202307001,中心图书馆,2,报刊阅览室,18-12,2026-05-30 17:40:00,2026-05-30 21:40:00,1,1,gen_20260922_200_30
202307001,专业资料室,5,电子阅览区,32-22,2026-05-30 21:55:00,2026-05-30 22:30:00,0,1,gen_20260922_200_30
202402001,专业资料室,3,三层开架区,24-01,2026-05-30 15:45:00,2026-05-30 16:42:00,0,1,gen_20260922_200_30
202402001,南苑分馆,2,报刊阅览室,25-13,2026-05-30 17:40:00,2026-05-30 19:35:00,0,1,gen_20260922_200_30
202306001,专业资料室,4,电子阅览区,03-16,2026-05-30 15:23:00,2026-05-30 16:08:00,0,1,gen_20260922_200_30
202201005,专业资料室,4,静音研读间,21-10,2026-05-30 15:17:00,2026-05-30 16:52:00,0,1,gen_20260922_200_30
202201006,南苑分馆,4,二号自习区,19-02,2026-05-30 16:38:00,2026-05-30 18:52:00,1,1,gen_20260922_200_30
202402002,专业资料室,3,二号自习区,22-09,2026-05-30 14:46:00,2026-05-30 16:14:00,0,1,gen_20260922_200_30
202303005,中心图书馆,1,一号自习区,10-17,2026-05-30 14:41:00,2026-05-30 17:02:00,0,1,gen_20260922_200_30
202301002,中心图书馆,5,报刊阅览室,24-17,2026-05-30 15:07:00,2026-05-30 16:24:00,0,1,gen_20260922_200_30
202201007,中心图书馆,3,静音研读间,34-15,2026-05-30 21:12:00,2026-05-30 22:23:00,0,1,gen_20260922_200_30
202306002,专业资料室,1,一号自习区,06-14,2026-05-30 17:40:00,2026-05-30 21:18:00,1,1,gen_20260922_200_30
202306002,专业资料室,3,三层开架区,35-02,2026-05-30 21:55:00,2026-05-30 22:30:00,0,1,gen_20260922_200_30
202302004,中心图书馆,5,二号自习区,20-10,2026-05-30 15:13:00,2026-05-30 19:13:00,1,1,gen_20260922_200_30
202302004,专业资料室,4,二号自习区,02-11,2026-05-30 19:32:00,2026-05-30 22:29:00,0,1,gen_20260922_200_30
202201008,中心图书馆,5,一号自习区,26-06,2026-05-30 16:41:00,2026-05-30 18:54:00,1,1,gen_20260922_200_30
202302005,专业资料室,2,二号自习区,37-15,2026-05-30 14:03:00,2026-05-30 14:41:00,0,1,gen_20260922_200_30
202302005,专业资料室,2,一号自习区,31-07,2026-05-30 17:40:00,2026-05-30 18:57:00,0,1,gen_20260922_200_30
202206001,中心图书馆,5,电子阅览区,38-13,2026-05-30 20:12:00,2026-05-30 22:29:00,0,1,gen_20260922_200_30
202403001,中心图书馆,2,报刊阅览室,35-10,2026-05-30 13:00:00,2026-05-30 14:38:00,0,1,gen_20260922_200_30
202401003,专业资料室,4,静音研读间,28-11,2026-05-30 21:33:00,2026-05-30 22:29:00,0,1,gen_20260922_200_30
202301003,中心图书馆,5,报刊阅览室,07-20,2026-05-30 19:59:00,2026-05-30 22:25:00,0,1,gen_20260922_200_30
202201009,中心图书馆,2,一号自习区,15-16,2026-05-30 15:07:00,2026-05-30 19:07:00,1,1,gen_20260922_200_30
202403003,南苑分馆,5,电子阅览区,21-03,2026-05-30 20:14:00,2026-05-30 22:29:00,0,1,gen_20260922_200_30
202204002,南苑分馆,3,二号自习区,05-06,2026-05-30 16:20:00,2026-05-30 16:55:00,0,1,gen_20260922_200_30
202303006,中心图书馆,3,电子阅览区,37-09,2026-05-30 10:50:00,2026-05-30 13:05:00,1,1,gen_20260922_200_30
202203002,中心图书馆,1,一号自习区,03-11,2026-05-30 14:21:00,2026-05-30 16:41:00,0,1,gen_20260922_200_30
202201011,中心图书馆,4,静音研读间,25-20,2026-05-30 13:54:00,2026-05-30 14:47:00,0,1,gen_20260922_200_30
202306003,南苑分馆,2,报刊阅览室,04-07,2026-05-30 15:40:00,2026-05-30 19:25:00,1,1,gen_20260922_200_30
202401004,南苑分馆,4,报刊阅览室,39-13,2026-05-30 21:55:00,2026-05-30 22:30:00,0,1,gen_20260922_200_30
202204003,中心图书馆,4,报刊阅览室,32-20,2026-05-30 19:14:00,2026-05-30 21:33:00,0,1,gen_20260922_200_30
202204003,专业资料室,4,一号自习区,04-18,2026-05-30 21:55:00,2026-05-30 22:30:00,0,1,gen_20260922_200_30
202205002,中心图书馆,4,三层开架区,17-20,2026-05-30 14:41:00,2026-05-30 18:41:00,1,1,gen_20260922_200_30
202407003,专业资料室,3,三层开架区,05-20,2026-05-30 13:50:00,2026-05-30 15:36:00,0,1,gen_20260922_200_30
202301005,专业资料室,1,静音研读间,11-20,2026-05-30 08:29:00,2026-05-30 12:29:00,1,1,gen_20260922_200_30
202101002,专业资料室,2,二号自习区,23-12,2026-05-30 18:45:00,2026-05-30 22:29:00,0,1,gen_20260922_200_30
202304004,中心图书馆,1,一号自习区,34-17,2026-05-30 20:08:00,2026-05-30 21:58:00,0,1,gen_20260922_200_30
202108001,中心图书馆,1,静音研读间,23-20,2026-05-30 16:20:00,2026-05-30 18:47:00,1,1,gen_20260922_200_30
202301006,南苑分馆,3,电子阅览区,04-03,2026-05-30 17:40:00,2026-05-30 19:03:00,0,1,gen_20260922_200_30
202301006,专业资料室,2,静音研读间,28-12,2026-05-30 19:08:00,2026-05-30 20:09:00,0,1,gen_20260922_200_30
202303007,专业资料室,3,一号自习区,32-07,2026-05-30 15:08:00,2026-05-30 17:54:00,1,1,gen_20260922_200_30
202303008,南苑分馆,1,一号自习区,09-22,2026-05-30 17:09:00,2026-05-30 17:46:00,0,1,gen_20260922_200_30
202201013,南苑分馆,3,二号自习区,23-08,2026-05-30 17:40:00,2026-05-30 21:40:00,1,1,gen_20260922_200_30
202201013,中心图书馆,5,一号自习区,01-06,2026-05-30 21:48:00,2026-05-30 22:29:00,0,1,gen_20260922_200_30
202206002,南苑分馆,3,电子阅览区,15-19,2026-05-30 20:16:00,2026-05-30 21:47:00,0,1,gen_20260922_200_30
202308003,专业资料室,4,三层开架区,03-15,2026-05-30 14:02:00,2026-05-30 14:57:00,0,1,gen_20260922_200_30
202203003,中心图书馆,3,一号自习区,35-07,2026-05-30 08:29:00,2026-05-30 12:29:00,1,1,gen_20260922_200_30
202203003,中心图书馆,4,一号自习区,33-22,2026-05-30 17:40:00,2026-05-30 19:43:00,1,1,gen_20260922_200_30
202201014,中心图书馆,2,电子阅览区,31-14,2026-05-30 19:47:00,2026-05-30 21:22:00,0,1,gen_20260922_200_30
202405001,南苑分馆,3,报刊阅览室,14-08,2026-05-30 17:16:00,2026-05-30 18:04:00,0,1,gen_20260922_200_30
202202003,中心图书馆,5,报刊阅览室,21-11,2026-05-30 14:31:00,2026-05-30 17:05:00,0,1,gen_20260922_200_30
202401006,专业资料室,1,静音研读间,08-04,2026-05-30 19:20:00,2026-05-30 20:52:00,0,1,gen_20260922_200_30
202201015,专业资料室,4,报刊阅览室,21-06,2026-05-30 14:49:00,2026-05-30 15:53:00,0,1,gen_20260922_200_30
202201015,专业资料室,3,三层开架区,31-12,2026-05-30 17:40:00,2026-05-30 19:57:00,1,1,gen_20260922_200_30
202307004,专业资料室,2,一号自习区,28-23,2026-05-30 13:55:00,2026-05-30 15:54:00,0,1,gen_20260922_200_30
202204004,中心图书馆,2,二号自习区,30-03,2026-05-30 20:55:00,2026-05-30 22:29:00,0,1,gen_20260922_200_30
202406002,专业资料室,3,一号自习区,28-14,2026-05-30 15:08:00,2026-05-30 16:46:00,0,1,gen_20260922_200_30
202101003,南苑分馆,5,报刊阅览室,06-07,2026-05-30 13:41:00,2026-05-30 14:20:00,0,1,gen_20260922_200_30
202101004,专业资料室,1,三层开架区,35-22,2026-05-30 13:31:00,2026-05-30 15:00:00,0,1,gen_20260922_200_30
202403006,中心图书馆,5,二号自习区,24-07,2026-05-30 14:54:00,2026-05-30 16:33:00,0,1,gen_20260922_200_30
202103001,南苑分馆,1,三层开架区,25-16,2026-05-30 15:44:00,2026-05-30 18:08:00,1,1,gen_20260922_200_30
202403007,专业资料室,2,三层开架区,18-07,2026-05-30 20:21:00,2026-05-30 22:29:00,0,1,gen_20260922_200_30
202203005,中心图书馆,1,电子阅览区,28-16,2026-05-30 17:26:00,2026-05-30 21:26:00,1,1,gen_20260922_200_30
202203005,中心图书馆,1,电子阅览区,25-15,2026-05-30 21:55:00,2026-05-30 22:30:00,0,1,gen_20260922_200_30
202305001,中心图书馆,1,报刊阅览室,17-09,2026-05-30 16:03:00,2026-05-30 16:33:00,0,1,gen_20260922_200_30
202303010,中心图书馆,1,二号自习区,07-01,2026-05-30 16:28:00,2026-05-30 18:37:00,1,1,gen_20260922_200_30
202205004,中心图书馆,4,电子阅览区,09-23,2026-05-30 15:55:00,2026-05-30 19:55:00,1,1,gen_20260922_200_30
202205004,南苑分馆,3,电子阅览区,02-18,2026-05-30 21:11:00,2026-05-30 22:29:00,0,1,gen_20260922_200_30
202201016,中心图书馆,4,静音研读间,02-09,2026-05-30 08:21:00,2026-05-30 11:40:00,0,1,gen_20260922_200_30
202206003,专业资料室,1,静音研读间,07-14,2026-05-30 14:30:00,2026-05-30 16:36:00,0,1,gen_20260922_200_30
202308004,南苑分馆,1,一号自习区,31-23,2026-05-30 21:27:00,2026-05-30 22:29:00,0,1,gen_20260922_200_30
202402003,南苑分馆,2,二号自习区,12-24,2026-05-30 19:38:00,2026-05-30 20:47:00,0,1,gen_20260922_200_30
202204005,南苑分馆,2,静音研读间,19-02,2026-05-30 11:53:00,2026-05-30 15:53:00,1,1,gen_20260922_200_30
202204005,中心图书馆,1,一号自习区,14-06,2026-05-30 21:08:00,2026-05-30 22:29:00,0,1,gen_20260922_200_30
202301007,南苑分馆,1,一号自习区,15-23,2026-05-30 15:38:00,2026-05-30 19:38:00,1,1,gen_20260922_200_30
202303012,专业资料室,3,二号自习区,37-07,2026-05-30 20:51:00,2026-05-30 21:43:00,0,1,gen_20260922_200_30
202102004,专业资料室,3,二号自习区,37-22,2026-05-30 14:03:00,2026-05-30 17:31:00,1,1,gen_20260922_200_30
202402004,中心图书馆,1,电子阅览区,32-18,2026-05-30 17:40:00,2026-05-30 21:40:00,1,1,gen_20260922_200_30
202402004,中心图书馆,1,电子阅览区,19-24,2026-05-30 21:55:00,2026-05-30 22:30:00,0,1,gen_20260922_200_30
202201017,专业资料室,1,一号自习区,29-08,2026-05-30 20:06:00,2026-05-30 21:47:00,0,1,gen_20260922_200_30
202205006,中心图书馆,1,三层开架区,09-07,2026-05-30 14:54:00,2026-05-30 15:38:00,0,1,gen_20260922_200_30
202402005,专业资料室,5,电子阅览区,02-18,2026-05-30 13:47:00,2026-05-30 16:33:00,0,1,gen_20260922_200_30
202306005,专业资料室,3,电子阅览区,11-21,2026-05-30 13:46:00,2026-05-30 17:04:00,0,1,gen_20260922_200_30
202402006,专业资料室,4,报刊阅览室,39-09,2026-05-30 15:02:00,2026-05-30 19:02:00,1,1,gen_20260922_200_30
202203007,专业资料室,2,二号自习区,04-15,2026-05-30 21:55:00,2026-05-30 22:30:00,0,1,gen_20260922_200_30
202202005,专业资料室,2,一号自习区,38-15,2026-05-30 13:50:00,2026-05-30 15:55:00,0,1,gen_20260922_200_30
202202005,中心图书馆,3,一号自习区,35-21,2026-05-30 17:40:00,2026-05-30 19:26:00,0,1,gen_20260922_200_30
202403010,南苑分馆,5,二号自习区,20-14,2026-05-30 19:16:00,2026-05-30 22:29:00,0,1,gen_20260922_200_30
202403012,专业资料室,2,二号自习区,22-23,2026-05-30 19:01:00,2026-05-30 20:09:00,0,1,gen_20260922_200_30
202301009,南苑分馆,4,电子阅览区,03-08,2026-05-30 18:38:00,2026-05-30 20:31:00,0,1,gen_20260922_200_30
202204007,南苑分馆,1,二号自习区,24-15,2026-05-30 20:40:00,2026-05-30 22:29:00,0,1,gen_20260922_200_30
202207002,南苑分馆,3,三层开架区,13-14,2026-05-30 20:14:00,2026-05-30 21:34:00,0,1,gen_20260922_200_30
202201019,专业资料室,5,静音研读间,01-20,2026-05-30 16:55:00,2026-05-30 20:01:00,1,1,gen_20260922_200_30
202203008,南苑分馆,2,一号自习区,14-20,2026-05-30 15:08:00,2026-05-30 18:45:00,1,1,gen_20260922_200_30
202203008,中心图书馆,4,三层开架区,08-12,2026-05-30 19:01:00,2026-05-30 22:29:00,0,1,gen_20260922_200_30
202101005,专业资料室,2,三层开架区,09-18,2026-05-30 19:28:00,2026-05-30 20:21:00,0,1,gen_20260922_200_30
202201020,中心图书馆,4,一号自习区,11-05,2026-05-30 19:16:00,2026-05-30 21:39:00,0,1,gen_20260922_200_30
202401007,专业资料室,2,三层开架区,17-22,2026-05-30 14:50:00,2026-05-30 15:20:00,0,1,gen_20260922_200_30
202202006,专业资料室,5,三层开架区,34-20,2026-05-30 19:36:00,2026-05-30 22:19:00,0,1,gen_20260922_200_30
202304005,南苑分馆,5,报刊阅览室,19-03,2026-05-30 15:05:00,2026-05-30 18:19:00,1,1,gen_20260922_200_30
202304005,南苑分馆,5,电子阅览区,24-12,2026-05-30 19:00:00,2026-05-30 22:29:00,0,1,gen_20260922_200_30
202306006,专业资料室,1,二号自习区,04-12,2026-05-30 17:40:00,2026-05-30 20:02:00,1,1,gen_20260922_200_30
202306006,南苑分馆,3,报刊阅览室,13-23,2026-05-30 20:45:00,2026-05-30 22:29:00,0,1,gen_20260922_200_30
202105002,专业资料室,4,报刊阅览室,16-06,2026-05-30 17:40:00,2026-05-30 19:47:00,1,1,gen_20260922_200_30
202105002,专业资料室,1,报刊阅览室,21-19,2026-05-30 20:18:00,2026-05-30 21:33:00,0,1,gen_20260922_200_30
202304006,南苑分馆,3,一号自习区,27-23,2026-05-30 13:48:00,2026-05-30 14:22:00,0,1,gen_20260922_200_30
202201021,专业资料室,4,一号自习区,12-03,2026-05-30 14:25:00,2026-05-30 16:33:00,0,1,gen_20260922_200_30
202406003,南苑分馆,2,报刊阅览室,32-04,2026-05-30 15:35:00,2026-05-30 19:35:00,1,1,gen_20260922_200_30
202406003,南苑分馆,4,报刊阅览室,03-12,2026-05-30 21:09:00,2026-05-30 22:08:00,0,1,gen_20260922_200_30
202303013,南苑分馆,4,报刊阅览室,02-02,2026-05-30 21:25:00,2026-05-30 22:09:00,0,1,gen_20260922_200_30
202401008,专业资料室,4,静音研读间,28-24,2026-05-30 15:15:00,2026-05-30 19:15:00,1,1,gen_20260922_200_30
202304007,专业资料室,4,一号自习区,05-18,2026-05-30 21:55:00,2026-05-30 22:30:00,0,1,gen_20260922_200_30
202406004,南苑分馆,3,报刊阅览室,33-06,2026-05-30 19:01:00,2026-05-30 21:24:00,0,1,gen_20260922_200_30
202406004,专业资料室,2,三层开架区,11-06,2026-05-30 21:48:00,2026-05-30 22:29:00,0,1,gen_20260922_200_30
202204009,中心图书馆,4,三层开架区,19-06,2026-05-30 14:34:00,2026-05-30 17:07:00,0,1,gen_20260922_200_30
202407004,南苑分馆,3,一号自习区,11-12,2026-05-30 19:56:00,2026-05-30 21:45:00,0,1,gen_20260922_200_30
202108004,专业资料室,3,一号自习区,16-07,2026-05-30 16:33:00,2026-05-30 17:18:00,0,1,gen_20260922_200_30
202108004,专业资料室,2,二号自习区,24-24,2026-05-30 19:26:00,2026-05-30 22:29:00,0,1,gen_20260922_200_30
202205007,中心图书馆,3,二号自习区,29-17,2026-05-30 15:47:00,2026-05-30 18:04:00,1,1,gen_20260922_200_30
202205007,中心图书馆,2,一号自习区,39-22,2026-05-30 21:15:00,2026-05-30 22:29:00,0,1,gen_20260922_200_30
202402010,专业资料室,3,三层开架区,37-08,2026-05-30 16:13:00,2026-05-30 18:01:00,0,1,gen_20260922_200_30
202301010,中心图书馆,3,报刊阅览室,15-22,2026-05-30 14:07:00,2026-05-30 17:10:00,0,1,gen_20260922_200_30
202402011,专业资料室,2,静音研读间,01-20,2026-05-30 15:43:00,2026-05-30 19:43:00,1,1,gen_20260922_200_30
202108005,南苑分馆,4,电子阅览区,29-11,2026-05-30 15:37:00,2026-05-30 16:38:00,0,1,gen_20260922_200_30
202408003,中心图书馆,2,三层开架区,14-20,2026-05-30 14:30:00,2026-05-30 15:44:00,0,1,gen_20260922_200_30
202203010,中心图书馆,5,二号自习区,17-05,2026-05-30 16:21:00,2026-05-30 20:21:00,1,1,gen_20260922_200_30
202203010,南苑分馆,5,报刊阅览室,23-20,2026-05-30 21:17:00,2026-05-30 22:29:00,0,1,gen_20260922_200_30
202306008,南苑分馆,3,报刊阅览室,25-15,2026-05-30 20:14:00,2026-05-30 22:29:00,0,1,gen_20260922_200_30
202302008,专业资料室,1,静音研读间,31-03,2026-05-30 14:24:00,2026-05-30 15:15:00,0,1,gen_20260922_200_30
202302008,专业资料室,4,三层开架区,39-17,2026-05-30 17:40:00,2026-05-30 18:14:00,0,1,gen_20260922_200_30
202304010,中心图书馆,4,静音研读间,17-15,2026-05-30 16:32:00,2026-05-30 17:39:00,0,1,gen_20260922_200_30
202107003,专业资料室,5,二号自习区,20-02,2026-05-30 20:08:00,2026-05-30 21:55:00,0,1,gen_20260922_200_30
202201022,专业资料室,5,报刊阅览室,24-02,2026-05-30 15:48:00,2026-05-30 19:48:00,1,1,gen_20260922_200_30
202201022,专业资料室,5,静音研读间,13-01,2026-05-30 20:14:00,2026-05-30 22:29:00,0,1,gen_20260922_200_30
202401007,专业资料室,2,三层开架区,17-22,2026-05-30 14:50:00,2026-05-30 13:10:00,0,0,gen_20260922_200_30
202104001,南苑分馆,1,一号自习区,33-07,2026-05-30 21:05:00,2026-06-02 18:40:00,0,0,gen_20260922_200_30
